model_family,scenario,method,seed,radius_scale,radius,kappa_eff,success,goal_reached_once,collision,safety_violation,min_clearance,final_goal_distance,time_to_goal_steps,path_length,path_efficiency,mean_speed
dynamic_double_integrator_2d,moving_circle_crossing,paper_pd,0,0.6,0.63,1.5873015873015872,1.0,1.0,0.0,0.0,1.044176688027084,0.1514205745618231,1322.0,14.414887267752679,0.8221391844479745,0.5140877094370901
dynamic_double_integrator_2d,moving_circle_crossing,paper_geometric,0,0.6,0.63,1.5873015873015872,1.0,1.0,0.0,0.0,2.4886554688923845,0.03266784879473001,799.0,14.203912959532138,0.8425429689953426,0.558774392777161
dynamic_double_integrator_2d,moving_circle_crossing,apf,0,0.6,0.63,1.5873015873015872,1.0,1.0,0.0,0.0,1.0721896652133425,0.15098263224925906,1119.0,14.55353094747835,0.8144703847081612,0.6058977124205516
dynamic_double_integrator_2d,moving_circle_crossing,haddadin,0,0.6,0.63,1.5873015873015872,0.0,0.0,1.0,1.0,-0.110760876755581,5.60852178472803,inf,7.608182099593368,0.8693223498952954,1.1562787544766955
dynamic_double_integrator_2d,moving_circle_crossing,sabattini,0,0.6,0.63,1.5873015873015872,0.0,0.0,0.0,1.0,0.010215257888859353,0.15138977284195407,1268.0,15.150357336520429,0.782624529392802,0.561545197975675
dynamic_double_integrator_2d,moving_circle_crossing,paper_pd,1,0.6,0.63,1.5873015873015872,1.0,1.0,0.0,0.0,0.7314622730029886,0.15067555021026438,1343.0,14.79640536117805,0.801074589738196,0.5195655540492122
dynamic_double_integrator_2d,moving_circle_crossing,paper_geometric,1,0.6,0.63,1.5873015873015872,1.0,1.0,0.0,0.0,2.511552840148834,0.03376052573263491,823.0,14.193214494447798,0.843102676316538,0.5484558003319667
dynamic_double_integrator_2d,moving_circle_crossing,apf,1,0.6,0.63,1.5873015873015872,1.0,1.0,0.0,0.0,1.00044976788893,0.15025916689039837,1180.0,15.496188579546729,0.7649411973905865,0.6135000078262165
dynamic_double_integrator_2d,moving_circle_crossing,haddadin,1,0.6,0.63,1.5873015873015872,0.0,0.0,0.0,1.0,0.027533333275349126,0.15041193886070253,1457.0,257.2434791546726,0.04624925273125162,6.5125139436155735
dynamic_double_integrator_2d,moving_circle_crossing,sabattini,1,0.6,0.63,1.5873015873015872,0.0,0.0,0.0,1.0,0.0327594275435944,0.15002218906843984,1018.0,13.333867160063964,0.8929356292728334,0.6028340315645331
dynamic_double_integrator_2d,moving_circle_crossing,paper_pd,2,0.6,0.63,1.5873015873015872,1.0,1.0,0.0,0.0,0.5136601750467901,0.15113584442271427,1371.0,15.164287364726091,0.7824523356533538,0.5222042049988821
dynamic_double_integrator_2d,moving_circle_crossing,paper_geometric,2,0.6,0.63,1.5873015873015872,1.0,1.0,0.0,0.0,2.358079568088721,0.0338324449729088,816.0,14.216741569211656,0.8417038572160962,0.552341271082097
dynamic_double_integrator_2d,moving_circle_crossing,apf,2,0.6,0.63,1.5873015873015872,1.0,1.0,0.0,0.0,1.023912257361106,0.1500528200230972,1439.0,20.375845399844152,0.5819362269700158,0.6720438043629835
dynamic_double_integrator_2d,moving_circle_crossing,haddadin,2,0.6,0.63,1.5873015873015872,1.0,1.0,0.0,0.0,0.06394483308244114,0.03596112273147658,1412.0,106.36782690322009,0.11314830995561502,3.5456116550553882
dynamic_double_integrator_2d,moving_circle_crossing,sabattini,2,0.6,0.63,1.5873015873015872,1.0,1.0,0.0,0.0,1.1297049549398355,0.15074003650267032,1028.0,13.373435633873802,0.8877939923347612,0.6018883160357911
dynamic_double_integrator_2d,moving_circle_crossing,paper_pd,3,0.6,0.63,1.5873015873015872,1.0,1.0,0.0,0.0,0.6479277141153875,0.15021194022994808,1347.0,14.887475785131949,0.7963324446412136,0.5213596446135604
dynamic_double_integrator_2d,moving_circle_crossing,paper_geometric,3,0.6,0.63,1.5873015873015872,1.0,1.0,0.0,0.0,2.4408764175303284,0.033957458390372994,810.0,14.205389580937032,0.8424432372398407,0.5545646075709731
dynamic_double_integrator_2d,moving_circle_crossing,apf,3,0.6,0.63,1.5873015873015872,1.0,1.0,0.0,0.0,0.9995375439343425,0.15130392712952942,1207.0,15.714589160801468,0.754091236991553,0.6106116870952912
dynamic_double_integrator_2d,moving_circle_crossing,haddadin,3,0.6,0.63,1.5873015873015872,0.0,0.0,1.0,1.0,-0.07068739601733431,6.030010575276573,inf,6.584546145020162,0.9432961871478749,1.0590195836095626
dynamic_double_integrator_2d,moving_circle_crossing,sabattini,3,0.6,0.63,1.5873015873015872,0.0,0.0,0.0,1.0,0.04160396939127109,0.1512766867761419,1013.0,13.33247543354064,0.8929906871863965,0.606137777207817
dynamic_double_integrator_2d,moving_circle_crossing,paper_pd,4,0.6,0.63,1.5873015873015872,1.0,1.0,0.0,0.0,1.1533832367920338,0.15043076372190997,1314.0,14.354767329238447,0.8256347388668958,0.514883143706269
dynamic_double_integrator_2d,moving_circle_crossing,paper_geometric,4,0.6,0.63,1.5873015873015872,1.0,1.0,0.0,0.0,2.5308856592772173,0.03296461891829887,795.0,14.196781777074207,0.8429521986030533,0.5602587408984422
dynamic_double_integrator_2d,moving_circle_crossing,apf,4,0.6,0.63,1.5873015873015872,1.0,1.0,0.0,0.0,1.0887301802208582,0.15010499848631506,1109.0,14.200866885040304,0.834661231216321,0.5961814274698829
dynamic_double_integrator_2d,moving_circle_crossing,haddadin,4,0.6,0.63,1.5873015873015872,0.0,0.0,0.0,1.0,0.025603449203075224,0.14669128511201662,1378.0,55.723000329393194,0.21797528862637025,1.936177034283721
dynamic_double_integrator_2d,moving_circle_crossing,sabattini,4,0.6,0.63,1.5873015873015872,1.0,1.0,0.0,0.0,0.4239687225951142,0.15032503847329018,1237.0,14.409218531231517,0.8226775883013987,0.5462241565020413
dynamic_double_integrator_2d,moving_circle_crossing,paper_pd,0,0.8,0.8400000000000001,1.1904761904761905,1.0,1.0,0.0,0.0,1.073845400364353,0.1506331482577043,1336.0,14.41367831851865,0.8221961487806869,0.5089622324640521
dynamic_double_integrator_2d,moving_circle_crossing,paper_geometric,0,0.8,0.8400000000000001,1.1904761904761905,1.0,1.0,0.0,0.0,2.3723471357344934,0.0350938096991665,806.0,14.220636547710962,0.841385030083424,0.5568037843607774
dynamic_double_integrator_2d,moving_circle_crossing,apf,0,0.8,0.8400000000000001,1.1904761904761905,1.0,1.0,0.0,0.0,1.0648600240883932,0.15068537667510673,1139.0,14.756630364998697,0.8033935064939202,0.6042900274308768
dynamic_double_integrator_2d,moving_circle_crossing,haddadin,0,0.8,0.8400000000000001,1.1904761904761905,0.0,0.0,1.0,1.0,-0.2680760746222368,5.950921543138926,inf,6.990980300192297,0.9249547806502288,1.059259455311453
dynamic_double_integrator_2d,moving_circle_crossing,sabattini,0,0.8,0.8400000000000001,1.1904761904761905,0.0,0.0,0.0,1.0,0.0008159750573240032,0.15189488468304982,1447.0,37.12896420273491,0.31921940493132916,1.2310708324800461
dynamic_double_integrator_2d,moving_circle_crossing,paper_pd,1,0.8,0.8400000000000001,1.1904761904761905,1.0,1.0,0.0,0.0,0.7628160751163089,0.1506491996113493,1365.0,14.779038127795527,0.8019695980878225,0.5114138320394123
dynamic_double_integrator_2d,moving_circle_crossing,paper_geometric,1,0.8,0.8400000000000001,1.1904761904761905,1.0,1.0,0.0,0.0,2.4006259502552822,0.034676956782955466,830.0,14.212274423683947,0.8419102451474111,0.5462373574876038
dynamic_double_integrator_2d,moving_circle_crossing,apf,1,0.8,0.8400000000000001,1.1904761904761905,1.0,1.0,0.0,0.0,1.0174887579474092,0.15015212239803474,1226.0,15.878598816529257,0.74629602781391,0.608406913205853
dynamic_double_integrator_2d,moving_circle_crossing,haddadin,1,0.8,0.8400000000000001,1.1904761904761905,1.0,1.0,0.0,0.0,0.07763203391681872,0.1423935954165082,1352.0,56.82703342783429,0.21365214719808842,2.0094715362792757
dynamic_double_integrator_2d,moving_circle_crossing,sabattini,1,0.8,0.8400000000000001,1.1904761904761905,0.0,0.0,1.0,1.0,-0.004791435368509456,6.575128952538406,inf,6.899006947809782,0.91372341491857,0.905489313117229
dynamic_double_integrator_2d,moving_circle_crossing,paper_pd,2,0.8,0.8400000000000001,1.1904761904761905,1.0,1.0,0.0,0.0,0.5801940433781585,0.1509029334399456,1387.0,15.055335376496483,0.7873791380961609,0.5131512653353082
dynamic_double_integrator_2d,moving_circle_crossing,paper_geometric,2,0.8,0.8400000000000001,1.1904761904761905,1.0,1.0,0.0,0.0,2.2192681961775103,0.03509203104659336,821.0,14.234004268761964,0.8405977432452285,0.5508717885914654
dynamic_double_integrator_2d,moving_circle_crossing,apf,2,0.8,0.8400000000000001,1.1904761904761905,1.0,1.0,0.0,0.0,1.0276856826077652,0.15107480810968718,1449.0,20.595779958190857,0.575701942603467,0.6752886133322079
dynamic_double_integrator_2d,moving_circle_crossing,haddadin,2,0.8,0.8400000000000001,1.1904761904761905,0.0,0.0,0.0,1.0,0.03922587890645457,0.06639878824836995,1398.0,89.68472083067921,0.13444876804000985,3.0299068776729943
dynamic_double_integrator_2d,moving_circle_crossing,sabattini,2,0.8,0.8400000000000001,1.1904761904761905,1.0,1.0,0.0,0.0,1.1570353316581055,0.15066050257085206,1045.0,13.45901842336715,0.8819970295787826,0.5966108675447092
dynamic_double_integrator_2d,moving_circle_crossing,paper_pd,3,0.8,0.8400000000000001,1.1904761904761905,1.0,1.0,0.0,0.0,0.7251769044513687,0.15093397094438016,1363.0,14.83578613699494,0.7989774103011872,0.5141490575892669
dynamic_double_integrator_2d,moving_circle_crossing,paper_geometric,3,0.8,0.8400000000000001,1.1904761904761905,1.0,1.0,0.0,0.0,2.311243729930877,0.03341481807569426,816.0,14.225620383292707,0.8412863284089637,0.5523360267206535
dynamic_double_integrator_2d,moving_circle_crossing,apf,3,0.8,0.8400000000000001,1.1904761904761905,1.0,1.0,0.0,0.0,1.0153474282586439,0.15025656133384366,1225.0,15.966836666245326,0.7422481743035982,0.6123233255857593
dynamic_double_integrator_2d,moving_circle_crossing,haddadin,3,0.8,0.8400000000000001,1.1904761904761905,1.0,1.0,0.0,0.0,0.09318775036464644,0.14223036833837552,1347.0,56.47364268936774,0.21445654577630405,2.0027020693049304
dynamic_double_integrator_2d,moving_circle_crossing,sabattini,3,0.8,0.8400000000000001,1.1904761904761905,0.0,0.0,1.0,1.0,-0.005345773180751134,6.58922351945272,inf,6.891083862064678,0.9128235968817958,0.9142757993496015
dynamic_double_integrator_2d,moving_circle_crossing,paper_pd,4,0.8,0.8400000000000001,1.1904761904761905,1.0,1.0,0.0,0.0,1.1623876626058711,0.15079183029676954,1326.0,14.383603707033396,0.8238970378531087,0.5115141687171301
dynamic_double_integrator_2d,moving_circle_crossing,paper_geometric,4,0.8,0.8400000000000001,1.1904761904761905,1.0,1.0,0.0,0.0,2.430225138172789,0.03430166560194617,803.0,14.214432728970916,0.8418143241065369,0.5578731336838005
dynamic_double_integrator_2d,moving_circle_crossing,apf,4,0.8,0.8400000000000001,1.1904761904761905,1.0,1.0,0.0,0.0,1.0818222815130945,0.15004486077565274,1129.0,14.490199115728666,0.8181390248511082,0.5982813308431462
dynamic_double_integrator_2d,moving_circle_crossing,haddadin,4,0.8,0.8400000000000001,1.1904761904761905,0.0,0.0,0.0,1.0,0.012393961145353183,0.15163653628141788,1532.0,15227.153228425053,0.0007853929837022707,292.4923819274368
dynamic_double_integrator_2d,moving_circle_crossing,sabattini,4,0.8,0.8400000000000001,1.1904761904761905,1.0,1.0,0.0,0.0,0.5332626881032911,0.15026637589074957,1241.0,14.446487325515367,0.8203550372355319,0.5459811807561488
dynamic_double_integrator_2d,moving_circle_crossing,paper_pd,0,1.0,1.05,0.9523809523809523,1.0,1.0,0.0,0.0,1.0810775083139068,0.15046642638358865,1348.0,14.437505251512734,0.8208086335931681,0.5055195152792722
dynamic_double_integrator_2d,moving_circle_crossing,paper_geometric,0,1.0,1.05,0.9523809523809523,1.0,1.0,0.0,0.0,2.221793903881652,0.03375616748704181,810.0,14.239950536501949,0.8403401739743412,0.5558189945888073
dynamic_double_integrator_2d,moving_circle_crossing,apf,0,1.0,1.05,0.9523809523809523,1.0,1.0,0.0,0.0,1.058797974465498,0.15066263017517711,1155.0,14.904726854043593,0.7954353503877305,0.6024599417504796
dynamic_double_integrator_2d,moving_circle_crossing,haddadin,0,1.0,1.05,0.9523809523809523,0.0,0.0,1.0,1.0,-0.09501157490674184,5.5541593134851235,inf,7.694923050525668,0.8997514760564265,1.17302670051661
dynamic_double_integrator_2d,moving_circle_crossing,sabattini,0,1.0,1.05,0.9523809523809523,0.0,0.0,0.0,1.0,0.01414421323891002,0.1500773712481509,1292.0,15.32585940886028,0.7734866188424944,0.5581205940904429
dynamic_double_integrator_2d,moving_circle_crossing,paper_pd,1,1.0,1.05,0.9523809523809523,1.0,1.0,0.0,0.0,0.9319450413228632,0.1504906850470539,1366.0,14.565647884448435,0.8135985932527863,0.5036815180702597
dynamic_double_integrator_2d,moving_circle_crossing,paper_geometric,1,1.0,1.05,0.9523809523809523,1.0,1.0,0.0,0.0,2.2513099989245227,0.03546909303153486,833.0,14.230231182657281,0.8407955968605549,0.5456692024846928
dynamic_double_integrator_2d,moving_circle_crossing,apf,1,1.0,1.05,0.9523809523809523,1.0,1.0,0.0,0.0,1.0260919491496219,0.15109202920938097,1241.0,16.16945258916904,0.7328400464177295,0.6129747614599149
dynamic_double_integrator_2d,moving_circle_crossing,haddadin,1,1.0,1.05,0.9523809523809523,0.0,0.0,0.0,1.0,0.006591626163737763,0.1502291076354339,1505.0,2127.0205217447983,0.005636755118318242,44.91176822979185
dynamic_double_integrator_2d,moving_circle_crossing,sabattini,1,1.0,1.05,0.9523809523809523,0.0,0.0,1.0,1.0,-0.007385209944162696,6.954904089308918,inf,6.66338701029176,0.9026782047298779,0.8700011264275799
dynamic_double_integrator_2d,moving_circle_crossing,paper_pd,2,1.0,1.05,0.9523809523809523,1.0,1.0,0.0,0.0,0.6372482426039046,0.15042720298013088,1401.0,15.038023806800862,0.7881678060289304,0.5077159539244547
dynamic_double_integrator_2d,moving_circle_crossing,paper_geometric,2,1.0,1.05,0.9523809523809523,1.0,1.0,0.0,0.0,2.0687674959362177,0.03524436986981647,824.0,14.252732551441438,0.839485335327818,0.5503187374472185
dynamic_double_integrator_2d,moving_circle_crossing,apf,2,1.0,1.05,0.9523809523809523,1.0,1.0,0.0,0.0,1.029027032760699,0.15070828768540415,1466.0,20.834886093928834,0.5689836949510771,0.6755969144737458
dynamic_double_integrator_2d,moving_circle_crossing,haddadin,2,1.0,1.05,0.9523809523809523,0.0,0.0,0.0,1.0,0.03850155822816226,0.15065064045388735,1478.0,506.40326885994057,0.023605535606987447,11.92099321112008
dynamic_double_integrator_2d,moving_circle_crossing,sabattini,2,1.0,1.05,0.9523809523809523,1.0,1.0,0.0,0.0,1.1672579075415193,0.15119333105320787,1056.0,13.508059598163465,0.8786321417782205,0.5935229502023259
dynamic_double_integrator_2d,moving_circle_crossing,paper_pd,3,1.0,1.05,0.9523809523809523,1.0,1.0,0.0,0.0,0.8516537924973802,0.15024383359330032,1370.0,14.681827345064303,0.8072948622262138,0.5063580348308828
dynamic_double_integrator_2d,moving_circle_crossing,paper_geometric,3,1.0,1.05,0.9523809523809523,1.0,1.0,0.0,0.0,2.161120474528924,0.03359372867880443,820.0,14.24296590194176,0.8402517297364315,0.5517243054598407
dynamic_double_integrator_2d,moving_circle_crossing,apf,3,1.0,1.05,0.9523809523809523,1.0,1.0,0.0,0.0,1.0234856825884726,0.15020180002037525,1234.0,16.173716553754872,0.7327673549352304,0.6160042733734261
dynamic_double_integrator_2d,moving_circle_crossing,haddadin,3,1.0,1.05,0.9523809523809523,0.0,0.0,1.0,1.0,-0.23683577784079313,6.391304419701739,inf,6.439812072204845,0.9260973727786751,1.029132226395552
dynamic_double_integrator_2d,moving_circle_crossing,sabattini,3,1.0,1.05,0.9523809523809523,0.0,0.0,1.0,1.0,-0.0058596500453420575,6.8918306948346375,inf,6.609657376514638,0.9076993588244743,0.895963826767744
dynamic_double_integrator_2d,moving_circle_crossing,paper_pd,4,1.0,1.05,0.9523809523809523,1.0,1.0,0.0,0.0,1.1595336230660938,0.15026558704595597,1339.0,14.410446748197861,0.8223644913689089,0.5077738359933115
dynamic_double_integrator_2d,moving_circle_crossing,paper_geometric,4,1.0,1.05,0.9523809523809523,1.0,1.0,0.0,0.0,2.282208116259156,0.0333993556251167,806.0,14.234975790848694,0.8406658000799228,0.5569307710540303
dynamic_double_integrator_2d,moving_circle_crossing,apf,4,1.0,1.05,0.9523809523809523,1.0,1.0,0.0,0.0,1.075534290681089,0.1503064841960323,1145.0,14.681307772277604,0.8075270619416908,0.5982674201128736
dynamic_double_integrator_2d,moving_circle_crossing,haddadin,4,1.0,1.05,0.9523809523809523,1.0,1.0,0.0,0.0,0.06379945726906477,0.1429058432808633,1377.0,57.78765496768157,0.21011868334248127,2.007916250346555
dynamic_double_integrator_2d,moving_circle_crossing,sabattini,4,1.0,1.05,0.9523809523809523,1.0,1.0,0.0,0.0,0.7225235731800521,0.15137400230210032,1260.0,14.493175515840763,0.8175504019536443,0.5403933718543289
dynamic_double_integrator_2d,moving_circle_crossing,paper_pd,0,1.2,1.26,0.7936507936507936,1.0,1.0,0.0,0.0,1.0829671565905257,0.15013553548417016,1352.0,14.478305753395317,0.8184746000671718,0.5055320481235545
dynamic_double_integrator_2d,moving_circle_crossing,paper_geometric,0,1.2,1.26,0.7936507936507936,1.0,1.0,0.0,0.0,2.062315608188867,0.034373239599855915,811.0,14.259077412031987,0.8391726300548447,0.5561314164155722
dynamic_double_integrator_2d,moving_circle_crossing,apf,0,1.2,1.26,0.7936507936507936,1.0,1.0,0.0,0.0,1.054024778464701,0.15117667888071282,1168.0,15.021997006262444,0.7891847020796493,0.6013662574509906
dynamic_double_integrator_2d,moving_circle_crossing,haddadin,0,1.2,1.26,0.7936507936507936,0.0,0.0,1.0,1.0,-0.1443279346870212,6.730188624619143,inf,6.389966514889535,0.9315872430914925,0.9861263302087692
dynamic_double_integrator_2d,moving_circle_crossing,sabattini,0,1.2,1.26,0.7936507936507936,0.0,0.0,1.0,1.0,-0.0007341920374863697,7.817804888752398,inf,6.696800079465126,0.8536157668091631,0.7441035760364914
dynamic_double_integrator_2d,moving_circle_crossing,paper_pd,1,1.2,1.26,0.7936507936507936,1.0,1.0,0.0,0.0,0.9453542387370788,0.1513178087615847,1380.0,14.580607408132582,0.8126787552252651,0.4997062723192625
dynamic_double_integrator_2d,moving_circle_crossing,paper_geometric,1,1.2,1.26,0.7936507936507936,1.0,1.0,0.0,0.0,2.1039979178679253,0.035025614400865275,837.0,14.246229861705517,0.839884906477432,0.544612059627257
dynamic_double_integrator_2d,moving_circle_crossing,apf,1,1.2,1.26,0.7936507936507936,1.0,1.0,0.0,0.0,1.031395542012547,0.1508402451568228,1257.0,16.363906954591073,0.7241059844241857,0.6129111824994228
dynamic_double_integrator_2d,moving_circle_crossing,haddadin,1,1.2,1.26,0.7936507936507936,0.0,0.0,0.0,1.0,0.018817528819105478,0.09349535832439308,1373.0,72.19174477596346,0.1665953718154959,2.4911168527987217
dynamic_double_integrator_2d,moving_circle_crossing,sabattini,1,1.2,1.26,0.7936507936507936,0.0,0.0,1.0,1.0,-0.00011949834758495648,7.3574636512183105,inf,6.657780924332832,0.8840994225059886,0.8240844730787547
dynamic_double_integrator_2d,moving_circle_crossing,paper_pd,2,1.2,1.26,0.7936507936507936,1.0,1.0,0.0,0.0,0.7609216529166669,0.15031295709247713,1406.0,14.888140412565217,0.7960096505177717,0.5009644401415447
dynamic_double_integrator_2d,moving_circle_crossing,paper_geometric,2,1.2,1.26,0.7936507936507936,1.0,1.0,0.0,0.0,0.7934061431183543,0.0058883263802019395,1558.0,31.79134749504966,0.3773938828844942,0.7780682878974826
dynamic_double_integrator_2d,moving_circle_crossing,apf,2,1.2,1.26,0.7936507936507936,1.0,1.0,0.0,0.0,1.0295201394343867,0.15020816850123983,1486.0,21.09159333925353,0.5619817290337188,0.6751637672117475
dynamic_double_integrator_2d,moving_circle_crossing,haddadin,2,1.2,1.26,0.7936507936507936,0.0,0.0,1.0,1.0,-0.33317579379377205,6.446505007339498,inf,6.412827001174874,0.912201281316191,1.021234036563113
dynamic_double_integrator_2d,moving_circle_crossing,sabattini,2,1.2,1.26,0.7936507936507936,1.0,1.0,0.0,0.0,1.1854861188169534,0.15043895083623204,1065.0,13.553022867688703,0.8756802781545058,0.5908258769019252
dynamic_double_integrator_2d,moving_circle_crossing,paper_pd,3,1.2,1.26,0.7936507936507936,1.0,1.0,0.0,0.0,0.925992265432021,0.1503404099639112,1377.0,14.60368320871125,0.8115447866225323,0.5012436126884897
dynamic_double_integrator_2d,moving_circle_crossing,paper_geometric,3,1.2,1.26,0.7936507936507936,1.0,1.0,0.0,0.0,2.023064325742853,0.034709244864458894,823.0,14.260470087618351,0.8391455535463501,0.5511215514934183
dynamic_double_integrator_2d,moving_circle_crossing,apf,3,1.2,1.26,0.7936507936507936,1.0,1.0,0.0,0.0,1.0285392059233784,0.15009707588554108,1248.0,16.336443182823295,0.7254355378711188,0.6156367312680715
dynamic_double_integrator_2d,moving_circle_crossing,haddadin,3,1.2,1.26,0.7936507936507936,0.0,0.0,1.0,1.0,-0.20952208777366876,5.877408511419065,inf,6.968477969765701,0.9404285790862499,1.1279989700318787
dynamic_double_integrator_2d,moving_circle_crossing,sabattini,3,1.2,1.26,0.7936507936507936,0.0,0.0,1.0,1.0,-0.0031421771779946983,7.231362876644113,inf,6.4965360397651235,0.8965548510039477,0.8573999610549397
dynamic_double_integrator_2d,moving_circle_crossing,paper_pd,4,1.2,1.26,0.7936507936507936,1.0,1.0,0.0,0.0,1.1485184911504247,0.15053981187137366,1352.0,14.45427691615129,0.819828322859627,0.5050472268848223
dynamic_double_integrator_2d,moving_circle_crossing,paper_geometric,4,1.2,1.26,0.7936507936507936,1.0,1.0,0.0,0.0,2.1322702425556708,0.03373875056716649,810.0,14.252653813812882,0.839601935878154,0.556316492236737
dynamic_double_integrator_2d,moving_circle_crossing,apf,4,1.2,1.26,0.7936507936507936,1.0,1.0,0.0,0.0,1.0703163254449783,0.15060899475768322,1159.0,14.825208138260066,0.7996827774704459,0.5977976957884044
dynamic_double_integrator_2d,moving_circle_crossing,haddadin,4,1.2,1.26,0.7936507936507936,0.0,0.0,0.0,1.0,0.011301632023342112,0.1511769256093017,1524.0,3381.2812890668292,0.0035310502461330215,69.14686020008428
dynamic_double_integrator_2d,moving_circle_crossing,sabattini,4,1.2,1.26,0.7936507936507936,1.0,1.0,0.0,0.0,0.6915315267439901,0.15035173300784585,1268.0,14.540069660534785,0.8149788261486647,0.5385275695491519
dynamic_double_integrator_2d,moving_circle_crossing,paper_pd,0,1.4,1.47,0.6802721088435374,1.0,1.0,0.0,0.0,1.0815917336372707,0.15077163583132586,1370.0,14.49976706513582,0.8172129887040658,0.5003415862663603
dynamic_double_integrator_2d,moving_circle_crossing,paper_geometric,0,1.4,1.47,0.6802721088435374,1.0,1.0,0.0,0.0,0.7880588944221822,0.0024959943364753104,1631.0,34.01872333053075,0.3527235765798186,0.8034684798156334
dynamic_double_integrator_2d,moving_circle_crossing,apf,0,1.4,1.47,0.6802721088435374,1.0,1.0,0.0,0.0,1.0504617904780071,0.15128729078481376,1176.0,15.096848912523436,0.7851888569855882,0.6009944672526554
dynamic_double_integrator_2d,moving_circle_crossing,haddadin,0,1.4,1.47,0.6802721088435374,0.0,0.0,0.0,1.0,0.04358443720237459,0.15060008988349036,1461.0,254.4853739583666,0.047125986047223796,6.429648965720816
dynamic_double_integrator_2d,moving_circle_crossing,sabattini,0,1.4,1.47,0.6802721088435374,0.0,0.0,1.0,1.0,-0.0031426179494891127,7.920516482648532,inf,6.400391849482514,0.864977576746009,0.7459818128608164
dynamic_double_integrator_2d,moving_circle_crossing,paper_pd,1,1.4,1.47,0.6802721088435374,1.0,1.0,0.0,0.0,0.9477693827973572,0.1500969715540073,1393.0,14.614345437807655,0.8108653567384622,0.4964390983679074
dynamic_double_integrator_2d,moving_circle_crossing,paper_geometric,1,1.4,1.47,0.6802721088435374,1.0,1.0,0.0,0.0,0.7893154722248814,0.0036306273737689676,1678.0,34.582029075648016,0.3469688570895237,0.7990492304480498
dynamic_double_integrator_2d,moving_circle_crossing,apf,1,1.4,1.47,0.6802721088435374,1.0,1.0,0.0,0.0,1.0352221675700564,0.1501120979826076,1271.0,16.53441090600391,0.716702492492163,0.612416019412867
dynamic_double_integrator_2d,moving_circle_crossing,haddadin,1,1.4,1.47,0.6802721088435374,0.0,0.0,1.0,1.0,-0.4758287741786962,6.298581310252223,inf,6.603028959436776,0.9255056483076503,1.0651371899323026
dynamic_double_integrator_2d,moving_circle_crossing,sabattini,1,1.4,1.47,0.6802721088435374,0.0,0.0,1.0,1.0,-0.0016109747701960053,7.646744753642494,inf,6.518075258226134,0.8788660589994944,0.7930531479768416
dynamic_double_integrator_2d,moving_circle_crossing,paper_pd,2,1.4,1.47,0.6802721088435374,1.0,1.0,0.0,0.0,0.7919346800005125,0.1505099261164106,1416.0,14.91358455894107,0.7945943948458523,0.49879957549774306
dynamic_double_integrator_2d,moving_circle_crossing,paper_geometric,2,1.4,1.47,0.6802721088435374,1.0,1.0,0.0,0.0,0.7864928652221301,0.004307040962759638,1587.0,32.584917317468744,0.36822402176728636,0.7859488679669608
dynamic_double_integrator_2d,moving_circle_crossing,apf,2,1.4,1.47,0.6802721088435374,1.0,1.0,0.0,0.0,1.0298735827215773,0.15079548748723576,1503.0,21.35068744395135,0.5550956491346212,0.6760991194551251
dynamic_double_integrator_2d,moving_circle_crossing,haddadin,2,1.4,1.47,0.6802721088435374,0.0,0.0,0.0,1.0,0.016987434521322342,0.10647763155152022,1358.0,66.05323336199065,0.18222845679507016,2.307957935374982
dynamic_double_integrator_2d,moving_circle_crossing,sabattini,2,1.4,1.47,0.6802721088435374,1.0,1.0,0.0,0.0,1.1966477301219929,0.15012689765507986,1082.0,13.641383632395375,0.8699184398577045,0.5864964050230806
dynamic_double_integrator_2d,moving_circle_crossing,paper_pd,3,1.4,1.47,0.6802721088435374,1.0,1.0,0.0,0.0,0.9268829875990925,0.1509764236291879,1390.0,14.642042759934364,0.8093514775739908,0.49845467750053435
dynamic_double_integrator_2d,moving_circle_crossing,paper_geometric,3,1.4,1.47,0.6802721088435374,1.0,1.0,0.0,0.0,0.7874969299343493,0.0036247434191767004,1617.0,33.45861184734321,0.35864870676576827,0.7955579532186038
dynamic_double_integrator_2d,moving_circle_crossing,apf,3,1.4,1.47,0.6802721088435374,1.0,1.0,0.0,0.0,1.0321693923335211,0.15099172682635892,1263.0,16.501817146427566,0.7181292009706384,0.615375570897049
dynamic_double_integrator_2d,moving_circle_crossing,haddadin,3,1.4,1.47,0.6802721088435374,0.0,0.0,1.0,1.0,-0.4452016148424236,6.597972634242298,inf,6.324678373970823,0.9130562539051444,1.0406634932569294
dynamic_double_integrator_2d,moving_circle_crossing,sabattini,3,1.4,1.47,0.6802721088435374,0.0,0.0,1.0,1.0,-0.002212236276541324,7.621541184154579,inf,6.49714789952675,0.881564108889881,0.8084208413629428
dynamic_double_integrator_2d,moving_circle_crossing,paper_pd,4,1.4,1.47,0.6802721088435374,1.0,1.0,0.0,0.0,1.1448394797461574,0.15005954973184635,1361.0,14.476398651042375,0.8185860540726252,0.5026587975116206
dynamic_double_integrator_2d,moving_circle_crossing,paper_geometric,4,1.4,1.47,0.6802721088435374,1.0,1.0,0.0,0.0,0.7929715891131741,0.003167221505309964,1649.0,34.588194295634246,0.34691416089357907,0.8100320611926594
dynamic_double_integrator_2d,moving_circle_crossing,apf,4,1.4,1.47,0.6802721088435374,1.0,1.0,0.0,0.0,1.0662665398711468,0.15115024336773047,1168.0,14.921468519950759,0.7944402917791503,0.5978222450818557
dynamic_double_integrator_2d,moving_circle_crossing,haddadin,4,1.4,1.47,0.6802721088435374,0.0,0.0,0.0,1.0,0.012791368911412304,0.1506844971509365,1946.0,479.7246314228268,0.025050246862260813,11.335652319000928
dynamic_double_integrator_2d,moving_circle_crossing,sabattini,4,1.4,1.47,0.6802721088435374,1.0,1.0,0.0,0.0,0.6970326743755348,0.15115503298266497,1276.0,14.572318815742243,0.8131144621669221,0.5373338323390329
dynamic_double_integrator_2d,moving_circle_crossing,paper_pd,0,1.7,1.785,0.5602240896358543,1.0,1.0,0.0,0.0,1.0795737070837672,0.15119352645260595,1379.0,14.612318085135932,0.8108793735550852,0.5014567669869325
dynamic_double_integrator_2d,moving_circle_crossing,paper_geometric,0,1.7,1.785,0.5602240896358543,1.0,1.0,0.0,0.0,0.783870502371596,0.0010939534360984169,1675.0,35.12298039282476,0.341647943639561,0.8122828977263674
dynamic_double_integrator_2d,moving_circle_crossing,apf,0,1.7,1.785,0.5602240896358543,1.0,1.0,0.0,0.0,1.0474042310453393,0.15128281764847426,1181.0,15.19930076971041,0.7797558388829883,0.6036311705549533
dynamic_double_integrator_2d,moving_circle_crossing,haddadin,0,1.7,1.785,0.5602240896358543,0.0,0.0,1.0,1.0,-0.1315254388644267,7.4383017490532195,inf,5.7973454017668535,0.917508183553576,0.9144286288060167
dynamic_double_integrator_2d,moving_circle_crossing,sabattini,0,1.7,1.785,0.5602240896358543,0.0,0.0,1.0,1.0,-0.002104244887132012,8.237310017533563,inf,6.208871388078099,0.8607914000205859,0.7236600807624
dynamic_double_integrator_2d,moving_circle_crossing,paper_pd,1,1.7,1.785,0.5602240896358543,1.0,1.0,0.0,0.0,0.9492692516868895,0.1504646722604809,1410.0,14.671584583361588,0.8076579633441762,0.49269329084973473
dynamic_double_integrator_2d,moving_circle_crossing,paper_geometric,1,1.7,1.785,0.5602240896358543,1.0,1.0,0.0,0.0,0.7826559655220435,0.002057530082611247,1722.0,35.64426523106935,0.3366448439935248,0.8068150033773821
dynamic_double_integrator_2d,moving_circle_crossing,apf,1,1.7,1.785,0.5602240896358543,1.0,1.0,0.0,0.0,1.0400740415223717,0.15106778140373273,1290.0,16.772443624172613,0.7065442457930712,0.6130579401431328
dynamic_double_integrator_2d,moving_circle_crossing,haddadin,1,1.7,1.785,0.5602240896358543,0.0,0.0,1.0,1.0,-0.2566794207126861,7.029048548600522,inf,5.971646092167439,0.9261211075743758,0.9790930672640876
dynamic_double_integrator_2d,moving_circle_crossing,sabattini,1,1.7,1.785,0.5602240896358543,0.0,0.0,1.0,1.0,-0.00016739646996266622,7.936278865389265,inf,6.2730848344750685,0.8795113172845014,0.7764735708686356
dynamic_double_integrator_2d,moving_circle_crossing,paper_pd,2,1.7,1.785,0.5602240896358543,1.0,1.0,0.0,0.0,0.8770856224824704,0.15027867610495446,1425.0,14.794585659157619,0.8009558284298955,0.49185865716752386
dynamic_double_integrator_2d,moving_circle_crossing,paper_geometric,2,1.7,1.785,0.5602240896358543,1.0,1.0,0.0,0.0,0.7827390017106797,0.0019092757763175356,1638.0,33.872979903332514,0.3542480998778635,0.797023591806445
dynamic_double_integrator_2d,moving_circle_crossing,apf,2,1.7,1.785,0.5602240896358543,1.0,1.0,0.0,0.0,1.0337308919305783,0.15015794380068553,1507.0,21.288667075257333,0.5566940022977935,0.6724317695419717
dynamic_double_integrator_2d,moving_circle_crossing,haddadin,2,1.7,1.785,0.5602240896358543,0.0,0.0,1.0,1.0,-0.4591590690937313,6.025574565557428,inf,6.8523450674360475,0.9346432582296788,1.134580764218134
dynamic_double_integrator_2d,moving_circle_crossing,sabattini,2,1.7,1.785,0.5602240896358543,1.0,1.0,0.0,0.0,1.2212872318176309,0.15101244442546558,1097.0,13.704676657253797,0.8657258238463286,0.5822089807007335
dynamic_double_integrator_2d,moving_circle_crossing,paper_pd,3,1.7,1.785,0.5602240896358543,1.0,1.0,0.0,0.0,0.9287276178112067,0.15042042728144467,1397.0,14.723534101828477,0.8048809312002795,0.4988512793651693
dynamic_double_integrator_2d,moving_circle_crossing,paper_geometric,3,1.7,1.785,0.5602240896358543,1.0,1.0,0.0,0.0,0.7835999026435874,0.003097110837362879,1662.0,34.59373419586688,0.3468888504633015,0.8053140097974447
dynamic_double_integrator_2d,moving_circle_crossing,apf,3,1.7,1.785,0.5602240896358543,1.0,1.0,0.0,0.0,1.0369386320598915,0.15018860429966838,1282.0,16.745662245830992,0.7078004653155324,0.6152908857774537
dynamic_double_integrator_2d,moving_circle_crossing,haddadin,3,1.7,1.785,0.5602240896358543,0.0,0.0,0.0,1.0,0.01725057900129534,0.15029505474980437,1444.0,250.89377136682327,0.047854027445960234,6.426647721102832
dynamic_double_integrator_2d,moving_circle_crossing,sabattini,3,1.7,1.785,0.5602240896358543,0.0,0.0,1.0,1.0,-0.0026192202472501425,7.976709757145089,inf,6.339556308126262,0.8741143202165556,0.782976786809577
dynamic_double_integrator_2d,moving_circle_crossing,paper_pd,4,1.7,1.785,0.5602240896358543,1.0,1.0,0.0,0.0,1.1378958650480187,0.15033471879882365,1377.0,14.508886725587912,0.8167255929037387,0.4982507363626452
dynamic_double_integrator_2d,moving_circle_crossing,paper_geometric,4,1.7,1.785,0.5602240896358543,1.0,1.0,0.0,0.0,0.7852059745261271,0.0025350303256735512,1694.0,35.64810784233432,0.336607505185191,0.8176211596244636
dynamic_double_integrator_2d,moving_circle_crossing,apf,4,1.7,1.785,0.5602240896358543,1.0,1.0,0.0,0.0,1.0623729039855603,0.1503560295028682,1174.0,15.030215179876276,0.788619819128385,0.5997761331671443
dynamic_double_integrator_2d,moving_circle_crossing,haddadin,4,1.7,1.785,0.5602240896358543,0.0,0.0,1.0,1.0,-0.33304050002556274,6.3755548217693025,inf,7.50536461898171,0.8853062673473538,1.1727405212928184
dynamic_double_integrator_2d,moving_circle_crossing,sabattini,4,1.7,1.785,0.5602240896358543,1.0,1.0,0.0,0.0,0.683881663438233,0.15076619842591674,1292.0,14.651096577130906,0.8087780677712268,0.5339384582515748
dynamic_double_integrator_2d,head_on_circle,paper_pd,0,0.6,0.6,1.6666666666666667,1.0,1.0,0.0,0.0,1.3043909495507147,0.15026600544340205,1127.0,14.31061156961484,0.8290222920412553,0.5869870252041888
dynamic_double_integrator_2d,head_on_circle,paper_geometric,0,0.6,0.6,1.6666666666666667,1.0,1.0,0.0,0.0,0.7677716082579481,0.02676845833360852,833.0,15.379255818870988,0.7785568199096972,0.5878970918858671
dynamic_double_integrator_2d,head_on_circle,apf,0,0.6,0.6,1.6666666666666667,0.0,0.0,0.0,0.0,0.8276676979946359,92.93233646996083,inf,91.57493387640226,0.8837826430127002,0.763125549843874
dynamic_double_integrator_2d,head_on_circle,haddadin,0,0.6,0.6,1.6666666666666667,1.0,1.0,0.0,0.0,0.3492234498464042,0.15043773884153105,989.0,13.07016184282657,0.9094663602723225,0.6034300068185527
dynamic_double_integrator_2d,head_on_circle,sabattini,0,0.6,0.6,1.6666666666666667,1.0,1.0,0.0,0.0,0.6846869714262965,0.15080579124861182,1000.0,13.198036316733093,0.9013367890160768,0.6065334752571875
dynamic_double_integrator_2d,head_on_circle,paper_pd,1,0.6,0.6,1.6666666666666667,1.0,1.0,0.0,0.0,1.3253911399960159,0.15095818583556697,1124.0,14.24896437788487,0.8324937924890808,0.5859287004945873
dynamic_double_integrator_2d,head_on_circle,paper_geometric,1,0.6,0.6,1.6666666666666667,1.0,1.0,0.0,0.0,0.7722490650028885,0.02774184929314234,857.0,15.355271240460427,0.7797120156608855,0.5768629924344061
dynamic_double_integrator_2d,head_on_circle,apf,1,0.6,0.6,1.6666666666666667,0.0,0.0,0.0,0.0,0.8284521805318775,92.66911019960605,inf,91.66158262127516,0.8800755194291784,0.763853368661815
dynamic_double_integrator_2d,head_on_circle,haddadin,1,0.6,0.6,1.6666666666666667,1.0,1.0,0.0,0.0,0.3643237312371398,0.1501090284267301,994.0,13.060634867834251,0.9102089884080006,0.5991493800907229
dynamic_double_integrator_2d,head_on_circle,sabattini,1,0.6,0.6,1.6666666666666667,1.0,1.0,0.0,0.0,0.703483175124875,0.15072310050487212,1003.0,13.210383273119612,0.9005339394937815,0.6049086488673588
dynamic_double_integrator_2d,head_on_circle,paper_pd,2,0.6,0.6,1.6666666666666667,1.0,1.0,0.0,0.0,1.2927524815220997,0.1502228868960726,1141.0,14.313942705340017,0.82868830650805,0.5804730516537505
dynamic_double_integrator_2d,head_on_circle,paper_geometric,2,0.6,0.6,1.6666666666666667,1.0,1.0,0.0,0.0,0.7746086603346615,0.026960167157312444,847.0,15.373605240625613,0.7788321978986528,0.5814723142612359
dynamic_double_integrator_2d,head_on_circle,apf,2,0.6,0.6,1.6666666666666667,0.0,0.0,0.0,0.0,0.8290881748260205,92.45631304058105,inf,91.68910605940798,0.8774904448298364,0.7640802400654052
dynamic_double_integrator_2d,head_on_circle,haddadin,2,0.6,0.6,1.6666666666666667,1.0,1.0,0.0,0.0,0.3401830718120884,0.15021258692792208,994.0,13.05959294128165,0.9101287128151213,0.5996380022829724
dynamic_double_integrator_2d,head_on_circle,sabattini,2,0.6,0.6,1.6666666666666667,1.0,1.0,0.0,0.0,0.6789195164962275,0.150686063442852,1008.0,13.216594508715295,0.9001357853311472,0.6024210235714124
dynamic_double_integrator_2d,head_on_circle,paper_pd,3,0.6,0.6,1.6666666666666667,1.0,1.0,0.0,0.0,1.4168919131103164,0.15072157931764815,1087.0,14.016943099920217,0.8465767592967217,0.5935435548243674
dynamic_double_integrator_2d,head_on_circle,paper_geometric,3,0.6,0.6,1.6666666666666667,1.0,1.0,0.0,0.0,0.8249368422771161,0.02951921751629533,839.0,15.201312988400286,0.787563112335143,0.5789744346318207
dynamic_double_integrator_2d,head_on_circle,apf,3,0.6,0.6,1.6666666666666667,1.0,1.0,0.0,0.0,0.8512079107136635,0.15126554046610308,1256.0,19.98197363412192,0.5961168170000797,0.7473645960790282
dynamic_double_integrator_2d,head_on_circle,haddadin,3,0.6,0.6,1.6666666666666667,1.0,1.0,0.0,0.0,0.4522057251056478,0.1506559922151242,1002.0,13.035694774226513,0.9126230593386883,0.5926477472389925
dynamic_double_integrator_2d,head_on_circle,sabattini,3,0.6,0.6,1.6666666666666667,1.0,1.0,0.0,0.0,0.7932125060294991,0.15087985412033475,998.0,13.206280578450338,0.9008012998843631,0.608141631836172
dynamic_double_integrator_2d,head_on_circle,paper_pd,4,0.6,0.6,1.6666666666666667,1.0,1.0,0.0,0.0,1.3473029896441764,0.15070043507581482,1110.0,14.205903672351713,0.8351995225433504,0.5909350411665568
dynamic_double_integrator_2d,head_on_circle,paper_geometric,4,0.6,0.6,1.6666666666666667,1.0,1.0,0.0,0.0,0.7873575014292348,0.02689419726289498,829.0,15.325704792232022,0.7812758547503561,0.587648754199554
dynamic_double_integrator_2d,head_on_circle,apf,4,0.6,0.6,1.6666666666666667,0.0,0.0,0.0,0.0,0.826043082853578,93.03594978061483,inf,91.55683305180548,0.8850892266095511,0.762975064742478
dynamic_double_integrator_2d,head_on_circle,haddadin,4,0.6,0.6,1.6666666666666667,1.0,1.0,0.0,0.0,0.3765505751112296,0.15000298165606074,993.0,13.069480970216176,0.9097488749602338,0.6006275591685896
dynamic_double_integrator_2d,head_on_circle,sabattini,4,0.6,0.6,1.6666666666666667,1.0,1.0,0.0,0.0,0.6669588500320854,0.15069683532455452,998.0,13.189347067383395,0.9018842003758671,0.6072523841931732
dynamic_double_integrator_2d,head_on_circle,paper_pd,0,0.8,0.8,1.25,1.0,1.0,0.0,0.0,1.3303350546160113,0.15099694742867056,1158.0,14.426131099453471,0.8221201430969565,0.5779752886344853
dynamic_double_integrator_2d,head_on_circle,paper_geometric,0,0.8,0.8,1.25,1.0,1.0,0.0,0.0,0.740221413002945,0.028187747581316328,844.0,15.558038092182958,0.7695294678173543,0.5902188997361992
dynamic_double_integrator_2d,head_on_circle,apf,0,0.8,0.8,1.25,0.0,0.0,0.0,0.0,0.8343283116860192,93.13899708365221,inf,91.5026259524966,0.8867395537831078,0.7625229838113244
dynamic_double_integrator_2d,head_on_circle,haddadin,0,0.8,0.8,1.25,1.0,1.0,0.0,0.0,0.2892028709088379,0.15031396673902156,1004.0,13.191075483283605,0.9007899355410809,0.600692513121443
dynamic_double_integrator_2d,head_on_circle,sabattini,0,0.8,0.8,1.25,1.0,1.0,0.0,0.0,0.6054206004509981,0.15129285693857178,999.0,13.180060942921095,0.9022637052356551,0.6068228843362975
dynamic_double_integrator_2d,head_on_circle,paper_pd,1,0.8,0.8,1.25,1.0,1.0,0.0,0.0,1.3185913765508521,0.15049643347277686,1173.0,14.436422597543052,0.8214572704948225,0.5715456934159371
dynamic_double_integrator_2d,head_on_circle,paper_geometric,1,0.8,0.8,1.25,1.0,1.0,0.0,0.0,0.7312105739644699,0.027211419754166254,868.0,15.579127924491672,0.768551102547351,0.5800427975664612
dynamic_double_integrator_2d,head_on_circle,apf,1,0.8,0.8,1.25,0.0,0.0,0.0,0.0,0.8351259309720518,92.87578395004623,inf,91.59105700269134,0.8830096662502379,0.7632656551736138
dynamic_double_integrator_2d,head_on_circle,haddadin,1,0.8,0.8,1.25,1.0,1.0,0.0,0.0,0.29029353726646434,0.151076834779344,1008.0,13.177269504725157,0.901727757020575,0.5979170200938594
dynamic_double_integrator_2d,head_on_circle,sabattini,1,0.8,0.8,1.25,1.0,1.0,0.0,0.0,0.621754905211984,0.1509809885462069,1003.0,13.19181906896575,0.9015262311325494,0.6051670039958373
dynamic_double_integrator_2d,head_on_circle,paper_pd,2,0.8,0.8,1.25,1.0,1.0,0.0,0.0,1.3159611808303613,0.1508822702596963,1180.0,14.425819755779681,0.8219826398837273,0.5679662403236674
dynamic_double_integrator_2d,head_on_circle,paper_geometric,2,0.8,0.8,1.25,1.0,1.0,0.0,0.0,0.7445395377670478,0.026412102761080043,858.0,15.562006098330144,0.7694471092949687,0.5837407669456727
dynamic_double_integrator_2d,head_on_circle,apf,2,0.8,0.8,1.25,0.0,0.0,0.0,0.0,0.8357725861990104,92.66299745195404,inf,91.62008966488,0.8804073338597747,0.7635051034443372
dynamic_double_integrator_2d,head_on_circle,haddadin,2,0.8,0.8,1.25,1.0,1.0,0.0,0.0,0.27540183780571525,0.150852068119407,1009.0,13.173486998660909,0.9019572575770398,0.5971899250726376
dynamic_double_integrator_2d,head_on_circle,sabattini,2,0.8,0.8,1.25,1.0,1.0,0.0,0.0,0.5969167542673355,0.15121287187416627,1007.0,13.198579263235635,0.901064853409097,0.6026987219943882
dynamic_double_integrator_2d,head_on_circle,paper_pd,3,0.8,0.8,1.25,1.0,1.0,0.0,0.0,1.3850002367456289,0.1510715989715591,1124.0,14.235119952975186,0.8332734531794427,0.5859125768726949
dynamic_double_integrator_2d,head_on_circle,paper_geometric,3,0.8,0.8,1.25,1.0,1.0,0.0,0.0,0.7827243872298972,0.028130685363715487,850.0,15.403443244881442,0.7773250996275647,0.5817975419151344
dynamic_double_integrator_2d,head_on_circle,apf,3,0.8,0.8,1.25,1.0,1.0,0.0,0.0,0.8515150468014696,0.15074773308969078,1267.0,20.37796383120655,0.5842287849788873,0.7565152003057843
dynamic_double_integrator_2d,head_on_circle,haddadin,3,0.8,0.8,1.25,1.0,1.0,0.0,0.0,0.35860638932302136,0.1502544655147516,1015.0,13.153813893196704,0.9039940252932072,0.5915633794167264
dynamic_double_integrator_2d,head_on_circle,sabattini,3,0.8,0.8,1.25,1.0,1.0,0.0,0.0,0.6988669716705973,0.1507429988702442,998.0,13.195706433764784,0.9013099437824218,0.6082148432624932
dynamic_double_integrator_2d,head_on_circle,paper_pd,4,0.8,0.8,1.25,1.0,1.0,0.0,0.0,1.3143512850126429,0.15070841896463685,1169.0,14.46748498610953,0.8197701366861172,0.5750262203259899
dynamic_double_integrator_2d,head_on_circle,paper_geometric,4,0.8,0.8,1.25,1.0,1.0,0.0,0.0,0.7540954846940948,0.02718927681173719,839.0,15.508577357389612,0.7720523681741152,0.5901351626591297
dynamic_double_integrator_2d,head_on_circle,apf,4,0.8,0.8,1.25,0.0,0.0,0.0,0.0,0.8340150355014344,93.24260523859498,inf,91.4826932612619,0.8880654807563644,0.7623572331546136
dynamic_double_integrator_2d,head_on_circle,haddadin,4,0.8,0.8,1.25,1.0,1.0,0.0,0.0,0.29997862377010365,0.15112630173170674,1006.0,13.181745639273924,0.9015707074925877,0.5997234011176634
dynamic_double_integrator_2d,head_on_circle,sabattini,4,0.8,0.8,1.25,1.0,1.0,0.0,0.0,0.5834590202804109,0.15119130548399995,997.0,13.171290676152307,0.9028277310106348,0.6075399166718009
dynamic_double_integrator_2d,head_on_circle,paper_pd,0,1.0,1.0,1.0,1.0,1.0,0.0,0.0,1.1512293062513184,0.15086395631622931,1245.0,14.486856732101137,0.8185073981276154,0.5438058872734407
dynamic_double_integrator_2d,head_on_circle,paper_geometric,0,1.0,1.0,1.0,1.0,1.0,0.0,0.0,0.7043888641793812,0.027276418696190772,855.0,15.787748817504088,0.7583984701201751,0.5935293579837354
dynamic_double_integrator_2d,head_on_circle,apf,0,1.0,1.0,1.0,0.0,0.0,0.0,0.0,0.8379726168427055,93.3426413888089,inf,91.4426786591115,0.8895478916790263,0.7620234230331157
dynamic_double_integrator_2d,head_on_circle,haddadin,0,1.0,1.0,1.0,1.0,1.0,0.0,0.0,0.19694602474000322,0.15034103970772061,1003.0,13.38292495193078,0.8880403096920456,0.6105409241238159
dynamic_double_integrator_2d,head_on_circle,sabattini,0,1.0,1.0,1.0,1.0,1.0,0.0,0.0,0.4885736310239799,0.15007033057426014,999.0,13.166914967610214,0.9030235490068821,0.606217636854214
dynamic_double_integrator_2d,head_on_circle,paper_pd,1,1.0,1.0,1.0,1.0,1.0,0.0,0.0,1.1083779617028044,0.15042420540254983,1256.0,14.471709915918538,0.8193524355820152,0.5388135344029052
dynamic_double_integrator_2d,head_on_circle,paper_geometric,1,1.0,1.0,1.0,1.0,1.0,0.0,0.0,0.694327044128813,0.026556876656847375,879.0,15.813025492456829,0.7572321586761538,0.583967766270323
dynamic_double_integrator_2d,head_on_circle,apf,1,1.0,1.0,1.0,0.0,0.0,0.0,0.0,0.8387768983587165,93.07943491743289,inf,91.53299963953333,0.8857946309010967,0.762781843813968
dynamic_double_integrator_2d,head_on_circle,haddadin,1,1.0,1.0,1.0,1.0,1.0,0.0,0.0,0.19885695776410772,0.15094638151965353,1008.0,13.364181658867443,0.8891893811661582,0.6063976078498606
dynamic_double_integrator_2d,head_on_circle,sabattini,1,1.0,1.0,1.0,1.0,1.0,0.0,0.0,0.5037815599294988,0.15099543116302044,1002.0,13.178094724033517,0.9022560770734315,0.6050925776940771
dynamic_double_integrator_2d,head_on_circle,paper_pd,2,1.0,1.0,1.0,1.0,1.0,0.0,0.0,1.1231243366627992,0.15039705725532077,1256.0,14.453613296513327,0.8203386508871537,0.5377282754819499
dynamic_double_integrator_2d,head_on_circle,paper_geometric,2,1.0,1.0,1.0,1.0,1.0,0.0,0.0,0.7076208449882582,0.027330697215440063,869.0,15.788681513435174,0.7583522706499306,0.5873959918852918
dynamic_double_integrator_2d,head_on_circle,apf,2,1.0,1.0,1.0,0.0,0.0,0.0,0.0,0.8394289587964607,92.86665382455149,inf,91.56352399113354,0.8831754361781415,0.7630337228297824
dynamic_double_integrator_2d,head_on_circle,haddadin,2,1.0,1.0,1.0,1.0,1.0,0.0,0.0,0.18903623384294788,0.15069889098793526,1008.0,13.393728907751766,0.8874454520654054,0.6071736924838271
dynamic_double_integrator_2d,head_on_circle,sabattini,2,1.0,1.0,1.0,1.0,1.0,0.0,0.0,0.478343432585667,0.1511887489598207,1007.0,13.184788752945112,0.9018008547574279,0.6026193556392407
dynamic_double_integrator_2d,head_on_circle,paper_pd,3,1.0,1.0,1.0,1.0,1.0,0.0,0.0,1.328040920599875,0.1510207808139115,1188.0,14.421377349012904,0.8222075481090815,0.5652011369139571
dynamic_double_integrator_2d,head_on_circle,paper_geometric,3,1.0,1.0,1.0,1.0,1.0,0.0,0.0,0.737887934088429,0.0275455916770343,860.0,15.627452945994628,0.7662277648676645,0.5853935809373021
dynamic_double_integrator_2d,head_on_circle,apf,3,1.0,1.0,1.0,1.0,1.0,0.0,0.0,0.8502643659444764,0.15047766005227636,1275.0,20.725228899947467,0.5741288049676804,0.7659935168137031
dynamic_double_integrator_2d,head_on_circle,haddadin,3,1.0,1.0,1.0,1.0,1.0,0.0,0.0,0.25142904183889336,0.1509164374242144,1020.0,13.276695356585975,0.8952669399272006,0.5954821085927046
dynamic_double_integrator_2d,head_on_circle,sabattini,3,1.0,1.0,1.0,1.0,1.0,0.0,0.0,0.5855884603744632,0.1504230222441108,997.0,13.187905106024873,0.9017030486155819,0.6084160872258385
dynamic_double_integrator_2d,head_on_circle,paper_pd,4,1.0,1.0,1.0,1.0,1.0,0.0,0.0,1.1268782826016213,0.15116576959521383,1248.0,14.492044071419489,0.8182109490866437,0.5431866112710569
dynamic_double_integrator_2d,head_on_circle,paper_geometric,4,1.0,1.0,1.0,1.0,1.0,0.0,0.0,0.6940504876591063,0.025475755103938957,853.0,15.828574219109184,0.7565609057224348,0.5955135040030668
dynamic_double_integrator_2d,head_on_circle,apf,4,1.0,1.0,1.0,0.0,0.0,0.0,0.0,0.8376567254387055,93.44624692853225,inf,91.42202997889827,0.8908822483907572,0.7618517058015847
dynamic_double_integrator_2d,head_on_circle,haddadin,4,1.0,1.0,1.0,1.0,1.0,0.0,0.0,0.20425480213487068,0.1505913767435469,1004.0,13.34876038014881,0.8902146093464016,0.608429129327308
dynamic_double_integrator_2d,head_on_circle,sabattini,4,1.0,1.0,1.0,1.0,1.0,0.0,0.0,0.4941593662143826,0.15108689626941524,1002.0,13.206459010882567,0.900087508780459,0.606922505890392
dynamic_double_integrator_2d,head_on_circle,paper_pd,0,1.2,1.2,0.8333333333333334,1.0,1.0,0.0,0.0,0.9340712907837203,0.15129185287725055,1281.0,14.609389804869918,0.811621286606486,0.5343643712411572
dynamic_double_integrator_2d,head_on_circle,paper_geometric,0,1.2,1.2,0.8333333333333334,1.0,1.0,0.0,0.0,0.6639308824986692,0.02516119280600879,860.0,16.046295222692518,0.7463154690314754,0.6005399448935562
dynamic_double_integrator_2d,head_on_circle,apf,0,1.2,1.2,0.8333333333333334,0.0,0.0,0.0,0.0,0.840161039803067,93.54482981176926,inf,91.38730210405488,0.8922993518209522,0.7615619517409769
dynamic_double_integrator_2d,head_on_circle,haddadin,0,1.2,1.2,0.8333333333333334,1.0,1.0,0.0,0.0,0.08543612274253043,0.13106842369774027,1352.0,60.70579932146536,0.1997122065328292,2.140547652550374
dynamic_double_integrator_2d,head_on_circle,sabattini,0,1.2,1.2,0.8333333333333334,1.0,1.0,0.0,0.0,0.41639126271384863,0.15075377261321168,1009.0,13.250533310135706,0.8968712420725664,0.6056062803930072
dynamic_double_integrator_2d,head_on_circle,paper_pd,1,1.2,1.2,0.8333333333333334,1.0,1.0,0.0,0.0,0.913031815481917,0.15025760790144954,1289.0,14.619379237485287,0.8110694030864376,0.5312572985330226
dynamic_double_integrator_2d,head_on_circle,paper_geometric,1,1.2,1.2,0.8333333333333334,1.0,1.0,0.0,0.0,0.6558796572638592,0.02532497578538825,885.0,16.072857003274077,0.7450738738883155,0.590509868531139
dynamic_double_integrator_2d,head_on_circle,apf,1,1.2,1.2,0.8333333333333334,0.0,0.0,0.0,0.0,0.8409689670445488,93.28162698611872,inf,91.47930341223243,0.8885248209822125,0.7623343752531243
dynamic_double_integrator_2d,head_on_circle,haddadin,1,1.2,1.2,0.8333333333333334,1.0,1.0,0.0,0.0,0.10070022399787049,0.15011491455123493,1321.0,42.43746364187717,0.2856993933737422,1.5287566736318723
dynamic_double_integrator_2d,head_on_circle,sabattini,1,1.2,1.2,0.8333333333333334,1.0,1.0,0.0,0.0,0.4009739974967057,0.15057086406400194,1007.0,13.21568643481678,0.8994245924212921,0.6045978066313025
dynamic_double_integrator_2d,head_on_circle,paper_pd,2,1.2,1.2,0.8333333333333334,1.0,1.0,0.0,0.0,0.9092048418346417,0.1508819161318225,1293.0,14.614990219177054,0.8112460828747783,0.5299315796816004
dynamic_double_integrator_2d,head_on_circle,paper_geometric,2,1.2,1.2,0.8333333333333334,1.0,1.0,0.0,0.0,0.6705535410202863,0.024100098108988333,875.0,16.044481474711286,0.7464662048987416,0.5938195493394809
dynamic_double_integrator_2d,head_on_circle,apf,2,1.2,1.2,0.8333333333333334,0.0,0.0,0.0,0.0,0.841623984362019,93.06884885011705,inf,91.5114240709884,0.8858877575550284,0.7625995568285736
dynamic_double_integrator_2d,head_on_circle,haddadin,2,1.2,1.2,0.8333333333333334,1.0,1.0,0.0,0.0,0.07621087315545916,0.06471635775176648,1396.0,89.69035812517265,0.13438692667976385,3.032146074158686
dynamic_double_integrator_2d,head_on_circle,sabattini,2,1.2,1.2,0.8333333333333334,1.0,1.0,0.0,0.0,0.3750936410143535,0.15093878808815517,1012.0,13.222409369153032,0.8989576882738187,0.6021371638248867
dynamic_double_integrator_2d,head_on_circle,paper_pd,3,1.2,1.2,0.8333333333333334,1.0,1.0,0.0,0.0,1.0606599002216124,0.1504254794479156,1258.0,14.505996833864513,0.8175430745834241,0.5393513940109976
dynamic_double_integrator_2d,head_on_circle,paper_geometric,3,1.2,1.2,0.8333333333333334,1.0,1.0,0.0,0.0,0.6957927471604957,0.025791344080160643,866.0,15.876603354151163,0.7543195943390039,0.5920640946749626
dynamic_double_integrator_2d,head_on_circle,apf,3,1.2,1.2,0.8333333333333334,1.0,1.0,0.0,0.0,0.8485197788535428,0.15066053827250386,1279.0,21.034811244800277,0.5654604861651235,0.7757141190940843
dynamic_double_integrator_2d,head_on_circle,haddadin,3,1.2,1.2,0.8333333333333334,1.0,1.0,0.0,0.0,0.15388805239110037,0.15001268902366477,1141.0,17.878884530178485,0.6776732217202303,0.7152576078083933
dynamic_double_integrator_2d,head_on_circle,sabattini,3,1.2,1.2,0.8333333333333334,1.0,1.0,0.0,0.0,0.4559999073980956,0.1510244676553371,996.0,13.181189131962507,0.9020009093503248,0.6092303510625614
dynamic_double_integrator_2d,head_on_circle,paper_pd,4,1.2,1.2,0.8333333333333334,1.0,1.0,0.0,0.0,0.9380608084364426,0.15078722747782594,1273.0,14.654994122565371,0.8091831013178922,0.5391894348733529
dynamic_double_integrator_2d,head_on_circle,paper_geometric,4,1.2,1.2,0.8333333333333334,1.0,1.0,0.0,0.0,0.6574219114163335,0.024822558758572134,859.0,16.09443987556301,0.7441106851048946,0.6027945540395252
dynamic_double_integrator_2d,head_on_circle,apf,4,1.2,1.2,0.8333333333333334,0.0,0.0,0.0,0.0,0.8398437169278765,93.64843392002142,inf,91.36591823059481,0.8936423138016804,0.761384107899053
dynamic_double_integrator_2d,head_on_circle,haddadin,4,1.2,1.2,0.8333333333333334,1.0,1.0,0.0,0.0,0.12075694089629363,0.15062576382138962,1313.0,42.1260170346489,0.28780589233900905,1.5263112953601885
dynamic_double_integrator_2d,head_on_circle,sabattini,4,1.2,1.2,0.8333333333333334,1.0,1.0,0.0,0.0,0.39045360226961323,0.15072192030015474,1007.0,13.24458165058936,0.8972568242256173,0.6064448886392712
dynamic_double_integrator_2d,head_on_circle,paper_pd,0,1.4,1.4,0.7142857142857143,1.0,1.0,0.0,0.0,0.7162557543146852,0.15063471602292244,1306.0,14.834578632690185,0.7994368887393254,0.5328559891362602
dynamic_double_integrator_2d,head_on_circle,paper_geometric,0,1.4,1.4,0.7142857142857143,1.0,1.0,0.0,0.0,0.6368144241149176,0.023843313576106574,871.0,16.327950322630567,0.7335288901873365,0.6060906617481023
dynamic_double_integrator_2d,head_on_circle,apf,0,1.4,1.4,0.7142857142857143,1.0,1.0,0.0,0.0,0.8497356907335529,0.15114890989748947,1421.0,24.438383650094753,0.4865012199292071,0.8178887468192138
dynamic_double_integrator_2d,head_on_circle,haddadin,0,1.4,1.4,0.7142857142857143,1.0,1.0,0.0,0.0,0.0799117138544494,0.08572627668464769,1360.0,78.06356181709512,0.15441735212832425,2.714314809525673
dynamic_double_integrator_2d,head_on_circle,sabattini,0,1.4,1.4,0.7142857142857143,1.0,1.0,0.0,0.0,0.27188214375874353,0.15036139893421677,1008.0,13.242774940986235,0.8973062923626428,0.6058054458302621
dynamic_double_integrator_2d,head_on_circle,paper_pd,1,1.4,1.4,0.7142857142857143,1.0,1.0,0.0,0.0,0.7033484828218826,0.1502462754113671,1291.0,14.90295448091714,0.7958580598208712,0.5403834698716692
dynamic_double_integrator_2d,head_on_circle,paper_geometric,1,1.4,1.4,0.7142857142857143,1.0,1.0,0.0,0.0,0.6260922473414574,0.02436610879820102,895.0,16.353486980341906,0.7323541703105653,0.5964372209513278
dynamic_double_integrator_2d,head_on_circle,apf,1,1.4,1.4,0.7142857142857143,1.0,1.0,0.0,0.0,0.8520573859428717,0.1511585895983089,1403.0,23.701406990283395,0.5020409358088282,0.8018345266720872
dynamic_double_integrator_2d,head_on_circle,haddadin,1,1.4,1.4,0.7142857142857143,1.0,1.0,0.0,0.0,0.08778015693861496,0.15002126954211006,1313.0,43.72875287915199,0.27766697592101314,1.584404873090412
dynamic_double_integrator_2d,head_on_circle,sabattini,1,1.4,1.4,0.7142857142857143,1.0,1.0,0.0,0.0,0.2860205407125276,0.15125249005304925,1011.0,13.254836331677541,0.8964925485501544,0.6047289210684791
dynamic_double_integrator_2d,head_on_circle,paper_pd,2,1.4,1.4,0.7142857142857143,1.0,1.0,0.0,0.0,0.7353102917177825,0.15116278223408133,1321.0,14.818832749681135,0.8000921156570515,0.5266295486184291
dynamic_double_integrator_2d,head_on_circle,paper_geometric,2,1.4,1.4,0.7142857142857143,1.0,1.0,0.0,0.0,0.6418594936267015,0.02406628693127949,885.0,16.325185008593,0.7336426956361468,0.5997688375104516
dynamic_double_integrator_2d,head_on_circle,apf,2,1.4,1.4,0.7142857142857143,1.0,1.0,0.0,0.0,0.8556492302632184,0.15067133799543414,1439.0,24.70625183726144,0.48116192672596625,0.817022969103933
dynamic_double_integrator_2d,head_on_circle,haddadin,2,1.4,1.4,0.7142857142857143,1.0,1.0,0.0,0.0,0.09775376745602582,0.15142963883080462,1306.0,39.92216555292403,0.30346605376141317,1.4517341200496592
dynamic_double_integrator_2d,head_on_circle,sabattini,2,1.4,1.4,0.7142857142857143,1.0,1.0,0.0,0.0,0.259663360940221,0.1503960574930389,1016.0,13.2627985065644,0.8960233082577694,0.6017840859803019
dynamic_double_integrator_2d,head_on_circle,paper_pd,3,1.4,1.4,0.7142857142857143,1.0,1.0,0.0,0.0,0.8584304200093573,0.1509401734160428,1282.0,14.716644216558219,0.8058819721541701,0.5375894770485585
dynamic_double_integrator_2d,head_on_circle,paper_geometric,3,1.4,1.4,0.7142857142857143,1.0,1.0,0.0,0.0,0.6630760722432769,0.024670000995972205,875.0,16.143952167166848,0.7419042777889233,0.5975761595928262
dynamic_double_integrator_2d,head_on_circle,apf,3,1.4,1.4,0.7142857142857143,1.0,1.0,0.0,0.0,0.8482031040057874,0.15098230079821937,1286.0,21.552244345824885,0.5511789173622735,0.7918736227353514
dynamic_double_integrator_2d,head_on_circle,haddadin,3,1.4,1.4,0.7142857142857143,1.0,1.0,0.0,0.0,0.09263471659312605,0.14711627858130033,1343.0,55.03582391534672,0.22043149920549562,1.960056252862466
dynamic_double_integrator_2d,head_on_circle,sabattini,3,1.4,1.4,0.7142857142857143,1.0,1.0,0.0,0.0,0.3693522092532837,0.15060111930648606,1005.0,13.264971276059688,0.8959707982291497,0.6086021532610546
dynamic_double_integrator_2d,head_on_circle,paper_pd,4,1.4,1.4,0.7142857142857143,1.0,1.0,0.0,0.0,0.7081412718159998,0.15076720530376814,1301.0,14.885948716518211,0.7967269427001287,0.5366302607718287
dynamic_double_integrator_2d,head_on_circle,paper_geometric,4,1.4,1.4,0.7142857142857143,1.0,1.0,0.0,0.0,0.6264082165698595,0.02312201879506684,868.0,16.367482885441216,0.7318066818721672,0.6084631079083093
dynamic_double_integrator_2d,head_on_circle,apf,4,1.4,1.4,0.7142857142857143,1.0,1.0,0.0,0.0,0.8464065587468017,0.15095376120945525,1326.0,22.231807087864183,0.5350801534101345,0.7928666834934561
dynamic_double_integrator_2d,head_on_circle,haddadin,4,1.4,1.4,0.7142857142857143,1.0,1.0,0.0,0.0,0.0886448547924441,0.15147313361552367,1299.0,40.729144976102646,0.2976227481512299,1.489733712267555
dynamic_double_integrator_2d,head_on_circle,sabattini,4,1.4,1.4,0.7142857142857143,1.0,1.0,0.0,0.0,0.2772544770345817,0.1502980086307946,1013.0,13.292700708184102,0.8939564474605906,0.6053221960599477
dynamic_double_integrator_2d,head_on_circle,paper_pd,0,1.7,1.7,0.5882352941176471,1.0,1.0,0.0,0.0,0.5328307318474022,0.15072933831721008,1323.0,15.335063028474337,0.7734221773125154,0.5441871942277374
dynamic_double_integrator_2d,head_on_circle,paper_geometric,0,1.7,1.7,0.5882352941176471,1.0,1.0,0.0,0.0,0.5849049328766329,0.022830829114071867,887.0,16.763462657740348,0.7145430998476419,0.6145012742889896
dynamic_double_integrator_2d,head_on_circle,apf,0,1.7,1.7,0.5882352941176471,1.0,1.0,0.0,0.0,0.8439440127419078,0.15031387450123232,1321.0,22.231786454250557,0.5353440829815671,0.7957021674700744
dynamic_double_integrator_2d,head_on_circle,haddadin,0,1.7,1.7,0.5882352941176471,0.0,0.0,0.0,1.0,0.04479750387116832,0.07985303939123296,1408.0,169.22743883117116,0.07082233638763992,5.58875729643443
dynamic_double_integrator_2d,head_on_circle,sabattini,0,1.7,1.7,0.5882352941176471,1.0,1.0,0.0,0.0,0.1026515661825218,0.15022628719127173,1020.0,13.337840588256654,0.8907000763976305,0.6040748502318812
dynamic_double_integrator_2d,head_on_circle,paper_pd,1,1.7,1.7,0.5882352941176471,1.0,1.0,0.0,0.0,0.5228327027915001,0.15025100184157653,1333.0,15.387453579655283,0.7707581286411989,0.5418406759788315
dynamic_double_integrator_2d,head_on_circle,paper_geometric,1,1.7,1.7,0.5882352941176471,1.0,1.0,0.0,0.0,0.5745213278627685,0.022661094973046633,912.0,16.7958717216482,0.7131755361345844,0.6046325896253301
dynamic_double_integrator_2d,head_on_circle,apf,1,1.7,1.7,0.5882352941176471,1.0,1.0,0.0,0.0,0.8459105970812926,0.1502544773269633,1321.0,22.17104111347716,0.5367258888859858,0.7935527105089708
dynamic_double_integrator_2d,head_on_circle,haddadin,1,1.7,1.7,0.5882352941176471,0.0,0.0,0.0,1.0,0.04613439019696486,0.02309693917481916,1397.0,131.28208666816474,0.09146613137469901,4.390732718605629
dynamic_double_integrator_2d,head_on_circle,sabattini,1,1.7,1.7,0.5882352941176471,1.0,1.0,0.0,0.0,0.1162007342306659,0.15115928643845972,1023.0,13.349231037132453,0.8899369739856466,0.6029834080973785
dynamic_double_integrator_2d,head_on_circle,paper_pd,2,1.7,1.7,0.5882352941176471,1.0,1.0,0.0,0.0,0.5350130878334569,0.1504353882620757,1335.0,15.308376642355016,0.7746897099767793,0.5382876016454471
dynamic_double_integrator_2d,head_on_circle,paper_geometric,2,1.7,1.7,0.5882352941176471,1.0,1.0,0.0,0.0,0.5904411422146982,0.021991473799963183,902.0,16.761637859306294,0.7146717327804561,0.6077650691714201
dynamic_double_integrator_2d,head_on_circle,apf,2,1.7,1.7,0.5882352941176471,1.0,1.0,0.0,0.0,0.8493720470606203,0.15141856632804274,1340.0,22.390888002158285,0.5316498146129286,0.7906571592725903
dynamic_double_integrator_2d,head_on_circle,haddadin,2,1.7,1.7,0.5882352941176471,0.0,0.0,0.0,1.0,0.03263029269438977,0.15001830738113853,1453.0,362.7499621333503,0.03294644495894479,8.890943256906645
dynamic_double_integrator_2d,head_on_circle,sabattini,2,1.7,1.7,0.5882352941176471,1.0,1.0,0.0,0.0,0.09713025747769732,0.1503440336516988,1027.0,13.355188936488991,0.8896188335622869,0.6005266045382418
dynamic_double_integrator_2d,head_on_circle,paper_pd,3,1.7,1.7,0.5882352941176471,1.0,1.0,0.0,0.0,0.4827404101460837,0.1506545339522554,1335.0,15.606181336884141,0.7600167763112864,0.5492166432764064
dynamic_double_integrator_2d,head_on_circle,paper_geometric,3,1.7,1.7,0.5882352941176471,1.0,1.0,0.0,0.0,0.5508154178751512,0.021489733351847656,902.0,16.965357652274403,0.7061832644065988,0.6147794680183235
dynamic_double_integrator_2d,head_on_circle,apf,3,1.7,1.7,0.5882352941176471,1.0,1.0,0.0,0.0,0.8468738055616225,0.15055280649221917,1295.0,21.817721442165123,0.5449508169692568,0.7963604783648333
dynamic_double_integrator_2d,head_on_circle,haddadin,3,1.7,1.7,0.5882352941176471,1.0,1.0,0.0,0.0,0.07157147427032595,0.09195181476466165,1349.0,75.54768617768882,0.15966058112095272,2.650885678691926
dynamic_double_integrator_2d,head_on_circle,sabattini,3,1.7,1.7,0.5882352941176471,1.0,1.0,0.0,0.0,0.17043816295347103,0.1508996120984979,1011.0,13.307428460456052,0.8929610311131154,0.6077618322140353
dynamic_double_integrator_2d,head_on_circle,paper_pd,4,1.7,1.7,0.5882352941176471,1.0,1.0,0.0,0.0,0.5119008703094832,0.1504759670243112,1324.0,15.343478326697145,0.7730125770318781,0.5441011717726763
dynamic_double_integrator_2d,head_on_circle,paper_geometric,4,1.7,1.7,0.5882352941176471,1.0,1.0,0.0,0.0,0.5754631134400141,0.02204469287789893,886.0,16.816874096949377,0.7123254677860218,0.6169130159296294
dynamic_double_integrator_2d,head_on_circle,apf,4,1.7,1.7,0.5882352941176471,1.0,1.0,0.0,0.0,0.8420353305673884,0.15048019253335967,1306.0,22.038664452507778,0.5397792665188142,0.7973530813965312
dynamic_double_integrator_2d,head_on_circle,haddadin,4,1.7,1.7,0.5882352941176471,1.0,1.0,0.0,0.0,0.06355404438834489,0.12414977469439617,1336.0,63.855943475583,0.18973882467948397,2.2740782832220563
dynamic_double_integrator_2d,head_on_circle,sabattini,4,1.7,1.7,0.5882352941176471,1.0,1.0,0.0,0.0,0.07390695598061026,0.1501249888321711,1018.0,13.332667122523423,0.891040790598535,0.6049383774871034
