model,model_label,scenario,method,method_label,status,success,goal_reached_once,path_length,time_to_goal_steps,time_to_goal_seconds,final_goal_distance,min_clearance,collision,safety_violation,path_efficiency
dynamic_double_integrator_2d,2D double integrator,head_on_circle,apf,APF,completed,0.000,0.000,91.441,inf,inf,93.323,0.838,0.000,0.000,0.889
dynamic_double_integrator_2d,2D double integrator,head_on_circle,haddadin,Haddadin,completed,0.000,0.000,5.541,inf,inf,6.459,-0.001,1.000,1.000,1.000
dynamic_double_integrator_2d,2D double integrator,head_on_circle,paper_geometric,MFI-Geometric,completed,1.000,1.000,16.587,840.0,16.80,0.009,0.483,0.000,0.000,0.723
dynamic_double_integrator_2d,2D double integrator,head_on_circle,paper_pd,MFI-PD,completed,1.000,1.000,15.359,1216.0,24.32,0.151,0.557,0.000,0.000,0.772
dynamic_double_integrator_2d,2D double integrator,head_on_circle,sabattini,Sabattini,completed,0.000,0.000,5.541,inf,inf,6.459,-0.001,1.000,1.000,1.000
dynamic_double_integrator_2d,2D double integrator,mixed_static_dynamic_field,apf,APF,completed,0.000,0.000,22.556,inf,inf,0.734,1.047,0.000,0.000,0.695
dynamic_double_integrator_2d,2D double integrator,mixed_static_dynamic_field,haddadin,Haddadin,completed,0.000,0.000,8.246,inf,inf,7.722,-0.025,1.000,1.000,0.966
dynamic_double_integrator_2d,2D double integrator,mixed_static_dynamic_field,paper_geometric,MFI-Geometric,completed,0.000,0.000,22.698,inf,inf,0.693,1.130,0.000,0.000,0.688
dynamic_double_integrator_2d,2D double integrator,mixed_static_dynamic_field,paper_pd,MFI-PD,completed,0.000,0.000,24.965,inf,inf,4.553,0.299,0.000,0.000,0.421
dynamic_double_integrator_2d,2D double integrator,mixed_static_dynamic_field,sabattini,Sabattini,completed,0.000,0.000,6.654,inf,inf,8.354,-0.010,1.000,1.000,1.000
dynamic_double_integrator_2d,2D double integrator,moving_circle_crossing,apf,APF,completed,1.000,1.000,14.915,1157.0,23.14,0.151,1.058,0.000,0.000,0.795
dynamic_double_integrator_2d,2D double integrator,moving_circle_crossing,haddadin,Haddadin,completed,0.000,0.000,7.650,inf,inf,5.577,-0.025,1.000,1.000,0.908
dynamic_double_integrator_2d,2D double integrator,moving_circle_crossing,paper_geometric,MFI-Geometric,completed,1.000,1.000,14.177,869.0,17.38,0.034,2.646,0.000,0.000,0.844
dynamic_double_integrator_2d,2D double integrator,moving_circle_crossing,paper_pd,MFI-PD,completed,1.000,1.000,14.442,1350.0,27.00,0.151,1.079,0.000,0.000,0.821
dynamic_double_integrator_2d,2D double integrator,moving_circle_crossing,sabattini,Sabattini,completed,0.000,0.000,4.958,inf,inf,7.042,-0.008,1.000,1.000,1.000
dynamic_double_integrator_2d,2D double integrator,moving_convex_sweeper,apf,APF,completed,1.000,1.000,16.959,1335.0,26.70,0.151,1.046,0.000,0.000,0.763
dynamic_double_integrator_2d,2D double integrator,moving_convex_sweeper,haddadin,Haddadin,completed,1.000,1.000,18.028,1528.0,30.56,0.151,0.564,0.000,0.000,0.724
dynamic_double_integrator_2d,2D double integrator,moving_convex_sweeper,paper_geometric,MFI-Geometric,completed,1.000,1.000,19.477,1309.0,26.18,0.099,0.836,0.000,0.000,0.667
dynamic_double_integrator_2d,2D double integrator,moving_convex_sweeper,paper_pd,MFI-PD,completed,1.000,1.000,18.911,2182.0,43.64,0.150,1.770,0.000,0.000,0.685
dynamic_double_integrator_2d,2D double integrator,moving_convex_sweeper,sabattini,Sabattini,completed,0.000,0.000,5.139,inf,inf,7.947,-0.005,1.000,1.000,1.000
dynamic_double_integrator_2d,2D double integrator,moving_u_shape,apf,APF,completed,1.000,1.000,25.637,1972.0,39.44,0.151,1.192,0.000,0.000,0.482
dynamic_double_integrator_2d,2D double integrator,moving_u_shape,haddadin,Haddadin,completed,1.000,1.000,14.454,1105.0,22.10,0.151,0.733,0.000,0.000,0.855
dynamic_double_integrator_2d,2D double integrator,moving_u_shape,paper_geometric,MFI-Geometric,completed,1.000,1.000,25.454,1411.0,28.22,0.115,0.515,0.000,0.000,0.489
dynamic_double_integrator_2d,2D double integrator,moving_u_shape,paper_pd,MFI-PD,completed,1.000,1.000,16.531,2306.0,46.12,0.151,1.422,0.000,0.000,0.747
dynamic_double_integrator_2d,2D double integrator,moving_u_shape,sabattini,Sabattini,completed,0.000,0.000,7.107,inf,inf,5.393,-0.007,1.000,1.000,1.000
dynamic_double_integrator_2d,2D double integrator,wandering_circle,apf,APF,completed,1.000,1.000,16.566,1123.0,22.46,0.150,1.153,0.000,0.000,0.782
dynamic_double_integrator_2d,2D double integrator,wandering_circle,haddadin,Haddadin,completed,0.000,0.000,7.129,inf,inf,6.232,-0.023,1.000,1.000,0.969
dynamic_double_integrator_2d,2D double integrator,wandering_circle,paper_geometric,MFI-Geometric,completed,1.000,1.000,17.063,1242.0,24.84,0.135,0.677,0.000,0.000,0.756
dynamic_double_integrator_2d,2D double integrator,wandering_circle,paper_pd,MFI-PD,completed,1.000,1.000,21.163,2527.0,50.54,0.151,0.347,0.000,0.000,0.609
dynamic_double_integrator_2d,2D double integrator,wandering_circle,sabattini,Sabattini,completed,0.000,0.000,6.460,inf,inf,6.579,-0.007,1.000,1.000,1.000
dynamic_differential_drive_2d,2D differential drive,head_on_circle,apf,APF,completed,1.000,1.000,19.116,3224.0,64.48,0.150,1.040,0.000,0.000,0.620
dynamic_differential_drive_2d,2D differential drive,head_on_circle,haddadin,Haddadin,completed,0.000,0.000,4.267,inf,inf,7.733,-0.002,1.000,1.000,1.000
dynamic_differential_drive_2d,2D differential drive,head_on_circle,paper_geometric,MFI-Geometric,completed,0.000,0.000,1.991,inf,inf,10.851,-0.005,1.000,1.000,0.614
dynamic_differential_drive_2d,2D differential drive,head_on_circle,paper_pd,MFI-PD,completed,0.000,0.000,4.125,inf,inf,7.965,-0.001,1.000,1.000,0.979
dynamic_differential_drive_2d,2D differential drive,head_on_circle,sabattini,Sabattini,completed,0.000,0.000,4.267,inf,inf,7.733,-0.002,1.000,1.000,1.000
dynamic_differential_drive_2d,2D differential drive,mixed_static_dynamic_field,apf,APF,completed,0.000,0.000,21.792,inf,inf,0.896,1.396,0.000,0.000,0.700
dynamic_differential_drive_2d,2D differential drive,mixed_static_dynamic_field,haddadin,Haddadin,completed,1.000,1.000,16.407,3858.0,77.16,0.150,0.852,0.000,0.000,0.907
dynamic_differential_drive_2d,2D differential drive,mixed_static_dynamic_field,paper_geometric,MFI-Geometric,completed,0.000,0.000,17.930,inf,inf,0.631,1.229,0.000,0.000,0.872
dynamic_differential_drive_2d,2D differential drive,mixed_static_dynamic_field,paper_pd,MFI-PD,completed,0.000,0.000,19.619,inf,inf,0.786,1.867,0.000,0.000,0.785
dynamic_differential_drive_2d,2D differential drive,mixed_static_dynamic_field,sabattini,Sabattini,completed,1.000,1.000,14.858,3041.0,60.82,0.150,0.209,0.000,0.000,1.000
dynamic_differential_drive_2d,2D differential drive,moving_circle_crossing,apf,APF,completed,1.000,1.000,11.959,2786.0,55.72,0.150,1.616,0.000,0.000,0.991
dynamic_differential_drive_2d,2D differential drive,moving_circle_crossing,haddadin,Haddadin,completed,1.000,1.000,12.078,2794.0,55.88,0.150,1.481,0.000,0.000,0.981
dynamic_differential_drive_2d,2D differential drive,moving_circle_crossing,paper_geometric,MFI-Geometric,completed,1.000,1.000,11.883,3249.0,64.98,0.117,4.052,0.000,0.000,1.000
dynamic_differential_drive_2d,2D differential drive,moving_circle_crossing,paper_pd,MFI-PD,completed,1.000,1.000,12.918,3067.0,61.34,0.150,2.107,0.000,0.000,0.918
dynamic_differential_drive_2d,2D differential drive,moving_circle_crossing,sabattini,Sabattini,completed,1.000,1.000,11.850,2750.0,55.00,0.150,1.266,0.000,0.000,1.000
dynamic_differential_drive_2d,2D differential drive,moving_convex_sweeper,apf,APF,completed,1.000,1.000,13.576,3001.0,60.02,0.150,1.560,0.000,0.000,0.953
dynamic_differential_drive_2d,2D differential drive,moving_convex_sweeper,haddadin,Haddadin,completed,1.000,1.000,13.318,2936.0,58.72,0.150,1.276,0.000,0.000,0.971
dynamic_differential_drive_2d,2D differential drive,moving_convex_sweeper,paper_geometric,MFI-Geometric,completed,1.000,1.000,12.970,3613.0,72.26,0.117,3.899,0.000,0.000,1.000
dynamic_differential_drive_2d,2D differential drive,moving_convex_sweeper,paper_pd,MFI-PD,completed,1.000,1.000,14.231,3170.0,63.40,0.150,2.332,0.000,0.000,0.909
dynamic_differential_drive_2d,2D differential drive,moving_convex_sweeper,sabattini,Sabattini,completed,1.000,1.000,12.936,2858.0,57.16,0.150,0.797,0.000,0.000,1.000
dynamic_differential_drive_2d,2D differential drive,moving_u_shape,apf,APF,completed,1.000,1.000,29.954,5334.0,106.68,0.150,1.284,0.000,0.000,0.413
dynamic_differential_drive_2d,2D differential drive,moving_u_shape,haddadin,Haddadin,completed,1.000,1.000,13.200,3018.0,60.36,0.150,0.685,0.000,0.000,0.936
dynamic_differential_drive_2d,2D differential drive,moving_u_shape,paper_geometric,MFI-Geometric,completed,1.000,1.000,12.418,3547.0,70.94,0.117,1.541,0.000,0.000,0.997
dynamic_differential_drive_2d,2D differential drive,moving_u_shape,paper_pd,MFI-PD,completed,0.000,0.000,6.605,inf,inf,9.362,-0.002,1.000,1.000,0.849
dynamic_differential_drive_2d,2D differential drive,moving_u_shape,sabattini,Sabattini,completed,0.000,0.000,5.536,inf,inf,6.964,-0.003,1.000,1.000,1.000
dynamic_differential_drive_2d,2D differential drive,wandering_circle,apf,APF,completed,1.000,1.000,16.226,3094.0,61.88,0.150,0.929,0.000,0.000,0.795
dynamic_differential_drive_2d,2D differential drive,wandering_circle,haddadin,Haddadin,completed,1.000,1.000,13.282,2928.0,58.56,0.150,0.319,0.000,0.000,0.971
dynamic_differential_drive_2d,2D differential drive,wandering_circle,paper_geometric,MFI-Geometric,completed,1.000,1.000,12.922,3648.0,72.96,0.117,2.833,0.000,0.000,1.000
dynamic_differential_drive_2d,2D differential drive,wandering_circle,paper_pd,MFI-PD,completed,1.000,1.000,13.948,3163.0,63.26,0.150,1.028,0.000,0.000,0.924
dynamic_differential_drive_2d,2D differential drive,wandering_circle,sabattini,Sabattini,completed,0.000,0.000,6.346,inf,inf,6.692,-0.018,1.000,1.000,1.000
dynamic_double_integrator_3d,3D double integrator,head_on_sphere_3d,apf_3d,APF,completed,0.000,0.000,638710.466,inf,inf,38.837,-0.411,1.000,1.000,0.000
dynamic_double_integrator_3d,3D double integrator,head_on_sphere_3d,haddadin_3d,Haddadin,completed,0.000,0.000,5.121,inf,inf,6.379,-0.037,1.000,1.000,1.000
dynamic_double_integrator_3d,3D double integrator,head_on_sphere_3d,paper_geometric_3d,MFI-Geometric,completed,0.000,0.000,1.216,inf,inf,10.284,-0.020,1.000,1.000,1.000
dynamic_double_integrator_3d,3D double integrator,head_on_sphere_3d,paper_pd_3d,MFI-PD,completed,0.000,0.000,5.121,inf,inf,6.379,-0.037,1.000,1.000,1.000
dynamic_double_integrator_3d,3D double integrator,head_on_sphere_3d,sabattini_3d,Sabattini,completed,0.000,0.000,5.121,inf,inf,6.379,-0.037,1.000,1.000,1.000
dynamic_double_integrator_3d,3D double integrator,mixed_static_dynamic_field_3d,apf_3d,APF,completed,0.000,0.000,9.197,inf,inf,6.748,-0.229,1.000,1.000,0.790
dynamic_double_integrator_3d,3D double integrator,mixed_static_dynamic_field_3d,haddadin_3d,Haddadin,completed,0.000,0.000,61.863,inf,inf,1.693,-0.141,1.000,1.000,0.217
dynamic_double_integrator_3d,3D double integrator,mixed_static_dynamic_field_3d,paper_geometric_3d,MFI-Geometric,completed,0.000,0.000,19.270,inf,inf,0.416,-0.002,1.000,1.000,0.696
dynamic_double_integrator_3d,3D double integrator,mixed_static_dynamic_field_3d,paper_pd_3d,MFI-PD,completed,0.000,0.000,196.122,inf,inf,17.678,0.141,0.000,0.000,0.058
dynamic_double_integrator_3d,3D double integrator,mixed_static_dynamic_field_3d,sabattini_3d,Sabattini,completed,0.000,0.000,6.115,inf,inf,7.418,-0.009,1.000,1.000,1.000
dynamic_double_integrator_3d,3D double integrator,moving_prism_gate_3d,apf_3d,APF,completed,0.000,0.000,10.008,inf,inf,4.744,-0.045,1.000,1.000,0.747
dynamic_double_integrator_3d,3D double integrator,moving_prism_gate_3d,haddadin_3d,Haddadin,completed,0.000,0.000,99.708,inf,inf,13.179,-0.140,1.000,1.000,0.089
dynamic_double_integrator_3d,3D double integrator,moving_prism_gate_3d,paper_geometric_3d,MFI-Geometric,completed,1.000,1.000,13.932,2082.0,41.64,0.022,3.793,0.000,0.000,0.872
dynamic_double_integrator_3d,3D double integrator,moving_prism_gate_3d,paper_pd_3d,MFI-PD,completed,1.000,1.000,16.473,1514.0,30.28,0.151,2.275,0.000,0.000,0.733
dynamic_double_integrator_3d,3D double integrator,moving_prism_gate_3d,sabattini_3d,Sabattini,completed,0.000,0.000,5.089,inf,inf,7.076,-0.020,1.000,1.000,1.000
dynamic_double_integrator_3d,3D double integrator,moving_sphere_crossing_3d,apf_3d,APF,completed,0.000,0.000,4.697,inf,inf,6.369,-0.084,1.000,1.000,0.995
dynamic_double_integrator_3d,3D double integrator,moving_sphere_crossing_3d,haddadin_3d,Haddadin,completed,1.000,1.000,15.676,1538.0,30.76,0.150,1.563,0.000,0.000,0.698
dynamic_double_integrator_3d,3D double integrator,moving_sphere_crossing_3d,paper_geometric_3d,MFI-Geometric,completed,1.000,1.000,11.717,1792.0,35.84,0.024,4.131,0.000,0.000,0.939
dynamic_double_integrator_3d,3D double integrator,moving_sphere_crossing_3d,paper_pd_3d,MFI-PD,completed,0.000,0.000,6.451,inf,inf,6.567,-0.004,1.000,1.000,0.918
dynamic_double_integrator_3d,3D double integrator,moving_sphere_crossing_3d,sabattini_3d,Sabattini,completed,0.000,0.000,4.579,inf,inf,6.449,-0.010,1.000,1.000,1.000
dynamic_double_integrator_3d,3D double integrator,wandering_sphere_3d,apf_3d,APF,completed,0.000,0.000,6.023,inf,inf,6.106,-0.657,1.000,1.000,0.999
dynamic_double_integrator_3d,3D double integrator,wandering_sphere_3d,haddadin_3d,Haddadin,completed,0.000,1.000,753.907,5518.0,110.36,0.341,0.076,0.000,0.000,0.016
dynamic_double_integrator_3d,3D double integrator,wandering_sphere_3d,paper_geometric_3d,MFI-Geometric,completed,1.000,1.000,15.400,2192.0,43.84,0.047,2.511,0.000,0.000,0.784
dynamic_double_integrator_3d,3D double integrator,wandering_sphere_3d,paper_pd_3d,MFI-PD,completed,0.000,0.000,9.278,inf,inf,4.667,-0.031,1.000,1.000,0.823
dynamic_double_integrator_3d,3D double integrator,wandering_sphere_3d,sabattini_3d,Sabattini,completed,1.000,1.000,11.973,941.0,18.82,0.150,0.161,0.000,0.000,1.000
dynamic_quadrotor_3d,3D quadrotor,head_on_sphere_3d,apf_3d,APF,completed,0.000,0.000,5.882,inf,inf,5.765,-0.001,1.000,1.000,0.977
dynamic_quadrotor_3d,3D quadrotor,head_on_sphere_3d,haddadin_3d,Haddadin,completed,0.000,0.000,5.877,inf,inf,5.732,-0.011,1.000,1.000,0.982
dynamic_quadrotor_3d,3D quadrotor,head_on_sphere_3d,paper_geometric_3d,MFI-Geometric,completed,1.000,1.000,33.308,1402.0,28.04,0.345,1.811,0.000,0.000,0.343
dynamic_quadrotor_3d,3D quadrotor,head_on_sphere_3d,paper_pd_3d,MFI-PD,completed,0.000,1.000,58.085,1136.0,22.72,1.231,1.770,0.000,0.000,0.213
dynamic_quadrotor_3d,3D quadrotor,head_on_sphere_3d,sabattini_3d,Sabattini,completed,0.000,0.000,5.691,inf,inf,5.817,-0.038,1.000,1.000,1.000
dynamic_quadrotor_3d,3D quadrotor,mixed_static_dynamic_field_3d,apf_3d,APF,completed,0.000,0.000,53.487,inf,inf,1.510,-0.089,1.000,1.000,0.242
dynamic_quadrotor_3d,3D quadrotor,mixed_static_dynamic_field_3d,haddadin_3d,Haddadin,completed,0.000,0.000,8.808,inf,inf,7.158,-0.015,1.000,1.000,0.735
dynamic_quadrotor_3d,3D quadrotor,mixed_static_dynamic_field_3d,paper_geometric_3d,MFI-Geometric,completed,0.000,0.000,16.943,inf,inf,6.129,-0.012,1.000,1.000,0.484
dynamic_quadrotor_3d,3D quadrotor,mixed_static_dynamic_field_3d,paper_pd_3d,MFI-PD,completed,0.000,0.000,40.140,inf,inf,1.680,-0.009,1.000,1.000,0.319
dynamic_quadrotor_3d,3D quadrotor,mixed_static_dynamic_field_3d,sabattini_3d,Sabattini,completed,0.000,0.000,45.944,inf,inf,1.009,-0.002,1.000,1.000,0.294
dynamic_quadrotor_3d,3D quadrotor,moving_prism_gate_3d,apf_3d,APF,completed,0.000,0.000,62.920,inf,inf,1.254,1.142,0.000,0.000,0.191
dynamic_quadrotor_3d,3D quadrotor,moving_prism_gate_3d,haddadin_3d,Haddadin,completed,0.000,0.000,76.651,inf,inf,1.205,0.356,0.000,0.000,0.165
dynamic_quadrotor_3d,3D quadrotor,moving_prism_gate_3d,paper_geometric_3d,MFI-Geometric,completed,0.000,0.000,22.879,inf,inf,3.528,-0.008,1.000,1.000,0.383
dynamic_quadrotor_3d,3D quadrotor,moving_prism_gate_3d,paper_pd_3d,MFI-PD,completed,0.000,0.000,88.925,inf,inf,1.127,0.231,0.000,0.000,0.136
dynamic_quadrotor_3d,3D quadrotor,moving_prism_gate_3d,sabattini_3d,Sabattini,completed,0.000,0.000,57.577,inf,inf,1.037,1.296,0.000,0.000,0.217
dynamic_quadrotor_3d,3D quadrotor,moving_sphere_crossing_3d,apf_3d,APF,completed,0.000,0.000,4.940,inf,inf,6.490,-0.028,1.000,1.000,0.945
dynamic_quadrotor_3d,3D quadrotor,moving_sphere_crossing_3d,haddadin_3d,Haddadin,completed,0.000,0.000,88.920,inf,inf,1.151,2.153,0.000,0.000,0.120
dynamic_quadrotor_3d,3D quadrotor,moving_sphere_crossing_3d,paper_geometric_3d,MFI-Geometric,completed,1.000,1.000,38.211,1428.0,28.56,0.200,1.679,0.000,0.000,0.286
dynamic_quadrotor_3d,3D quadrotor,moving_sphere_crossing_3d,paper_pd_3d,MFI-PD,completed,0.000,0.000,64.824,inf,inf,1.223,0.742,0.000,0.000,0.161
dynamic_quadrotor_3d,3D quadrotor,moving_sphere_crossing_3d,sabattini_3d,Sabattini,completed,0.000,0.000,4.904,inf,inf,6.235,-0.011,1.000,1.000,0.984
dynamic_quadrotor_3d,3D quadrotor,wandering_sphere_3d,apf_3d,APF,completed,0.000,0.000,56.999,inf,inf,1.210,0.139,0.000,0.000,0.221
dynamic_quadrotor_3d,3D quadrotor,wandering_sphere_3d,haddadin_3d,Haddadin,completed,0.000,0.000,71.982,inf,inf,1.169,1.804,0.000,0.000,0.177
dynamic_quadrotor_3d,3D quadrotor,wandering_sphere_3d,paper_geometric_3d,MFI-Geometric,completed,0.000,0.000,9.318,inf,inf,5.847,-0.007,1.000,1.000,0.788
dynamic_quadrotor_3d,3D quadrotor,wandering_sphere_3d,paper_pd_3d,MFI-PD,completed,0.000,0.000,55.010,inf,inf,1.308,2.077,0.000,0.000,0.226
dynamic_quadrotor_3d,3D quadrotor,wandering_sphere_3d,sabattini_3d,Sabattini,completed,0.000,0.000,70.606,inf,inf,1.255,0.500,0.000,0.000,0.167
webots_epuck_dynamic,Webots e-puck,head_on_circle,apf,APF,goal_reached,1.000,1.000,3.446,801.0,51.26,0.300,0.128,0.000,0.000,0.169
webots_epuck_dynamic,Webots e-puck,head_on_circle,haddadin,Haddadin,goal_reached,0.000,0.000,0.141,114.0,7.30,0.300,0.007,0.000,1.000,1.000
webots_epuck_dynamic,Webots e-puck,head_on_circle,paper_geometric,MFI-Geometric,goal_reached,1.000,1.000,0.141,16.0,1.02,0.300,0.180,0.000,0.000,1.000
webots_epuck_dynamic,Webots e-puck,head_on_circle,paper_pd,MFI-PD,goal_reached,1.000,1.000,0.141,43.0,2.75,0.300,0.132,0.000,0.000,1.000
webots_epuck_dynamic,Webots e-puck,head_on_circle,sabattini,Sabattini,goal_reached,0.000,0.000,0.141,114.0,7.30,0.300,0.007,0.000,1.000,1.000
webots_epuck_dynamic,Webots e-puck,mixed_static_dynamic_field,apf,APF,timeout,0.000,0.000,13.119,inf,inf,1.998,0.130,0.000,0.000,0.120
webots_epuck_dynamic,Webots e-puck,mixed_static_dynamic_field,haddadin,Haddadin,goal_reached,1.000,1.000,0.397,258.0,16.51,0.300,0.075,0.000,0.000,0.782
webots_epuck_dynamic,Webots e-puck,mixed_static_dynamic_field,paper_geometric,MFI-Geometric,collision,0.000,0.000,1.468,inf,inf,0.420,-0.001,1.000,1.000,0.142
webots_epuck_dynamic,Webots e-puck,mixed_static_dynamic_field,paper_pd,MFI-PD,collision,0.000,0.000,1.355,inf,inf,0.447,-0.001,1.000,1.000,0.392
webots_epuck_dynamic,Webots e-puck,mixed_static_dynamic_field,sabattini,Sabattini,timeout,0.000,0.000,2.907,inf,inf,0.588,0.116,0.000,0.000,0.026
webots_epuck_dynamic,Webots e-puck,moving_circle_crossing,apf,APF,goal_reached,1.000,1.000,7.203,2427.0,155.33,0.300,0.180,0.000,0.000,0.057
webots_epuck_dynamic,Webots e-puck,moving_circle_crossing,haddadin,Haddadin,goal_reached,1.000,1.000,0.282,264.0,16.90,0.300,0.130,0.000,0.000,0.757
webots_epuck_dynamic,Webots e-puck,moving_circle_crossing,paper_geometric,MFI-Geometric,goal_reached,0.000,0.000,0.913,562.0,35.97,0.296,0.040,0.000,1.000,0.280
webots_epuck_dynamic,Webots e-puck,moving_circle_crossing,paper_pd,MFI-PD,goal_reached,1.000,1.000,0.772,610.0,39.04,0.299,0.087,0.000,0.000,0.304
webots_epuck_dynamic,Webots e-puck,moving_circle_crossing,sabattini,Sabattini,timeout,0.000,0.000,4.828,inf,inf,4.329,0.000,0.000,1.000,0.897
webots_epuck_dynamic,Webots e-puck,moving_convex_sweeper,apf,APF,timeout,0.000,0.000,12.124,inf,inf,1.225,0.178,0.000,0.000,0.069
webots_epuck_dynamic,Webots e-puck,moving_convex_sweeper,haddadin,Haddadin,goal_reached,1.000,1.000,0.426,648.0,41.47,0.300,0.144,0.000,0.000,0.686
webots_epuck_dynamic,Webots e-puck,moving_convex_sweeper,paper_geometric,MFI-Geometric,collision,0.000,0.000,0.413,inf,inf,0.408,-0.000,1.000,1.000,0.958
webots_epuck_dynamic,Webots e-puck,moving_convex_sweeper,paper_pd,MFI-PD,goal_reached,1.000,1.000,0.718,629.0,40.26,0.298,0.079,0.000,0.000,0.223
webots_epuck_dynamic,Webots e-puck,moving_convex_sweeper,sabattini,Sabattini,timeout,0.000,0.000,4.025,inf,inf,3.399,0.000,0.000,1.000,0.858
webots_epuck_dynamic,Webots e-puck,moving_u_shape,apf,APF,goal_reached,1.000,1.000,6.808,1320.0,84.48,0.300,0.567,0.000,0.000,0.229
webots_epuck_dynamic,Webots e-puck,moving_u_shape,haddadin,Haddadin,goal_reached,1.000,1.000,1.689,778.0,49.79,0.300,0.389,0.000,0.000,0.868
webots_epuck_dynamic,Webots e-puck,moving_u_shape,paper_geometric,MFI-Geometric,goal_reached,1.000,1.000,2.004,609.0,38.98,0.297,0.467,0.000,0.000,0.779
webots_epuck_dynamic,Webots e-puck,moving_u_shape,paper_pd,MFI-PD,goal_reached,1.000,1.000,1.999,753.0,48.19,0.300,0.467,0.000,0.000,0.783
webots_epuck_dynamic,Webots e-puck,moving_u_shape,sabattini,Sabattini,collision,0.000,0.000,0.612,inf,inf,1.033,-0.001,1.000,1.000,1.000
webots_epuck_dynamic,Webots e-puck,wandering_circle,apf,APF,goal_reached,1.000,1.000,7.049,1294.0,82.82,0.300,1.209,0.000,0.000,0.403
webots_epuck_dynamic,Webots e-puck,wandering_circle,haddadin,Haddadin,goal_reached,1.000,1.000,3.006,832.0,53.25,0.299,0.599,0.000,0.000,0.897
webots_epuck_dynamic,Webots e-puck,wandering_circle,paper_geometric,MFI-Geometric,goal_reached,1.000,1.000,3.196,479.0,30.66,0.297,0.655,0.000,0.000,0.851
webots_epuck_dynamic,Webots e-puck,wandering_circle,paper_pd,MFI-PD,goal_reached,1.000,1.000,3.364,522.0,33.41,0.299,0.732,0.000,0.000,0.830
webots_epuck_dynamic,Webots e-puck,wandering_circle,sabattini,Sabattini,goal_reached,1.000,1.000,4.632,1263.0,80.83,0.300,0.830,0.000,0.000,0.567
webots_crazyflie_dynamic,Webots Crazyflie,head_on_sphere_3d,apf_3d,APF,collision,0.000,0.000,13.741,inf,inf,9.141,0.398,0.000,0.000,0.431
webots_crazyflie_dynamic,Webots Crazyflie,head_on_sphere_3d,haddadin_3d,Haddadin,collision,0.000,0.000,5628.879,inf,inf,4837.073,-0.051,1.000,1.000,0.860
webots_crazyflie_dynamic,Webots Crazyflie,head_on_sphere_3d,paper_geometric_3d,MFI-Geometric,timeout,0.000,0.000,29.237,inf,inf,2.098,0.332,0.000,0.000,0.050
webots_crazyflie_dynamic,Webots Crazyflie,head_on_sphere_3d,paper_pd_3d,MFI-PD,collision,0.000,0.000,17.491,inf,inf,0.756,0.334,0.000,0.000,0.151
webots_crazyflie_dynamic,Webots Crazyflie,head_on_sphere_3d,sabattini_3d,Sabattini,timeout,0.000,0.000,32.186,inf,inf,0.930,-0.100,1.000,1.000,0.072
webots_crazyflie_dynamic,Webots Crazyflie,moving_sphere_crossing_3d,apf_3d,APF,goal_reached,1.000,1.000,9.965,1250.0,40.00,0.179,1.064,0.000,0.000,0.311
webots_crazyflie_dynamic,Webots Crazyflie,moving_sphere_crossing_3d,haddadin_3d,Haddadin,goal_reached,1.000,1.000,6.257,621.0,19.87,0.106,1.098,0.000,0.000,0.516
webots_crazyflie_dynamic,Webots Crazyflie,moving_sphere_crossing_3d,paper_geometric_3d,MFI-Geometric,goal_reached,1.000,1.000,6.202,615.0,19.68,0.086,1.320,0.000,0.000,0.517
webots_crazyflie_dynamic,Webots Crazyflie,moving_sphere_crossing_3d,paper_pd_3d,MFI-PD,goal_reached,1.000,1.000,13.795,1826.0,58.43,0.179,1.261,0.000,0.000,0.225
webots_crazyflie_dynamic,Webots Crazyflie,moving_sphere_crossing_3d,sabattini_3d,Sabattini,goal_reached,1.000,1.000,5.857,562.0,17.98,0.054,0.850,0.000,0.000,0.555
webots_crazyflie_dynamic,Webots Crazyflie,wandering_sphere_3d,apf_3d,APF,collision,0.000,0.000,6.017,inf,inf,1.020,0.143,0.000,0.000,0.512
webots_crazyflie_dynamic,Webots Crazyflie,wandering_sphere_3d,haddadin_3d,Haddadin,goal_reached,1.000,1.000,6.735,713.0,22.82,0.135,0.929,0.000,0.000,0.502
webots_crazyflie_dynamic,Webots Crazyflie,wandering_sphere_3d,paper_geometric_3d,MFI-Geometric,goal_reached,1.000,1.000,16.898,1743.0,55.78,0.180,0.465,0.000,0.000,0.202
webots_crazyflie_dynamic,Webots Crazyflie,wandering_sphere_3d,paper_pd_3d,MFI-PD,timeout,0.000,0.000,16.986,inf,inf,0.223,0.575,0.000,0.000,0.200
webots_crazyflie_dynamic,Webots Crazyflie,wandering_sphere_3d,sabattini_3d,Sabattini,collision,0.000,0.000,8.045,inf,inf,1.709,0.616,0.000,0.000,0.214
