scenario,method,method_label,obstacle_speed,v_ref,beta_ref,success,goal_reached_once,steps,path_length,final_goal_distance,min_clearance,mean_speed,collision,safety_violation,time_to_goal_steps,path_efficiency
moving_circle_crossing,paper_pd,MFI-PD,0.15,1.5,0.09999999999999999,1.0,1.0,1740.0,14.019602475040973,0.1500939435533405,2.13373370059791,0.4028621400873845,0.0,0.0,1637.0,0.8481662556398873
moving_circle_crossing,paper_geometric,MFI-Geometric,0.15,1.5,0.09999999999999999,1.0,1.0,1398.0,15.427557335015326,0.15053983260423734,1.410409746160543,0.5517724368746538,0.0,0.0,1206.0,0.7713930121149495
moving_circle_crossing,apf,APF,0.15,1.5,0.09999999999999999,1.0,1.0,1013.0,12.529449937939427,0.15032439726767402,1.5364125320889614,0.6184328695922712,0.0,0.0,906.0,0.9556929470005849
moving_circle_crossing,haddadin,Haddadin,0.15,1.5,0.09999999999999999,1.0,1.0,1143.0,12.508068638569284,0.15076136757445732,1.7466815665184299,0.5471596079864073,0.0,0.0,1025.0,0.9556302820788792
moving_circle_crossing,sabattini,Sabattini,0.15,1.5,0.09999999999999999,1.0,1.0,885.0,11.849808347358191,0.15019165264180856,1.260515571629966,0.6694806975908576,0.0,0.0,810.0,1.0
moving_circle_crossing,paper_pd,MFI-PD,0.3,1.5,0.19999999999999998,1.0,1.0,1487.0,13.945156590688102,0.1505292994200901,1.7195029628308582,0.4689023735940851,0.0,0.0,1385.0,0.8504512731142877
moving_circle_crossing,paper_geometric,MFI-Geometric,0.3,1.5,0.19999999999999998,1.0,1.0,1408.0,16.736543570877636,0.15108998914186364,1.0232260509898425,0.5943374847612803,0.0,0.0,1221.0,0.7080870391285634
moving_circle_crossing,apf,APF,0.3,1.5,0.19999999999999998,1.0,1.0,1111.0,14.11073307901973,0.1508415991388062,1.2414238189930014,0.6350464932052082,0.0,0.0,1019.0,0.8467820063222506
moving_circle_crossing,haddadin,Haddadin,0.3,1.5,0.19999999999999998,1.0,1.0,1178.0,12.935791742018747,0.15032424505519457,1.0298207921575842,0.5490573744490133,0.0,0.0,1072.0,0.9183794508043543
moving_circle_crossing,sabattini,Sabattini,0.3,1.5,0.19999999999999998,1.0,1.0,895.0,11.849509658430092,0.15049034156990793,0.3449497613397763,0.6619837798005641,0.0,0.0,819.0,1.0
moving_circle_crossing,paper_pd,MFI-PD,0.45,1.5,0.3,1.0,1.0,1561.0,15.472197978513874,0.1502387950334327,1.3580515649084852,0.4955860979664911,0.0,0.0,1463.0,0.7660013598101436
moving_circle_crossing,paper_geometric,MFI-Geometric,0.45,1.5,0.3,1.0,1.0,1636.0,20.819202349599806,0.017092225045904786,0.7947350785591298,0.6362836903911925,0.0,0.0,1156.0,0.5758302246856438
moving_circle_crossing,apf,APF,0.45,1.5,0.3,1.0,1.0,1352.0,17.542677184029714,0.15113943659842966,1.1276681919392344,0.648767647338378,0.0,0.0,1261.0,0.6845179274012587
moving_circle_crossing,haddadin,Haddadin,0.45,1.5,0.3,1.0,1.0,1520.0,79.4391248213352,0.08874947474123654,0.0779047478109336,2.613129105964976,0.0,0.0,1443.0,0.15209248130702818
moving_circle_crossing,sabattini,Sabattini,0.45,1.5,0.3,0.0,0.0,265.0,5.355265599175696,6.644734400824304,-0.003740735951994534,1.010427471542585,1.0,1.0,inf,1.0
moving_circle_crossing,paper_pd,MFI-PD,0.6,1.5,0.39999999999999997,1.0,1.0,1498.0,14.846614016318759,0.15032578174600852,0.8346541614868903,0.4955478643631091,0.0,0.0,1418.0,0.7982688167846336
moving_circle_crossing,paper_geometric,MFI-Geometric,0.6,1.5,0.39999999999999997,1.0,1.0,1344.0,14.209879411208432,0.03378855029608251,2.430745202567067,0.5286413471431689,0.0,0.0,873.0,0.8421128130985904
moving_circle_crossing,apf,APF,0.6,1.5,0.39999999999999997,1.0,1.0,1352.0,16.33805281794553,0.1508573682034357,1.0313179247233208,0.6042179296577496,0.0,0.0,1273.0,0.7252502414197348
moving_circle_crossing,haddadin,Haddadin,0.6,1.5,0.39999999999999997,0.0,0.0,1529.0,133.3494747119993,0.020670582311409245,0.04535601334500372,4.360676086069304,0.0,1.0,1432.0,0.08996332971196394
moving_circle_crossing,sabattini,Sabattini,0.6,1.5,0.39999999999999997,0.0,0.0,250.0,4.98546524519811,7.01453475480189,-0.013551849487428269,0.9970930490396229,1.0,1.0,inf,1.0
moving_circle_crossing,paper_pd,MFI-PD,0.75,1.5,0.5,1.0,1.0,1328.0,14.297678443104848,0.15012420541900748,1.3463938320064284,0.5383162064421998,0.0,0.0,1248.0,0.8288171874629505
moving_circle_crossing,paper_geometric,MFI-Geometric,0.75,1.5,0.5,1.0,1.0,1338.0,14.123650738032415,0.03519975861027014,3.029789982227821,0.5277896389399259,0.0,0.0,867.0,0.8471464257587952
moving_circle_crossing,apf,APF,0.75,1.5,0.5,1.0,1.0,1124.0,13.95681673423747,0.1506062543393863,1.0837234611199198,0.6208548369322722,0.0,0.0,1046.0,0.8490567335641046
moving_circle_crossing,haddadin,Haddadin,0.75,1.5,0.5,1.0,1.0,1429.0,51.31642224348405,0.15129403903041422,0.06999721718616714,1.7955361176866353,0.0,0.0,1367.0,0.23676952386524439
moving_circle_crossing,sabattini,Sabattini,0.75,1.5,0.5,0.0,0.0,922.0,11.849014449252511,0.15098555074748887,0.00924347573786033,0.6425712824974258,0.0,1.0,844.0,1.0
moving_circle_crossing,paper_pd,MFI-PD,0.9,1.5,0.6,1.0,1.0,1223.0,14.099621998107587,0.15018559552639762,1.7671661029963486,0.5764358952619619,0.0,0.0,1144.0,0.8404351721647307
moving_circle_crossing,paper_geometric,MFI-Geometric,0.9,1.5,0.6,1.0,1.0,1335.0,14.12765872845851,0.03430481823038889,3.6741664165878243,0.5291257950733524,0.0,0.0,864.0,0.8469694385854695
moving_circle_crossing,apf,APF,0.9,1.5,0.6,1.0,1.0,1090.0,12.993051337832874,0.1510330020681983,1.1501895038624494,0.5960115292583879,0.0,0.0,1010.0,0.9125307647589033
moving_circle_crossing,haddadin,Haddadin,0.9,1.5,0.6,1.0,1.0,1006.0,12.560889554427582,0.1503575478436464,0.8003132680063783,0.6242986856077344,0.0,0.0,921.0,0.9455710908262781
moving_circle_crossing,sabattini,Sabattini,0.9,1.5,0.6,1.0,1.0,914.0,11.848878385293032,0.15112161470696783,0.6421392933286012,0.6481880954755487,0.0,0.0,837.0,1.0
moving_circle_crossing,paper_pd,MFI-PD,1.05,1.5,0.7000000000000001,1.0,1.0,1237.0,14.206553717669594,0.1503943702823834,1.882719779614465,0.5742341842226999,0.0,0.0,1159.0,0.8350782893660447
moving_circle_crossing,paper_geometric,MFI-Geometric,1.05,1.5,0.7000000000000001,1.0,1.0,1332.0,14.131009289115006,0.034179639520740324,4.086181774840391,0.5304432916334457,0.0,0.0,861.0,0.8467774746773697
moving_circle_crossing,apf,APF,1.05,1.5,0.7000000000000001,1.0,1.0,1032.0,12.325100016921338,0.15092771023573132,1.3251368812159596,0.5971463186492902,0.0,0.0,949.0,0.963129444853789
moving_circle_crossing,haddadin,Haddadin,1.05,1.5,0.7000000000000001,1.0,1.0,981.0,12.32414911238181,0.15124946475457332,1.4708217201854603,0.6281421565943833,0.0,0.0,896.0,0.9650297758841989
moving_circle_crossing,sabattini,Sabattini,1.05,1.5,0.7000000000000001,1.0,1.0,907.0,11.849680030021306,0.15031996997869435,1.1933205785060481,0.6532348417872825,0.0,0.0,830.0,1.0
moving_circle_crossing,paper_pd,MFI-PD,1.2,1.5,0.7999999999999999,1.0,1.0,1010.0,12.934953248202238,0.15019224778380416,2.3988327111589456,0.6403442202080333,0.0,0.0,927.0,0.9195800088504449
moving_circle_crossing,paper_geometric,MFI-Geometric,1.2,1.5,0.7999999999999999,1.0,1.0,1330.0,14.136260724192374,0.03309789820712972,4.3413314749258785,0.5314383730899384,0.0,0.0,858.0,0.8465394304247
moving_circle_crossing,apf,APF,1.2,1.5,0.7999999999999999,1.0,1.0,939.0,11.973095727425402,0.15026983597972524,1.5692372636806888,0.6375450334092335,0.0,0.0,857.0,0.9914202582166043
moving_circle_crossing,haddadin,Haddadin,1.2,1.5,0.7999999999999999,1.0,1.0,963.0,12.233863706674336,0.1505461126672454,1.972429595148353,0.6351954157151771,0.0,0.0,878.0,0.9723568589474357
moving_circle_crossing,sabattini,Sabattini,1.2,1.5,0.7999999999999999,1.0,1.0,900.0,11.849289362159814,0.15071063784018612,1.6749338827814453,0.6582938534533235,0.0,0.0,824.0,1.0
moving_circle_crossing,paper_pd,MFI-PD,1.35,1.5,0.9,1.0,1.0,991.0,12.793424968407306,0.15050620328476338,2.6568627527752318,0.645480573582607,0.0,0.0,909.0,0.9297151344673026
moving_circle_crossing,paper_geometric,MFI-Geometric,1.35,1.5,0.9,1.0,1.0,1328.0,14.134276726549226,0.03390444515813762,4.50151615360716,0.5321640333791121,0.0,0.0,857.0,0.8466011941286855
moving_circle_crossing,apf,APF,1.35,1.5,0.9,1.0,1.0,852.0,11.84950462072649,0.15058145002196544,1.9222254272371229,0.6953934636576588,0.0,0.0,780.0,0.9999949583965023
moving_circle_crossing,haddadin,Haddadin,1.35,1.5,0.9,1.0,1.0,937.0,12.10164715009393,0.15098061805857577,2.278773141571455,0.6457655896528246,0.0,0.0,854.0,0.9821487893428515
moving_circle_crossing,sabattini,Sabattini,1.35,1.5,0.9,1.0,1.0,894.0,11.849885228782595,0.1501147712174049,2.0960380886543675,0.6627452588804579,0.0,0.0,818.0,1.0
moving_circle_crossing,paper_pd,MFI-PD,1.5,1.5,1.0,1.0,1.0,971.0,12.596671565184202,0.1502730237012341,2.824827303498502,0.6486442618529451,0.0,0.0,888.0,0.9443528359138276
moving_circle_crossing,paper_geometric,MFI-Geometric,1.5,1.5,1.0,1.0,1.0,1327.0,14.13476708413791,0.03370664152043901,4.606104850487238,0.5325835374580971,0.0,0.0,856.0,0.8465858183052893
moving_circle_crossing,apf,APF,1.5,1.5,1.0,1.0,1.0,850.0,11.849984944810267,0.15001505518973346,2.310186741428934,0.6970579379300146,0.0,0.0,778.0,1.0
moving_circle_crossing,haddadin,Haddadin,1.5,1.5,1.0,1.0,1.0,914.0,11.999126907328673,0.1511482145975433,2.5649653715151546,0.6564073800507997,0.0,0.0,835.0,0.9895345817504287
moving_circle_crossing,sabattini,Sabattini,1.5,1.5,1.0,1.0,1.0,888.0,11.849496883188001,0.1505031168119988,2.463839495650803,0.6672014010804058,0.0,0.0,813.0,1.0
head_on_circle,paper_pd,MFI-PD,0.15,1.5,0.09999999999999999,1.0,1.0,2654.0,17.686018900116682,0.15106181191136117,0.6188711538804921,0.33319553315969586,0.0,0.0,2553.0,0.6707987048771099
head_on_circle,paper_geometric,MFI-Geometric,0.15,1.5,0.09999999999999999,1.0,1.0,1395.0,17.231412218057013,0.059553013745300476,0.6196588374391341,0.6176133411489956,0.0,0.0,1098.0,0.6945006033427588
head_on_circle,apf,APF,0.15,1.5,0.09999999999999999,0.0,0.0,6000.0,25.223812685957604,21.798969406888265,1.1446687039010044,0.2101984390496458,0.0,0.0,inf,0.3884808981452462
head_on_circle,haddadin,Haddadin,0.15,1.5,0.09999999999999999,0.0,0.0,400.0,8.303196745484058,3.6968032545159417,-0.00019674548405745895,1.037899593185507,1.0,1.0,inf,1.0
head_on_circle,sabattini,Sabattini,0.15,1.5,0.09999999999999999,0.0,0.0,400.0,8.303196745484058,3.6968032545159417,-0.00019674548405745895,1.037899593185507,1.0,1.0,inf,1.0
head_on_circle,paper_pd,MFI-PD,0.3,1.5,0.19999999999999998,1.0,1.0,1811.0,16.18654008990922,0.1509484798454331,0.5978615728365999,0.4468950880703822,0.0,0.0,1714.0,0.732990041277837
head_on_circle,paper_geometric,MFI-Geometric,0.3,1.5,0.19999999999999998,1.0,1.0,1368.0,16.74067068540724,0.01674738757646797,0.6012290742248594,0.6118666186186843,0.0,0.0,886.0,0.7160631259572663
head_on_circle,apf,APF,0.3,1.5,0.19999999999999998,0.0,0.0,6000.0,41.31036330187549,39.60337369360738,1.0448681086240503,0.3442530275156304,0.0,0.0,inf,0.6681948907564846
head_on_circle,haddadin,Haddadin,0.3,1.5,0.19999999999999998,0.0,0.0,350.0,7.407438183243742,4.592561816756258,-0.0014381832437413422,1.0582054547491062,1.0,1.0,inf,1.0
head_on_circle,sabattini,Sabattini,0.3,1.5,0.19999999999999998,0.0,0.0,350.0,7.407438183243742,4.592561816756258,-0.0014381832437413422,1.0582054547491062,1.0,1.0,inf,1.0
head_on_circle,paper_pd,MFI-PD,0.45,1.5,0.3,1.0,1.0,1553.0,15.760773537927541,0.15010943730524998,0.5804346668205047,0.5074299271708801,0.0,0.0,1460.0,0.752712345625647
head_on_circle,paper_geometric,MFI-Geometric,0.45,1.5,0.3,1.0,1.0,1354.0,16.61831141858374,0.009410681266824846,0.5925149853186376,0.6136747200363276,0.0,0.0,871.0,0.7215456857602905
head_on_circle,apf,APF,0.45,1.5,0.3,0.0,0.0,6000.0,57.797587431359524,57.47967851661028,0.9660497492957187,0.4816465619279962,0.0,0.0,inf,0.7868784933388784
head_on_circle,haddadin,Haddadin,0.45,1.5,0.3,0.0,0.0,315.0,6.6883105693504685,5.3116894306495315,-0.014310569350469038,1.061636598309598,1.0,1.0,inf,1.0
head_on_circle,sabattini,Sabattini,0.45,1.5,0.3,0.0,0.0,315.0,6.6883105693504685,5.3116894306495315,-0.014310569350469038,1.061636598309598,1.0,1.0,inf,1.0
head_on_circle,paper_pd,MFI-PD,0.6,1.5,0.39999999999999997,1.0,1.0,1431.0,15.408741587218499,0.15004956575932576,0.5770765553196946,0.5383906913773072,0.0,0.0,1341.0,0.7696999130494878
head_on_circle,paper_geometric,MFI-Geometric,0.6,1.5,0.39999999999999997,1.0,1.0,1341.0,16.590548184125762,0.010713747565919333,0.5604943222810723,0.6185886720404838,0.0,0.0,858.0,0.7226718950068516
head_on_circle,apf,APF,0.6,1.5,0.39999999999999997,0.0,0.0,6000.0,74.52751272564092,75.3911165168546,0.9013249014156006,0.62106260604701,0.0,0.0,inf,0.8505733547048205
head_on_circle,haddadin,Haddadin,0.6,1.5,0.39999999999999997,0.0,0.0,288.0,6.084303249547531,5.915696750452469,-0.028303249547531273,1.0563026474908908,1.0,1.0,inf,1.0
head_on_circle,sabattini,Sabattini,0.6,1.5,0.39999999999999997,0.0,0.0,288.0,6.084303249547531,5.915696750452469,-0.028303249547531273,1.0563026474908908,1.0,1.0,inf,1.0
head_on_circle,paper_pd,MFI-PD,0.75,1.5,0.5,1.0,1.0,1305.0,15.358982511120113,0.15055902698652318,0.5566594575782153,0.5884667628781645,0.0,0.0,1216.0,0.7721622243420015
head_on_circle,paper_geometric,MFI-Geometric,0.75,1.5,0.5,1.0,1.0,1323.0,16.587173798209346,0.009249299145651209,0.4826435926521655,0.6268773166367858,0.0,0.0,840.0,0.7229020651703234
head_on_circle,apf,APF,0.75,1.5,0.5,0.0,0.0,6000.0,91.44072018722767,93.3230324483591,0.8380324483591011,0.7620060015602268,0.0,0.0,inf,0.8893524928702191
head_on_circle,haddadin,Haddadin,0.75,1.5,0.5,0.0,0.0,265.0,5.540937272169691,6.459062727830309,-0.0009372721696907504,1.0454598626735265,1.0,1.0,inf,1.0
head_on_circle,sabattini,Sabattini,0.75,1.5,0.5,0.0,0.0,265.0,5.540937272169691,6.459062727830309,-0.0009372721696907504,1.0454598626735265,1.0,1.0,inf,1.0
head_on_circle,paper_pd,MFI-PD,0.9,1.5,0.6,1.0,1.0,1223.0,15.202800020414873,0.15072232033892805,0.5380010641941286,0.6215372044323325,0.0,0.0,1134.0,0.780307778699245
head_on_circle,paper_geometric,MFI-Geometric,0.9,1.5,0.6,1.0,1.0,1300.0,16.62204009276739,0.007503739973388412,0.3789654943527734,0.6393092343372059,0.0,0.0,816.0,0.7214871708154799
head_on_circle,apf,APF,0.9,1.5,0.6,0.0,0.0,6000.0,108.49796428852136,111.26819685003062,0.7861968500306205,0.9041497024043427,0.0,0.0,inf,0.9149314229164094
head_on_circle,haddadin,Haddadin,0.9,1.5,0.6,0.0,0.0,247.0,5.095839370931433,6.904160629068567,-0.023839370931432846,1.0315464313626381,1.0,1.0,inf,1.0
head_on_circle,sabattini,Sabattini,0.9,1.5,0.6,0.0,0.0,247.0,5.095839370931433,6.904160629068567,-0.023839370931432846,1.0315464313626381,1.0,1.0,inf,1.0
head_on_circle,paper_pd,MFI-PD,1.05,1.5,0.7000000000000001,1.0,1.0,1170.0,15.035177975169743,0.15042941932624726,0.4949495292134374,0.6425289732978521,0.0,0.0,1081.0,0.7894192216863257
head_on_circle,paper_geometric,MFI-Geometric,1.05,1.5,0.7000000000000001,1.0,1.0,1258.0,16.709328023947624,0.0007619010542574826,0.27235367532744403,0.6641227354510199,0.0,0.0,770.0,0.7182069476209996
head_on_circle,apf,APF,1.05,1.5,0.7000000000000001,0.0,0.0,6000.0,125.67427018872091,129.22255059146374,0.7435505914637162,1.0472855849060057,0.0,0.0,inf,0.9327490059455645
head_on_circle,haddadin,Haddadin,1.05,1.5,0.7000000000000001,0.0,0.0,231.0,4.690095398863788,7.309904601136212,-0.02009539886378864,1.0151721642562308,1.0,1.0,inf,1.0
head_on_circle,sabattini,Sabattini,1.05,1.5,0.7000000000000001,0.0,0.0,231.0,4.690095398863788,7.309904601136212,-0.02009539886378864,1.0151721642562308,1.0,1.0,inf,1.0
head_on_circle,paper_pd,MFI-PD,1.2,1.5,0.7999999999999999,1.0,1.0,1140.0,14.906666509000807,0.15011592995396816,0.44688984176608937,0.6538011626754743,0.0,0.0,1051.0,0.7965804874277982
head_on_circle,paper_geometric,MFI-Geometric,1.2,1.5,0.7999999999999999,1.0,1.0,1156.0,17.13123794733471,0.03508889384951265,0.18599569019608664,0.7409704994521933,0.0,0.0,655.0,0.7025139703703042
head_on_circle,apf,APF,1.2,1.5,0.7999999999999999,0.0,0.0,6000.0,142.9513633085901,147.1836049625843,0.7076049625842984,1.1912613609049139,0.0,0.0,inf,0.9456615301440849
head_on_circle,haddadin,Haddadin,1.2,1.5,0.7999999999999999,0.0,0.0,217.0,4.328201918619971,7.671798081380029,-0.01220191861997133,0.9972815480691175,1.0,1.0,inf,1.0
head_on_circle,sabattini,Sabattini,1.2,1.5,0.7999999999999999,0.0,0.0,217.0,4.328201918619971,7.671798081380029,-0.01220191861997133,0.9972815480691175,1.0,1.0,inf,1.0
head_on_circle,paper_pd,MFI-PD,1.35,1.5,0.9,1.0,1.0,1111.0,14.790942048074939,0.15087507799305375,0.36979440763313276,0.6656589580591776,0.0,0.0,1021.0,0.8033779480493921
head_on_circle,paper_geometric,MFI-Geometric,1.35,1.5,0.9,1.0,1.0,1127.0,28.307715809881287,0.15009530443324492,0.09512088604125579,1.2558880128607477,0.0,0.0,415.0,0.41917235219809673
head_on_circle,apf,APF,1.35,1.5,0.9,0.0,0.0,6000.0,168.33509931593122,155.0753934639659,0.659528350967427,1.4027924942994277,0.0,0.0,inf,0.84998262784504
head_on_circle,haddadin,Haddadin,1.35,1.5,0.9,0.0,0.0,205.0,4.013401605700561,7.986598394299439,-0.02140160570056171,0.9788784404147707,1.0,1.0,inf,1.0
head_on_circle,sabattini,Sabattini,1.35,1.5,0.9,0.0,0.0,205.0,4.013401605700561,7.986598394299439,-0.02140160570056171,0.9788784404147707,1.0,1.0,inf,1.0
head_on_circle,paper_pd,MFI-PD,1.5,1.5,1.0,1.0,1.0,1092.0,14.747424774901729,0.15041742007953832,0.30239138001561017,0.6752483871291991,0.0,0.0,1001.0,0.8064664279872512
head_on_circle,paper_geometric,MFI-Geometric,1.5,1.5,1.0,0.0,0.0,288.0,1.971167098812029,10.983048684567686,-0.007192995866072027,0.3422165102104216,1.0,1.0,inf,0.5782963204045544
head_on_circle,apf,APF,1.5,1.5,1.0,1.0,1.0,1308.0,26.583982495377075,0.151616739955815,0.654337534644527,1.0162072819333732,0.0,0.0,1240.0,0.44709184012223074
head_on_circle,haddadin,Haddadin,1.5,1.5,1.0,0.0,0.0,194.0,3.723563557353945,8.276436442646055,-0.01356355735394521,0.9596813292149343,1.0,1.0,inf,1.0
head_on_circle,sabattini,Sabattini,1.5,1.5,1.0,0.0,0.0,194.0,3.723563557353945,8.276436442646055,-0.01356355735394521,0.9596813292149343,1.0,1.0,inf,1.0
