step,time,x,y,vx,vy,ax,ay,heading,linear_speed,angular_speed,goal_distance,obstacle_distance,signed_clearance
0.0,0.0,0.0,0.0,0.0,0.0,0.031901376408537796,0.0,0.0,0.0,0.0,0.5089538171536286,0.26562581725808976,0.24387370405278036
1.0,0.064,0.002341851975486302,0.00013906347117990795,0.03544386978359266,0.006303339968915457,-0.17609658191515173,1.065906598560845,0.176,0.036,4.0,0.5066119842643957,0.26265398638249055,0.24104270546404938
2.0,0.128,0.004534759205596616,0.0008270274782765849,0.03269268686501859,0.015072764363110062,-0.3129784230302377,0.7043383322281151,0.43200000000000005,0.036,4.0,0.5044197359299395,0.2594433217097738,0.23860115901238965
3.0,0.192,0.006481999438603033,0.002047843627371822,0.027810631656767473,0.022859763053269005,-0.24531127737523895,0.30823236329119075,0.6879999999999998,0.036,4.0,0.5024759907312627,0.2562769090738318,0.23662716614708457
4.0,0.256,0.007931821838861316,0.0035581270860286767,0.0017954033557974272,0.0023338329377327383,0.027465979563932704,0.0009015273610474717,0.9150610630514324,0.002944528721417892,-3.2347342371417946,0.5010346295991436,0.25386766486392043,0.23522902073633856
5.0,0.32,0.008594291668506825,0.004374059214761533,0.010610110786842014,0.012704678285582686,-0.0140400033082414,0.02679982131828967,0.8749962103830574,0.01655244094534753,3.7959305472217237,0.5003786437666086,0.25340094131037666,0.23419744565981804
6.0,0.384,0.009148586200544954,0.005091622011924209,0.00740808855740895,0.009791101069634777,0.01865535190771169,0.0015094920634650755,0.9230753923676137,0.012277843305329186,-4.0,0.4998311649975196,0.2532416237595311,0.23321625054538597
7.0,0.448,0.0097202765202352,0.005809586497507578,0.010485204895531836,0.012645096148389047,-0.011898407532299978,0.024704532755607942,0.8785074587426207,0.016426745822081996,3.598907045972412,0.4992673426017629,0.25310079442692646,0.2322214491954797
8.0,0.512,0.01026700118108825,0.006520702372524845,0.007417831106965551,0.009776432294064169,0.017943936050317997,0.00191595235757202,0.9217210925583955,0.012272035150368767,-3.953979863391916,0.4987294456759711,0.25307405419661577,0.23124714028550047
9.0,0.5760000000000001,0.01083441134021422,0.007233612898086733,0.01041430075424166,0.012570162445851862,-0.01149092134553046,0.024246161338114365,0.8789210171903061,0.016323806054805445,3.5686016992850726,0.49817192574799757,0.25307441621844823,0.23025699050556991
10.0,0.64,0.01137752980694194,0.00793999712402599,0.007369947129752372,0.009708642114068758,0.017852161319635025,0.001886816304049751,0.9214889725860506,0.01218908743074783,-3.951433073202109,0.4976396339561812,0.25321731423943333,0.22928703602876488
11.0,0.704,0.011941647103932857,0.008648358681331616,0.010361916993820431,0.0124996409898103,-0.011408151422560443,0.024093005157790153,0.8786344158864243,0.016236081690511737,3.5696631485130066,0.4970874080937765,0.25341560568923005,0.228301055521498
12.0,0.768,0.012481621258095198,0.009350202079960021,0.007323495234135174,0.009640656714005094,0.017748586069232863,0.0018694569862609256,0.9211497201818382,0.012106851131557376,-3.943042558680058,0.4965602355971217,0.2538121703798115,0.22733529086547383
13.0,0.8320000000000001,0.013042580839712591,0.010054102422911463,0.010311205989059779,0.012429325682623362,-0.01119987049359468,0.023841322120629702,0.8782731273206419,0.01614958531583839,3.564470095426732,0.4960131442592294,0.25433047596266173,0.22635355576689375
14.0,0.896,0.013579750654439855,0.010751548585222006,0.007280793508780572,0.009574879434018732,0.017641190267181986,0.0018566093678500485,0.9206687244709275,0.012028643742895381,-3.926530777567514,0.495490728023162,0.2551833961035419,0.22539190149881405
15.0,0.96,0.014137761947098463,0.0114510859945281,0.010264043620976783,0.012359726447823063,-0.010749500732627724,0.023397954704231765,0.8777664721485021,0.01606590891665738,3.551144441631196,0.4949485385983132,0.2563862218064531,0.22441442786756655
16.0,1.024,0.014672748902956096,0.012144376840875286,0.007242957111764641,0.009511426030299246,0.01760004091471948,0.0017969216446760009,0.919975340979406,0.011955235374208074,-3.8978656332811656,0.494430238071944,0.25861851090621507,0.22345659573794163
17.0,1.088,0.015228407999913651,0.01283976728904431,0.010227716922200895,0.012292466941830458,0.03438417427119675,-0.007173414854038773,0.8768269716747608,0.015990964228484447,3.5319380546876262,0.49389233570489843,inf,0.22248310561493534
18.0,1.1520000000000001,0.015986810879068527,0.013722017717340499,0.007992637373397197,0.01106068089301171,0.035441041815266215,-0.006628101863893095,0.9450518079829668,0.013646278393747505,-4.0,0.49315794938897334,inf,0.22141225965217903
19.0,1.216,0.016854433997906152,0.014713727433690945,0.009905640280506512,0.012095346442731235,0.034415130512204545,-0.007224771416060894,0.8845991052993196,0.0156339091380398,4.0,0.49231930357973525,inf,0.22029247486294234
20.0,1.28,0.018010456545395324,0.01589156610223316,0.024287250142238568,0.026573096931451788,0.027131843777539383,-0.014557873753904547,0.8303115330913791,0.036,4.0,0.4912004938907202,inf,0.21899626670191324
21.0,1.344,0.019198301732615,0.01697009119242366,0.025457985799420203,0.025453702265810355,0.026451448333970992,-0.014084458428299071,0.7853140268511556,0.036,4.0,0.49004943513933563,inf,0.21762768206466593
22.0,1.408,0.020201921146897315,0.017987435909411348,0.015815046952896563,0.019182166951011083,0.031192628204090224,-0.011030078348258449,0.8813140268511556,0.024861038575626417,4.0,0.4890827779637818,inf,0.21639756093896567
23.0,1.472,0.020777726211473186,0.01866944130888979,0.007191056178318549,0.009956904500789758,0.03545855918621317,-0.006472007555106062,0.9453140268511555,0.01228215112256728,-4.0,0.4885329505840417,inf,0.21540498650946144
24.0,1.536,0.02166329330931827,0.019607154977552207,0.02676896968959685,0.024071191531734464,0.02559875706274641,-0.013604168164071409,0.7323839666209819,0.036,4.0,0.4876848317866531,inf,0.21424711676353975
25.0,1.6,0.022781412839355756,0.020386907709147535,0.03076093968228948,0.018701994275011107,0.023513322503997097,-0.010981949754237356,0.5462655026812862,0.036,4.0,0.4865996637099764,inf,0.21281161668826637
26.0,1.6640000000000001,0.024187502480963394,0.021059912138885757,0.03321614523142598,0.013881199370544934,0.022173232558100234,-0.008625392656383327,0.39584596239411873,0.036,4.0,0.48522355645683063,inf,0.21107096845994122
27.0,1.728,0.025776743827030067,0.02158557468400315,0.03457351781212639,0.010033537067982493,0.021367406960064693,-0.0067436145087114985,0.28244995874434503,0.036,4.0,0.4836589927034293,inf,0.20910200501387838
28.0,1.792,0.027468479922807834,0.02197200107859537,0.03528544481881967,0.007137043080858617,0.020876104569055833,-0.005326281626716938,0.19957337996488253,0.036,4.0,0.48198640935162795,inf,0.20698129980865787
29.0,1.856,0.02918672345910485,0.022241268165212092,0.029279407541144532,0.003550199689022602,0.023741663724989637,-0.0035544012977282687,0.12066340616559676,0.02949385739085967,-0.9080878218787591,0.48028235258198576,inf,0.20478749535883584
30.0,1.92,0.030991863558387074,0.02240912263558785,0.028602281906363484,0.00195406741946761,0.023935815334437584,-0.002769763520580833,0.0682125906741161,0.0286689537606609,-0.6507317453351896,0.47848698818450297,inf,0.20247338922976876
31.0,1.984,0.03281366878992556,0.022498543116615106,0.028514809863814227,0.0009132233855311814,0.02383380693718913,-0.0022564951420947993,0.03201534066144818,0.028529429691484514,-0.45192527249136183,0.4766714018337784,inf,0.20011283372699862
32.0,2.048,0.03463625014679009,0.022532808610108524,0.028445668827482347,0.00020020620997871646,0.023722570946805913,-0.0019027277937980402,0.0070380804006438865,0.02844637336409186,-0.3117317238699813,0.4748524842886963,inf,0.19773067315452586
33.0,2.112,0.03645460413109185,0.022529054590404038,0.028353517158551066,-0.00028822660209320633,0.023623178462527407,-0.0016582110661857198,-0.010165111896920865,0.02835498209899636,-0.2145757448947978,0.47303600772843285,inf,0.19533916774566645
34.0,2.176,0.03826685387503516,0.022499281018798164,0.028248443148693514,-0.0006215856953070789,0.023530735487940727,-0.0014891496338503138,-0.022000695753893344,0.028255281083393594,-0.14757420956398312,0.4712243998847968,inf,0.1929454595646578
35.0,2.24,0.04007229067130358,0.022451774765612685,0.028138501739698316,-0.0008483197634292073,0.02344127124873685,-0.0013719820995344112,-0.030138878681779762,0.028151286410678107,-0.10145500470854693,0.46941875555469775,inf,0.19055398094627146
36.0,2.3040000000000003,0.0418706851082264,0.022392227973884727,0.02802750834529741,-0.0010019394029340118,0.02335289639098348,-0.0012904085364437725,-0.035733212813895805,0.02804541150728346,-0.06973625689103866,0.4676195719973418,inf,0.18816757974335835
37.0,2.368,0.04366200241362262,0.022324541688502158,0.02791698034289967,-0.0011054858099214572,0.02326485500775065,-0.0012332204301194441,-0.03957836799226032,0.02793885986116442,-0.047929966352822144,0.46582706879876545,inf,0.18578813784013326
38.0,2.432,0.04544628037844404,0.022251386894330694,0.0278074024793998,-0.0011747572459412682,0.02317690170231487,-0.0011927323285758217,-0.04222109975059792,0.027832205935538448,-0.03294111588902749,0.46404133529904457,inf,0.1834169333306418
39.0,2.496,0.04722357816019249,0.02217459163526831,0.027698840625457775,-0.0012205731426607855,0.09160720187105277,1.7775834968868742,-0.04403736756118027,0.027725720383627455,-0.022639212449874522,0.4622623996337216,0.21468813352243307,0.18105486011025929
40.0,2.56,0.04945621431948949,0.022354447952345945,0.020877514482154292,0.004002979243672498,-0.24172921079645185,1.3435411231593917,0.18943730113119459,0.021257809242201678,-1.6313328269062923,0.4600410507265351,0.2070079179376212,0.1783786962754021
41.0,2.624,0.0516396794744124,0.023071815718675087,0.03248720421767994,0.015510691864606116,-0.8873368514355945,1.871558658622192,0.4454373011311945,0.036,4.0,0.4578957623759382,0.20273612474152905,0.17595952171818863
42.0,2.688,0.053570339931624605,0.024318686519475136,0.027500956659868396,0.023231387879161246,-1.0507577566801198,1.2461481045749252,0.7014373011311945,0.036,4.0,0.4560323561336804,0.2004186568435635,0.17398072897054617
43.0,2.7520000000000002,0.054464687352299444,0.025196611339552845,0.024735159433639974,0.026156679601822767,-1.0344542084267465,0.9771681848247211,0.8133230856408474,0.036,4.0,0.4551870366459989,0.19744485228282493,0.17281032337532765
44.0,2.816,0.05517399252132413,0.026028206153007525,0.0,0.0,0.02658113860652289,-0.001524658695420968,0.9229136791764576,0.0,4.0,0.4545256832774892,0.19468204456400356,0.1717933509330602
45.0,2.88,0.05588165061946857,0.026917280856854152,0.008232907139709698,0.01280142053738063,-0.3456190153347218,0.22871540645805838,0.9992696954305956,0.015220286716943065,-3.7573285128969247,0.4538710478722832,0.1922585896559584,0.17080168525767075
46.0,2.944,0.05640910523986647,0.027862526986150857,0.01648104167438288,0.032005862983635586,-0.6797119695162112,0.3417754651113926,1.0952696954305956,0.036,4.0,0.4534016284610852,0.1901960575487066,0.16999929564204613
47.0,3.008,0.056800986149694165,0.028704689120106017,0.0,0.0,0.026466000917917665,-0.0016801804091649188,1.1912696954305957,0.0,4.0,0.4530630659878981,0.18812629984514115,0.1692843307558659
48.0,3.072,0.05718379640176925,0.029571099236223423,0.002290324310430196,0.007016235131513194,-0.03897331658638813,0.0157397967266932,1.2552696954305957,0.007380592175945472,-4.0,0.4527367905971129,0.18622869755519184,0.1685892452659798
49.0,3.136,0.0573296736526151,0.030001468355743723,0.008895561881847525,0.022302246441625113,-0.3129979038216907,0.12070256296713502,1.1912696954305957,0.024010856243307083,4.0,0.4526195478506477,0.1838726471669988,0.167952962752612
50.0,3.2,0.05751445754754054,0.030524632599176416,0.0,0.0,0.026407941069860847,-0.0017856057113885139,1.2872696954305958,0.0,4.0,0.45247016321175215,0.18182348272397295,0.1673212508997023
51.0,3.2640000000000002,0.05766907271402095,0.030994677103235373,0.0013829563537665016,0.006198194985618887,0.019904834242193834,-0.00361824420502989,1.3512696954305958,0.006350605432254019,-4.0,0.45234786456073367,0.17986213952079427,0.16670390840564736
52.0,3.3280000000000003,0.057748795840064635,0.03129268817280033,0.0012608283861498383,0.004327145706918748,-0.004617259287135588,0.004856229188646837,1.2872696954305958,0.004507091987992541,4.0,0.45228884973173267,0.17786752921926818,0.16610121514319215
53.0,3.392,0.05783067600834835,0.03161705009617895,0.001384812752562069,0.006009949489042826,0.015778675433996858,-0.0025711806953404867,1.3443290469101714,0.006167430520119757,-4.0,0.4522297273881592,0.17604735014554762,0.16551430077330714
54.0,3.456,0.05790603481506395,0.03189076997961648,0.0013916937425154288,0.004655712566868249,-0.011539269062262731,0.006931192825153274,1.2803290469101714,0.0048592665061973645,4.0,0.4521737754032514,0.1742983433695589,0.16492429869425018
55.0,3.52,0.057990231486126864,0.03222304289268439,0.0013800908875087092,0.005989457064769388,0.015413714538321839,-0.0025150536475655127,1.3443290469101714,0.0061464011249267245,-4.0,0.45211334872059905,0.17271694378619318,0.16435484911012915
56.0,3.584,0.05806472042661366,0.03249357341619734,0.0013931979669512876,0.004660744734791028,-0.012966457702269448,0.007315461691661732,1.2803290469101714,0.004864518687187818,4.0,0.4520584142128728,0.17117927201890734,0.1637822935471962
57.0,3.648,0.058150761574511343,0.032833045667232705,0.0013756712549359428,0.005970276299374707,0.015076862621298556,-0.002466214622236076,1.3443290469101714,0.006126717758517392,-4.0,0.4519971280962472,0.16978764308935754,0.163230559957243
58.0,3.712,0.05822442877165812,0.03310056535191729,0.0013933939700718336,0.004661400435225394,-0.014261995818247726,0.007662656032255024,1.2803290469101714,0.004865203055716384,4.0,0.4519431700753998,0.16842379385942655,0.16267581065397946
59.0,3.7760000000000002,0.0583121803651507,0.033446713677087105,0.0013715228398770499,0.005952272590990736,0.014764962796628167,-0.0024238645253940733,1.3443290469101714,0.006108242291998901,-4.0,0.45188114307104643,0.16719006864188152,0.1621418125348703
60.0,3.84,0.05838506930942448,0.0337113838900889,0.0013923894708971014,0.004658040026761707,-0.015433219705178941,0.007974771987077908,1.2803290469101714,0.004861695725729791,4.0,0.4518281243323383,0.16597508285198428,0.16160522083072976
61.0,3.904,0.05847575641893969,0.03406899761944564,0.0013677661566833114,0.005935968959904922,0.014475274371131818,-0.0023879693486272267,1.3443290469101714,0.006091511450561589,-4.0,0.45176451808666857,0.16487985166585772,0.16108930503479063
62.0,3.968,0.058547906182976645,0.03433096369274743,0.0013900961780853665,0.004650368143331517,-0.016477271191250975,0.00825078685537456,1.2803290469101714,0.0048536884173626315,4.0,0.4517124081817718,0.16379609144835405,0.16057117680749466
63.0,4.032,0.05863609038237013,0.03467564901759606,0.0,0.0,0.026298151241537858,-0.0020250267934187553,1.3443290469101714,0.0,-4.0,0.45165081166674037,0.1628124676744559,0.16007138041032654
64.0,4.096,0.05873363824540024,0.035027788181489806,0.002275446773542167,0.006810066602212501,-0.0627812805430226,0.023930762705738903,1.2483290469101713,0.007180157738225086,-4.0,0.4515807297051597,0.16187856002488257,0.15957340461397224
65.0,4.16,0.05885032498381939,0.0354667593133292,0.00034744117250807286,0.0013187531784138913,0.018760001368575304,-0.0007946273405347783,1.3131883495677072,0.0013637541251745218,-3.7851743356160497,0.45149866520250886,0.16102574458020652,0.1590897411794283
66.0,4.224,0.058947801723620026,0.0357942099491526,0.00121706904371765,0.006207512892148527,0.037154492003488374,-0.007446412465980823,1.3771883495677073,0.006325699436692037,-4.0,0.4514273356688507,0.16017635536521935,0.158601868935284
67.0,4.288,0.059106698233201145,0.036284162015629326,0.0,0.0,0.026260336156173833,-0.0021181291412117388,1.3131883495677072,0.0,4.0,0.45130806641825677,0.15939783369477376,0.15810690469990396
68.0,4.352,0.05924698263186078,0.03675117309070322,0.001216220649695226,0.006203185761441354,0.037344246594368406,-0.0075412644673652045,1.3771883495677073,0.006321289920553703,-4.0,0.4512060346882913,0.15866322581752232,0.15763090280408693
69.0,4.416,0.05940876689918501,0.03725002946148123,0.0,0.0,0.0262375735098106,-0.002174087748680675,1.3131883495677072,0.0,4.0,0.4510857090433607,0.1579598022721203,0.15714951125845028
70.0,4.48,0.059551394357406355,0.03772467302352066,0.0012153796535464647,0.006198896362690619,0.03751741722786544,-0.007633858308578586,1.3771883495677073,0.006316918854760895,-4.0,0.45098302470253365,0.15729976745210328,0.15668760403584475
71.0,4.5440000000000005,0.059715840540599786,0.03823173732274429,0.0,0.0,0.026214766104480935,-0.002230969116279803,1.3131883495677072,0.0,4.0,0.4508618695011628,0.15666694240660906,0.15621971193990736
72.0,4.6080000000000005,0.05986061931424051,0.03871338828601264,0.0012145467019509303,0.006194647994206918,0.037673814187902485,-0.0077240785707932275,1.3771883495677073,0.006312589600421659,-4.0,0.4507587234632197,0.15607757314546794,0.15577184750868212
73.0,4.672,0.060027498804178486,0.03922795560510124,0.0,0.0,0.026191932125323475,-0.002288696181595281,1.3131883495677072,0.0,4.0,0.4506369623186137,0.15551191799427905,0.1553174111771684
74.0,4.736,0.060174234063883586,0.03971597883138365,0.0012137225947587138,0.006190444735528537,0.03781312854502657,-0.007811785406097761,1.3771883495677073,0.006308306314745726,-4.0,0.45053354278315433,0.15499029099338457,0.15488356467607722
75.0,4.8,0.06034331380038514,0.04023733053707348,0.0,0.0,0.026169093179521343,-0.0023471908130754254,1.3131883495677072,0.0,4.0,0.4504113969335148,0.1544892862492964,0.15444257117399107
76.0,4.864,0.060491806293349146,0.04073107647359698,0.0012129082604299326,0.0061862913221535755,0.03793494449448198,-0.007896816379901694,1.3771883495677073,0.006304073823391649,-4.0,0.4503078899770061,0.15403333035197886,0.15402274594488335
77.0,4.928,0.060662847257049256,0.0412584755576798,0.0,0.0,0.02614627406856054,-0.0024063732754442293,1.3131883495677072,0.0,4.0,0.4501855789517913,0.15359525983669753,0.15359521460840664
78.0,4.992,0.060812892077712594,0.0417572762300691,0.0012121047401343486,0.006182193064441997,0.038038745512011016,-0.0079789871575636,1.3771883495677073,0.006299897537824792,-4.0,0.4500821689936762,0.15320367283011432,0.15318944367323012
79.0,5.056,0.060985647870391,0.04228996293188364,0.0,0.0,0.026123502698203068,-0.0024661617420845367,1.3131883495677072,0.0,4.0,0.4499599111651565,0.152827560811107,0.1527754279463861
80.0,5.12,0.06113703327452891,0.04279312807851691,0.0012113131784377265,0.006178155800112518,0.03812391547451569,-0.008058091230599147,1.3771883495677073,0.006295783406909807,-4.0,0.44985678135887275,0.15249976511996338,0.15238377577547113
81.0,5.184,0.06131124871712221,0.04333031556196613,0.0,0.0,0.026100810106391065,-0.002526471828367445,1.3131883495677072,0.0,4.0,0.44973479443237646,0.15218534909070125,0.15198336537297347
82.0,5.248,0.0614637549234601,0.04383712872763279,0.001210534819461569,0.006174185874655818,0.03818973523746276,-0.008133898754764878,1.3771883495677073,0.0062917378969509115,-4.0,0.4496321270214609,0.15192148132473446,0.15160592995918848
83.0,5.312,0.06163916460816858,0.044377998616653716,0.0,0.0,0.026078230603354544,-0.002587216124164029,1.3131883495677072,0.0,4.0,0.4495106285095886,0.1516692173814148,0.15121925338478182
84.0,5.376,0.06179256253446519,0.04488771303256466,0.0012097710080858479,0.006170290147468907,0.03823537462769322,-0.008206154469996719,1.3771883495677073,0.006287767997943063,-4.0,0.44940860518450043,0.15147015056644447,0.15085616865575396
85.0,5.44,0.06196888926707306,0.04543141060807502,0.0,0.0,0.026055802030369328,-0.0026483037053653385,1.3131883495677072,0.0,4.0,0.4492878129079274,0.15128125196455355,0.15048339612578465
86.0,5.5040000000000004,0.062122939144325755,0.045943244674561574,0.0012090231963337952,0.006166476024419989,0.03825987928249412,-0.008274574568327097,1.3771883495677073,0.006283881256756826,-4.0,0.4491866151988404,0.1511486529192414,0.1501348347462741
87.0,5.5680000000000005,0.062299892205226894,0.04648887351239098,0.0,0.0,0.02603356615644544,-0.002709639603554961,1.3131883495677072,0.0,4.0,0.44906674785856004,0.1510251661489115,0.14977618159308848
88.0,5.632,0.06245434200375979,0.04700200566837653,0.0012082929556544483,0.00616275152049409,0.038262151132387026,-0.008338842248744559,1.3771883495677073,0.006280085840976728,-4.0,0.4489665576030786,0.15096159461541683,0.1494423582346705
89.0,5.696,0.06263161513982321,0.047548621447250757,0.0,0.0,0.0260115692483825,-0.0027711242099536684,1.3131883495677072,0.0,4.0,0.44884783547655227,0.15090652201009316,0.14909808889750115
90.0,5.76,0.06278619872258484,0.04806218415049056,0.0012075819965223268,0.006159125359758826,0.03824092044309576,-0.00839860151890093,1.3771883495677073,0.006276390640770309,-4.0,0.44874883540990407,0.15091558373021186,0.1487792640869524
91.0,5.824,0.0629634677535482,0.04860878727142627,0.0,0.0,0.025989862872793243,-0.0028326525838429243,1.3131883495677072,0.0,4.0,0.4486314812382259,0.15093306833225045,0.14844969684491444
92.0,5.888,0.06311790264100564,0.0491218597126551,0.0012068921977639892,0.006155607124940948,0.038194705974172224,-0.008453448526734903,1.3771883495677073,0.006272805421312489,-4.0,0.4485338557689226,0.15101964271994384,0.14814618155239911
93.0,5.952,0.06329482251710385,0.04966738622625592,0.0,0.0,0.025968505024978404,-0.002894113625701661,1.3131883495677072,0.0,4.0,0.44841809592721177,0.151115241744717,0.14783169422440157
94.0,6.016,0.06344880709725813,0.05017898523458813,0.001206225649557709,0.00615220747674097,0.012589417939626498,-0.0034969497530553018,1.3771883495677073,0.00626934104627579,-4.0,0.44832203218724354,0.1512858187164038,0.14754385542827703
95.0,6.08,0.06375181074917284,0.050934751781365924,0.0,0.0,0.02593936458024057,-0.0029676755208973946,1.121188349567707,0.0,-4.0,0.44810621000559947,0.15126069577772208,0.14713969103380725
96.0,6.144,0.06428078847752605,0.05177537186667243,0.010991971704296588,0.01295608873160718,0.8290144832266675,-0.695515868277049,0.867230710728769,0.016990693840138942,-3.4894097097345145,0.44767710636563735,0.15098679436137472,0.1465235320416347
97.0,6.208,0.06521409763784414,0.05265792872231977,0.029014165394540978,0.021311457164122322,1.894799236369994,-2.5779283821095484,0.633519456781307,0.036,-4.0,0.44685321542232637,0.15027400197258878,0.1455124511693784
98.0,6.272,0.06722492230971593,0.05377090703923447,0.03346494702511631,0.013270166562864191,1.5161640052427061,-3.810577143119353,0.37751945678130694,0.036,-4.0,0.44498958075874817,0.14830073028874724,0.14345141750846901
99.0,6.336,0.06945203586271045,0.054338447184949915,0.03573452132373531,0.004363941539881828,0.5861766729015715,-4.742057307268952,0.12151945678130696,0.036,-4.0,0.4428481484666744,0.1463019121563579,0.1411300763745169
100.0,6.4,0.07175027755872031,0.05432355753578045,0.03567496000899798,-0.004826720248408277,-0.6839772434096575,-5.112414553177492,-0.13448054321869302,0.036,-4.0,0.4405655274050159,0.1444942428329842,0.1386991226941902
101.0,6.464,0.07396985060786317,0.05372720858218923,0.03329014521991708,-0.013702781879488255,-1.965125347275674,-4.791521773689683,-0.3904805432186931,0.036,-4.0,0.4382894752260448,0.14313137736977127,0.1363236183091039
102.0,6.5280000000000005,0.07596608575352942,0.05258826967331947,0.028735516482495657,-0.021685711712651268,-2.8915040868504676,-3.838085164962239,-0.6464805432186931,0.036,-4.0,0.43616957900596215,0.14250793852215846,0.13417222962954195
103.0,6.5920000000000005,0.07760887065062054,0.05098097555685543,0.022307939337532154,-0.02825519142587757,-3.176206690166969,-2.5075311376698,-0.902480543218693,0.036,-4.0,0.4343472375213311,0.14297257243113431,0.13240443731891893
104.0,6.656000000000001,0.07824900400224206,0.05006954588599889,0.0,-0.0,0.025107878019087787,-0.0029187973112687554,-1.0179420526062817,0.0,-4.0,0.43360534532798484,0.14416000012588864,0.13170939846484858
105.0,6.72,0.0788778293193531,0.04909363734225729,0.007397344031350464,-0.014561845897713378,-0.9466341185958966,-0.48731771048451406,-1.1007732411693858,0.016333035684370136,3.5035057769202163,0.43286896462916,0.143075519429999,0.1310661829312602
106.0,6.784,0.07931666969604133,0.04807274055836634,0.013153079814515913,-0.03351113981041191,-0.7935509388060157,-0.30497014162437036,-1.1967732411693859,0.036,-4.0,0.43231824719792317,0.14238834089222013,0.1306565547555757
107.0,6.848,0.07963221237256814,0.047163464276110185,0.0,-0.0,0.025426555579416546,-0.0027932543631152594,-1.292773241169386,0.0,-4.0,0.43190442541644447,0.13987498828499279,0.1304108708775863
108.0,6.912,0.07993741982594552,0.046223155649582084,0.0019580929658540055,-0.00900885935006297,0.01789445652301489,0.0003495038272669734,-1.356773241169386,0.009219201421606099,4.0,0.43149930393249764,0.13777953502468043,0.13021817370006022
109.0,6.976,0.08003820496471677,0.04583975573595121,0.0025787838298206764,-0.009035202765547489,-0.07555642878874134,-0.026639070790180287,-1.292773241169386,0.0093960105925601,-4.0,0.43135818710825546,0.13652684298369372,0.13023653525010243
110.0,7.04,0.08024995011019731,0.04511299164350192,0.01207417254449963,-0.0339148102952921,-0.716476188279903,-0.2476709714688492,-1.228773241169386,0.036,-4.0,0.4310709774886483,0.1352014026402414,0.13019638185561744
111.0,7.104,0.08052943727504318,0.04421591799379752,0.0,-0.0,0.02534530820996361,-0.0026157850065789165,-1.324773241169386,0.0,-4.0,0.4307000077529425,0.13397388402012,0.13013995889622854
112.0,7.168,0.08079713315115529,0.043292893835534044,0.0014580292224609195,-0.007921472520647148,0.061431103318468114,0.008180744800805901,-1.388773241169386,0.008054537609876676,4.0,0.43033988975302845,0.13298209951721837,0.13013901029254876
113.0,7.232,0.08098945627404368,0.042450337988953035,0.002958111940926174,-0.010364242586131686,-0.09792343549668127,-0.03207671081584919,-1.292773241169386,0.010778123706807027,4.0,0.4300645595471079,0.13229314118672572,0.13024484530891062
114.0,7.296,0.0812254583444992,0.04162176156547815,0.01207417254449963,-0.0339148102952921,-0.7557095270159249,-0.26139891026800355,-1.228773241169386,0.036,-4.0,0.42974867069644895,0.13174221472387648,0.130344508831037
115.0,7.36,0.08150334440496304,0.040729827001686085,0.0,-0.0,0.025261366196941522,-0.002407041612122959,-1.324773241169386,0.0,-4.0,0.429386568793954,0.13131783590285478,0.13045101537509485
116.0,7.424,0.08176934877543682,0.0398129713300599,0.0014104178756736575,-0.007662800081551775,0.06121216729121605,0.008230060006815868,-1.388773241169386,0.007791519984820014,4.0,0.42903571262738316,0.13107820019728064,0.13061405230727158
117.0,7.488,0.08196463399895897,0.03895706070706765,0.002884644502185051,-0.010106837061087098,-0.09716855036252653,-0.03176841518477257,-1.292773241169386,0.010510439062348923,4.0,0.428762655918197,0.1310712155077911,0.13087684666539845
118.0,7.5520000000000005,0.08219804408458783,0.03813735569824245,0.01207417254449963,-0.0339148102952921,-0.7624962323855153,-0.2635784850258363,-1.228773241169386,0.036,-4.0,0.42845647123997194,0.13117584424576015,0.13113407523660275
119.0,7.6160000000000005,0.08247434741489178,0.037250501244378974,0.0,-0.0,0.025182329059862705,-0.0021995299810221407,-1.324773241169386,0.0,-4.0,0.4281031861030605,0.13140283090284258,0.13140135688366533
120.0,7.68,0.08273867810978969,0.03633974965206011,0.001363238216254293,-0.007406472999853654,0.05954070660663393,0.008011180399014498,-1.388773241169386,0.007530887114531552,4.0,0.4277615248651208,0.1318058846346934,0.1317255955646306
121.0,7.744,0.08292630884194091,0.035517518998694556,0.0028129202383049548,-0.009855539042279772,-0.09182173778407346,-0.030151749136254884,-1.292773241169386,0.010249105818605176,4.0,0.4275054759814052,0.13241388808573926,0.13214343116852917
122.0,7.808,0.08315177759901037,0.034728787974886065,0.01207417254449963,-0.0339148102952921,-0.7398457585541888,-0.2552853343776914,-1.228773241169386,0.036,-4.0,0.42721594727149087,0.13312525336335462,0.13255317119389975
123.0,7.872,0.08342654524709327,0.0338468626205595,0.0,-0.0,0.02510919399522725,-0.0019972102748237078,-1.324773241169386,0.0,-4.0,0.42687125605441456,0.1339863483081541,0.13297634880583892
124.0,7.936,0.0836892511402717,0.03294203738176734,0.0013173765767027547,-0.007157306719875974,0.05670749260223491,0.007575928062749429,-1.388773241169386,0.007277535333286046,4.0,0.42653854331512714,0.13504282180508795,0.13345631796720447
125.0,8.0,0.08386064752389995,0.032191502869833924,0.0027441109850084955,-0.0096144542532059,-0.08273152192886854,-0.02747041652169967,-1.292773241169386,0.009998393655234491,4.0,0.42631032795707385,0.13627536704090742,0.1340169835251973
126.0,8.064,0.08407384986142079,0.03145165392567598,0.01207417254449963,-0.0339148102952921,-0.6909788701187463,-0.2376696886612628,-1.228773241169386,0.036,-4.0,0.4260424780944831,0.13763638256799193,0.13456830164573425
127.0,8.128,0.08434715294673914,0.030574429397826137,0.0,-0.0,0.02504326959901437,-0.001803277580854716,-1.324773241169386,0.0,-4.0,0.4257060194804684,0.1392319923589122,0.13514029186289944
128.0,8.192,0.08460324204374094,0.02969248507642322,0.001273799214312751,-0.006920550917333102,0.052985145044587484,0.006972622718981029,-1.388773241169386,0.007036802500978965,4.0,0.4253881219146887,0.14107643062097788,0.13576739176218178
129.0,8.256,0.0847522590557259,0.0290408811577715,0.00267949806031887,-0.00938807200701103,-0.07063411773355878,-0.023936228595740638,-1.292773241169386,0.009762971159645853,4.0,0.4251944668867507,0.14305681005840523,0.13645163647500663
130.0,8.32,0.08494976632842835,0.02836415789716889,0.01207417254449963,-0.0339148102952921,-0.6183956259897313,-0.2116256965138882,-1.228773241169386,0.036,-4.0,0.424951715574128,0.145268142799586,0.13712932481200535
131.0,8.384,0.0852217029690956,0.027491319264789253,0.0,-0.0,0.024986923097939776,-0.0016211267858518928,-1.324773241169386,0.0,-4.0,0.4246229824517424,0.14794629434877793,0.1378412283783934
132.0,8.448,0.08544501960367908,0.026721158817513534,0.0012342916376615156,-0.006705906260025136,0.04855738538885365,0.006231609573773804,-1.388773241169386,0.006818552237465476,4.0,0.42435094194635053,0.15095733953817825,0.1385940899843146
133.0,8.512,0.08556755367305793,0.026186685125714478,0.0026217183637894043,-0.00918563112467006,0.19254026884063483,0.05099738126741786,-1.292773241169386,0.0095524460918415,4.0,0.42419532126358084,0.15402078397535018,0.13937821956424512
134.0,8.576,0.08599740200356083,0.025114568069026493,0.017167741121027313,-0.031642829595366274,-0.29730911775164565,-0.15625759022417243,-1.073692730479559,0.036,-4.0,0.42370139325460127,0.15462660831780004,0.1401263818476648
135.0,8.64,0.08636092414131877,0.024370189201211045,0.0,-0.0,0.02667172921833765,-0.0015381117338275337,-1.1410858679958218,0.0,4.0,0.4232950027418424,0.15520184832784745,0.14083769849942313
136.0,8.704,0.0869224472515449,0.023420535543310108,0.013243496302707524,-0.016462767288941613,-0.08325039150864352,-0.07630552920421427,-0.8933469999040011,0.021128485538004702,2.9737920599470113,0.42268072899833614,0.15326982149041737,0.14149146354413278
137.0,8.768,0.08804168544278135,0.021909249708311897,0.0,-0.0,0.026528029109681085,-0.0013808326494914177,-0.9573469999040011,0.0,4.0,0.4214819543517264,0.1509804426470214,0.14193804220860257
138.0,8.832,0.08903864229509266,0.02057456497942611,0.022095612859972025,-0.02842153923245957,-0.10866217557834709,-0.08353245020153227,-0.9099730531711714,0.036,-4.0,0.42041891822391564,0.1494525713135733,0.1424733695082664
139.0,8.896,0.08940909193364997,0.020040146680008693,0.012929304929717559,-0.019618804290376764,0.14079964396263275,0.0881905652200737,-0.9881019856230804,0.023496050896900197,4.0,0.42002307548379253,0.149037961845698,0.14323037194615063
140.0,8.96,0.09006607557985304,0.019121721544385312,0.005365408233993417,-0.007318527284920126,0.019401445639771926,-0.0006794108119649537,-0.9381818340521568,0.009074604516865994,-4.0,0.4193239562386094,0.148507907300206,0.1439503364807812
141.0,9.024000000000001,0.09085411452021812,0.018108132777189655,0.019754236108937073,-0.024436466020901874,-0.15574694368164446,-0.1280992870849225,-0.8909594040419991,0.03142245559847806,-4.0,0.41849165560955054,0.14807769851073985,0.14464223121934844
142.0,9.088000000000001,0.09165172188723114,0.017107148634783156,0.023826162835353965,-0.026987292649378474,-0.33676557417601793,-0.2975440234448862,-0.8475285817555834,0.036,-4.0,0.4176525987565959,0.14786064999957815,0.1453608249009612
143.0,9.152000000000001,0.09232794464768461,0.016225377977512744,0.005310964683584969,-0.007041693352385703,0.006269657551964628,-0.01051257019050031,-0.9246018101643521,0.008819965484020887,3.794325192113294,0.4169416992000827,0.1479339720842862,0.1461605646295286
144.0,9.216000000000001,0.09283560057315811,0.015555268861460497,0.010578166975636476,-0.013554049428544051,-0.0427393537803953,-0.04382845020448385,-0.9080944807581197,0.0171933089449315,-4.0,0.41640885744597667,0.14826276967556662,0.14702438504555554
145.0,9.28,0.09370544587193944,0.014335878593434393,0.020288541068198877,-0.02973844483701203,0.13554725705380133,0.09557929598459078,-0.9720944807581197,0.036,4.0,0.415495760829327,0.14861087570643275,0.14791467418878468
146.0,9.344,0.09443517472393136,0.013473640104687313,0.0,-0.0,0.02601305267064614,-0.0008455361806025521,-0.9280635613428945,0.0,-4.0,0.4147375602708656,0.1491190765992258,0.14876617316480434
147.0,9.408,0.09517802701359979,0.012538811908259406,0.013747815318891283,-0.01576637210943652,-0.16781913651856084,-0.15587495545694685,-0.8536845861772944,0.020918434825186124,2.9222565936294598,0.4139657308402181,0.14980487681449545,0.1496829618898463
148.0,9.472,0.09584147383804972,0.011664224231112042,0.005150064689678341,-0.0068876713685599705,0.010838899184762987,-0.006626002732598341,-0.9287546137879361,0.008600185067145499,4.0,0.4132769801556849,0.15067800551041666,0.15066501148640948
149.0,9.536,0.09649202449043938,0.010787430699347884,0.014354053047024777,-0.01877850744667222,-0.04086674968208044,-0.03679996477400723,-0.9181507386039467,0.023636226027044276,-4.0,0.41260283453707025,0.1517061301184582,0.15169157571256126
150.0,9.6,0.09723323748265873,0.00972529790034546,0.01889030834995692,-0.028296025476547523,0.1603071417103707,0.10964509827358727,-0.9821507386039466,0.034022181107710874,4.0,0.41183542482871716,0.15293058146670055,0.15278992356923687
151.0,9.664,0.0979460561712755,0.008867621739738455,0.0,-0.0,0.025739181507342855,-0.0005553309381605263,-0.9366533573172307,0.0,-4.0,0.4111034107168733,0.1541989717528329,0.15382196791942815
152.0,9.728,0.09866208123926867,0.007952597833474972,0.013218807575483035,-0.015374729486312654,-0.13651256769056636,-0.126580645748005,-0.8606546912988657,0.020276074089797053,2.9857421878814865,0.4103688004367777,0.1556584630442656,0.1549189873045274
153.0,9.792,0.09948476226363824,0.006981366695304252,0.02462120887931271,-0.026263969108290784,-0.3833167629261226,-0.3591248597194514,-0.8176706234012033,0.036,-4.0,0.4095285660285938,0.15725507881143405,0.15600155832378526
154.0,9.856,0.10019914642081149,0.00612977327333706,0.0,-0.0,0.025568592474300177,-0.00038343213180861444,-0.9320270503418487,0.0,-4.0,0.4088006298506355,0.15899644817155797,0.15712453187728675
155.0,9.92,0.1009144074296372,0.005224581056383483,0.013175384508000987,-0.015176614792701968,-0.1330951853740716,-0.12471439350103895,-0.8558664436379518,0.020097770858971714,2.992092402474251,0.40807285640571356,0.1609572831735798,0.1583118998578204
156.0,9.984,0.10156654638320838,0.0043630030614362925,0.004969746507404614,-0.006657639681999066,0.013278893467553345,-0.0041858304992208,-0.9295564917735376,0.008307980890877698,4.0,0.40741063336820976,0.16309772096111028,0.15954818838150614
157.0,10.048,0.1021589761149394,0.0035876212944210605,0.011607592567778232,-0.01468350268983791,-0.04578549902223414,-0.0445845858615832,-0.9018630807366167,0.018717410517003083,-4.0,0.40681066077752265,0.16537103246735768,0.16079914991081756
158.0,10.112,0.10284534419162286,0.0026390932813729864,0.013184948260463026,-0.01906982846143933,0.06617701997655992,0.04214280697814127,-0.9658630807366166,0.023184072510665777,4.0,0.406117047936774,0.16799444076825318,0.16212408576726195
159.0,10.176,0.10361620948798951,0.0016189264210214197,0.013378668639480567,-0.01692389837144878,-0.05193205219710312,-0.04741363459529414,-0.9018630807366167,0.02157329623984586,-4.0,0.4053408406648167,0.17093511163819403,0.1634662357606695
160.0,10.24,0.10430866942010618,0.0006625024179701068,0.011935622474579341,-0.017262887094767778,0.059223097511547744,0.0361984929872905,-0.9658630807366166,0.02098729031348219,4.0,0.40464569007186774,0.17414621304376016,0.16485144154273662
161.0,10.304,0.10493772524194402,-0.00017051965813200424,0.00938364274454988,-0.011870225688533883,-0.02533657274307406,-0.030306643833265798,-0.9018630807366167,0.01513125933470421,-4.0,0.4040161278965787,0.1775660732116786,0.16622292745002143
162.0,10.368,0.10536959430264897,-0.0007673112368154532,0.008215291133460112,-0.011882048346419991,0.046504280742358385,0.023569933316732843,-0.9658630807366166,0.01444555576342324,4.0,0.40358495227245944,0.18105124112745935,0.1675895795468213
163.0,10.432,0.10582281400410803,-0.001367168585270745,0.0076787785056055624,-0.009713587394057728,-0.013273623374741424,-0.022399581002393094,-0.9018630807366167,0.012382141147642729,-4.0,0.40313332143383945,0.18495928023986752,0.16896180361917523
164.0,10.496,0.10627137904777666,-0.001986671376891356,0.007590092319453601,-0.01097780254265369,0.04277330017234299,0.02044063811418806,-0.9658630807366166,0.01334622231507187,4.0,0.40268733879032387,0.1894948609554289,0.17036966957816918
165.0,10.56,0.10671454550942439,-0.0025731535023915,0.007710298280708057,-0.009753459632835759,-0.010038923439963779,-0.01968836024401559,-0.9018630807366167,0.012432967239836445,-4.0,0.40224750188386105,0.19489677231864777,0.17177514423999596
166.0,10.624,0.10715404414151238,-0.0031799015039269993,0.0073040036285559815,-0.01056023845925829,0.03938139861297129,0.017904383852405007,-0.9656954585850488,0.012840058618338035,4.0,0.40181235591524916,0.20233331007670624,0.1732152360062234
167.0,10.688,0.10758484593361514,-0.003749678786722575,0.00786972866082092,-0.009944123735620999,0.02817465336719062,0.005272036170748305,-0.9013244749385544,0.012681412621009032,-3.9072540883763844,0.4013864860072093,inf,0.17465078336412182
168.0,10.752,0.10835308018117916,-0.004508344995203915,0.014643597412248681,-0.011613821672983771,0.1371671766802233,0.15345833728987768,-0.6705187941552795,0.018689991948202755,3.2251299806093314,0.4006261045382158,0.20892107625100928,0.17602012633941427
169.0,10.816,0.10974451048051198,-0.005433395750356423,0.01928952189946446,-0.012487311444014012,0.06490292426300581,0.07927218249993336,-0.5745187941552795,0.02297865536121995,4.0,0.3992462802880078,0.2013454785399763,0.17713071818456338
170.0,10.88,0.11079680270598295,-0.0060537514297897025,0.015148785035169999,-0.008472402804588705,0.011028387325028697,-0.011125643537223517,-0.5099395543812132,0.0173570532442864,-3.8551900564834316,0.398203033715511,0.19834344712940272,0.1782623025240161
171.0,10.944,0.11180257348166883,-0.006611343579379129,0.01435395088023488,-0.008285574755545162,0.020112559107393884,0.004499882678266632,-0.523510852009248,0.01657367354879186,4.0,0.39720626910222473,0.19642133987097415,0.17939976040544559
172.0,11.008000000000001,0.11279640880709947,-0.007160561535972576,0.016628944503722515,-0.008815445357952197,-0.006154825537689049,-0.04245904575975421,-0.4874573897992319,0.018821101778772786,-4.0,0.3962221167847009,0.19509406201914029,0.1805609227355084
173.0,11.072000000000001,0.11377998076251426,-0.007736262582716674,0.015895051861444156,-0.009777240760806553,0.04090454808820271,0.04064244919664324,-0.5514573897992319,0.018661380189385148,4.0,0.39524955499888925,0.19419531702586418,0.18177127149472794
174.0,11.136000000000001,0.1147413814307941,-0.00827307081401136,0.016860619006913144,-0.008938262168318632,-0.00716435555784186,-0.04371256778786082,-0.4874573897992317,0.019083317423495234,-4.0,0.3942992368483911,0.19362541483578455,0.18298642080897004
175.0,11.200000000000001,0.11571445395619044,-0.008842662524267823,0.01593330043517866,-0.009800767926204908,0.0409841501859027,0.04114228178560327,-0.5514573897992318,0.018706285433003296,4.0,0.39333877186014193,0.19330034756175443,0.18424128864413364
176.0,11.264,0.11666737023181364,-0.009374724340278693,0.016766396728905206,-0.00888831243500304,-0.007241936554110911,-0.043607149983835115,-0.4874573897992317,0.018976674029272698,-4.0,0.3923984478753684,0.19319293589901462,0.18549912999872858
177.0,11.328,0.11763356796630578,-0.009940295080883985,0.015839222780164447,-0.009742899610246958,0.04075650928819634,0.04099053127536033,-0.5514573897992318,0.018595834778117132,4.0,0.39144648023749495,0.19326579474856076,0.1867960152033703
178.0,11.392,0.11857925564611001,-0.010468318113075008,0.016655403305043368,-0.008829471871615084,-0.007086367444952557,-0.04308611543766376,-0.4874573897992317,0.018851048585829158,-4.0,0.39051489594675387,0.19350019780547859,0.1880945227296209
179.0,11.456,0.11953801974912087,-0.011029534184243678,0.015698151296103566,-0.009656124815413277,0.04034448215409324,0.04048291388629651,-0.5514573897992318,0.018430211625648743,4.0,0.3895719624055484,0.1938818984262692,0.1894316817664507
180.0,11.52,0.1204769767962677,-0.011553798809827525,0.016539090325596858,-0.008767811270456557,-0.006768283116640933,-0.04226865504793825,-0.4874573897992317,0.018719402321457718,-4.0,0.3886486147678601,0.19439054381429116,0.19076903509779797
181.0,11.584,0.12142778598989745,-0.012110350471753606,0.015522044965799201,-0.009547799658257644,0.03979328140473414,0.03970647874049988,-0.5514573897992318,0.0182234562647846,4.0,0.38771521174447343,0.19502790288270677,0.19214472786687786
182.0,11.648,0.12236040192525437,-0.01263107593997796,0.016419036076500016,-0.008704167322840623,-0.006324318511029783,-0.041221855001114374,-0.4874573897992317,0.018583521584065156,-4.0,0.38679970627876603,0.1957689988314924,0.19351918773968946
183.0,11.712,0.12330285369913584,-0.013182723717808254,0.015317126805359243,-0.009421751992081546,0.03913514949151863,0.03872070912142428,-0.5514573897992318,0.017982874747151725,4.0,0.38587621048465603,0.19662785118783732,0.1949316796040259
184.0,11.776,0.12422946118939074,-0.013700097231628955,0.016296056536081086,-0.008638972600561859,-0.005781472244785608,-0.03999558131317186,-0.4874573897992317,0.018444329920612717,-4.0,0.38496821003331394,0.1975742228882137,0.19634157768914123
185.0,11.84,0.12516324635376835,-0.014246656734624887,0.015087561911302018,-0.0092805438186832,0.03839537294951453,0.037571448438943285,-0.5514573897992318,0.01771335705048228,4.0,0.3840549042298468,0.19863181397573218,0.19778915473996833
186.0,11.904,0.1260841398790673,-0.014760843973452988,0.016170696206420112,-0.008572515758641807,-0.005160878630992068,-0.03862898482279489,-0.4874573897992317,0.01830244361369519,-4.0,0.38315411036701064,0.19976552042345994,0.19923289006724726
187.0,11.968,0.12700902299488673,-0.015302174296362698,0.014836370787905293,-0.009126033087177847,0.03759451773089137,0.03629556880201203,-0.5514573897992318,0.01741844935878261,4.0,0.3822512031677075,0.2010066499437252,0.20071387054672318
188.0,12.032,0.1279244692388716,-0.015813325272765032,0.016043348805037206,-0.00850500551720003,-0.004479544703527759,-0.03715362417050041,-0.4874573897992317,0.018158308283749664,-4.0,0.3813573458431439,0.20231615984097737,0.20218990754256955
189.0,12.096,0.12883931660035855,-0.016348420913893685,0.01430197625529756,-0.008776338547766006,0.03583730648424137,0.033199934183617635,-0.5503923398509218,0.016780066838725606,4.0,0.38046590438203504,0.2037308589591625,0.20370235907814566
190.0,12.16,0.12975321528000724,-0.01685745218687593,0.015892503290376656,-0.00840336734751365,-0.004292560215846463,-0.03676136323150857,-0.4863923398509218,0.017977437070169133,-4.0,0.37957511793523757,0.20520833167282526,0.20520806572275874
191.0,12.224,0.1306577102958548,-0.017384691481944534,0.013453294037003228,-0.008209576590941087,0.03312360529958936,0.02823247245150535,-0.5479061588751813,0.01576033845602925,4.0,0.3786953550833052,0.20678984457847396,0.20674912118634325
192.0,12.288,0.13157464692177087,-0.017892469460381748,0.01571826768872919,-0.008261299143542535,-0.00471656425544174,-0.03771870928403608,-0.4839061588751813,0.017757055011280578,-4.0,0.3778030949956288,0.20843226327857128,0.208281734925444
193.0,12.352,0.13247374273693102,-0.018413784617425703,0.012784231680012638,-0.007777851947971124,0.03144982992137969,0.025087168290564666,-0.5465688291771825,0.01496434297163751,4.0,0.376930118054712,0.21017889114454794,0.20984915157401807
194.0,12.416,0.13339072634954996,-0.018920014641418646,0.015553735281008804,-0.008148295462914186,-0.004449840786050693,-0.037223831414421406,-0.48256882917718247,0.017558855319827826,-4.0,0.3760393624719946,0.21199016055530331,0.2114087861296925
195.0,12.48,0.13428548490057565,-0.019437155672186974,0.012704170040212489,-0.007702091883503657,0.03003025991381995,0.023013389295495776,-0.5450132864971722,0.01485658627654972,4.0,0.3751721767587635,0.21390660790961954,0.21300228299477092
196.0,12.544,0.13519764165890577,-0.019938871083598105,0.015472089467757045,-0.008074874947512278,-0.0043642312120438925,-0.03699861461303103,-0.4810132864971721,0.01745248285821361,-4.0,0.3742876397912846,0.2158918230215584,0.21458745461290185
197.0,12.608,0.1360876464094943,-0.020451407471397846,0.012634564183242844,-0.007632302642034229,0.02865994176742292,0.021016775299262137,-0.5434149772260538,0.014760902943928789,4.0,0.3734266211090943,0.2179855924498083,0.2162055751110955
198.0,12.672,0.1369949829039763,-0.020948583744544336,0.015393001957336908,-0.008002321225061625,-0.004215074491191798,-0.036653845372348094,-0.4794149772260538,0.01734882284904799,-4.0,0.37254827544529384,0.2201550551683419,0.21781499969236806
199.0,12.736,0.13788033027725144,-0.02145651327098935,0.012569106036894413,-0.007562632975107984,0.02728576651535923,0.019004800650925083,-0.5416569896583914,0.014668873306525155,4.0,0.3716933072095071,0.22243932098902353,0.21945646546155462
200.0,12.8,0.1387830504557302,-0.02194909803042874,0.015317099002544642,-0.007928688250633637,-0.00405220594192535,-0.036296573437426975,-0.47765698965839126,0.017247539512333054,-4.0,0.3708209263540278,0.22480967452733203,0.22108879668185327
201.0,12.864,0.13966395447117386,-0.022452375346389972,0.012507507816549019,-0.007492612408026234,0.025912352015787628,0.01698282036458571,-0.5397200809137215,0.014580020318159487,4.0,0.3699717716782207,0.22730515466926562,0.22275229339767344
202.0,12.928,0.14056091402142867,-0.02294113765289059,0.01521733436058713,-0.007870711139013302,-0.0031875120981368146,-0.03445247036901786,-0.47732859118205573,0.01713228994838967,-4.0,0.3691065251048528,0.22990329954983355,0.22440755644720367
203.0,12.992,0.1414361682985287,-0.023440371808341433,0.012454301869748309,-0.007426707980130454,0.02459698355328216,0.015047870993242916,-0.5377067774402129,0.014500538834296799,4.0,0.36826440671139243,0.2326429078459936,0.22609300833499035
204.0,13.056000000000001,0.14232684272029447,-0.023925637342448108,0.015108536203814985,-0.007820305626961146,-0.0020410342546064476,-0.032009972825438826,-0.477634912488365,0.017012496769171426,-4.0,0.36740682424852017,0.23550972663115455,0.2277705776967387
205.0,13.120000000000001,0.14319598614783177,-0.024421073747752986,0.012410730307718113,-0.007362223906534481,0.023262793507672037,0.01307372445441013,-0.5354151473143521,0.01443012708263031,4.0,0.36657220269008156,0.23854499463109366,0.2294772802872343
206.0,13.184000000000001,0.144080328683957,-0.024902915139969197,0.014998261433274814,-0.007771984300592546,-0.0008324396190731685,-0.029441776639917032,-0.47809533909575863,0.01689235288494518,-4.0,0.3657223233144185,0.24174729498194483,0.23117613595272207
207.0,13.248000000000001,0.14494438094011527,-0.02539412143243999,0.01236995953232213,-0.0072956310437706975,0.02194152278404272,0.011101714988605647,-0.5328754787930549,0.014361132655822029,4.0,0.36489413677915594,0.24516606886574363,0.23290220908246995
208.0,13.312000000000001,0.14582233298978947,-0.025872680137543454,0.014884520976845603,-0.007726079505792222,0.000469052160146477,-0.02668780170009677,-0.4787854363547547,0.016770249528256263,-4.0,0.36405201602042014,0.2488252825122258,0.23462144819465292
209.0,13.376,0.14668237556032673,-0.026359207012442206,0.012331637239270428,-0.007226824115264607,0.020653600172614993,0.009162757566250967,-0.530091033897435,0.014293224401580325,4.0,0.3632291359299443,0.2528004806563629,0.23636504945108666
210.0,13.44,0.14755385275276614,-0.02683463614510283,0.014770322238552819,-0.007675864899443128,0.0017377199184860637,-0.024027795875911008,-0.479268640587745,0.016645759850039618,-3.878157379528591,0.3623948564287092,0.2571806030951227,0.23810383823091757
211.0,13.504,0.14841067412842615,-0.027316202245359588,0.012303921309368979,-0.007154900987103128,0.01930913427184859,0.007106913468289188,-0.5267158518360129,0.01423302805879316,4.0,0.36157645510680175,0.2621522146260222,0.2398634668607587
212.0,13.568,0.14927636824046495,-0.027788298942606017,0.014668399797277744,-0.007609117862050398,0.002782631615624828,-0.021888616773176987,-0.47852869404682064,0.016524546204097473,-3.713985167299075,0.3607492991189381,0.2681170710054069,0.24162039991854972
213.0,13.632,0.15013133533550044,-0.028264397042652448,0.012296715807505023,-0.007081623496172796,0.017911131007462975,0.004933396213322618,-0.5225070234832578,0.014190088477246733,3.8771364948759977,0.3599339517165693,0.27658871857313055,0.24339420387959676
214.0,13.696,0.15100989272557103,-0.02873980219924435,0.018745574372844426,-0.009116032132160959,0.019262726767822397,0.006857200242020027,-0.45263022237533085,0.02084463001356543,2.4739181569770325,0.3590958496911524,inf,0.24516792395192094
215.0,13.76,0.15213988778015955,-0.029176750937387235,0.019488217881262385,-0.005973619629175527,0.018801005409246337,0.005320949889578742,-0.29743193247097405,0.02038319817059203,1.9833707034905377,0.3580048365458173,inf,0.24682630397779604
216.0,13.824,0.1533990189422685,-0.02948074950653238,0.020419880276592098,-0.003785272153262081,0.018234443718612763,0.004251096037153631,-0.18329134226734659,0.020767758564289415,1.4590995083138512,0.35677489979339627,inf,0.24832683296413743
217.0,13.888,0.15471676942951298,-0.029666346523024446,0.020897842764495245,-0.002124792978005165,0.01789004243568163,0.0034357042108445384,-0.10132701986987314,0.021005584433882014,1.0369961578655276,0.3554771133228152,inf,0.24970836874162688
218.0,13.952,0.15605849757019724,-0.029761510602063106,0.021069882209432424,-0.0009200048603147155,0.017696684461958302,0.0028409232783224063,-0.0436367337111694,0.0210899583987821,0.7246450711136027,0.354148068041051,inf,0.25100892788824214
219.0,14.016,0.15740744754850983,-0.029791741190086964,0.02108903079190144,-7.399527300439796e-05,0.01757919417245879,0.0024203369317091564,-0.003508694642437325,0.021089160605443594,0.5020745814553184,0.3528064594443757,inf,0.25225777744136857
220.0,14.08,0.1587559351913007,-0.029776679986307075,0.02104020492572062,0.0005099390749433386,0.017495728094125924,0.0021271648614328968,0.024231668143187467,0.021046383565270124,0.3464012169497711,0.3514615301877398,inf,0.25347556151551753
221.0,14.144,0.16010065463450943,-0.02973047424754762,0.020963968637873122,0.0009093571518237377,0.01742626868259298,0.0019237593638919408,0.04334997198010373,0.020983682028645517,0.23850809051642424,0.3501177374806582,inf,0.2546763265670758
222.0,14.208,0.16144030903905998,-0.029663017393521923,0.02087833505807264,0.0011810218813676967,0.017361913120129177,0.0017825304507979056,0.05650664237480524,0.020911711730066822,0.1640597832438567,0.3487771966785999,inf,0.25586950028394073
223.0,14.272,0.16277447815656523,-0.029581138281371377,0.020790779898633673,0.001364881065106552,0.017298957170448236,0.001684050529956434,0.06555431682295468,0.020835532849325367,0.11279744495096912,0.34744089927707905,inf,0.25706137986522515
224.0,14.336,0.1641030994254189,-0.029489523993819294,0.0207040903936273,0.0014885767472804224,0.01723601222144313,0.0016148735458653323,0.07177420924736999,0.020757534048148257,0.07753552581717446,0.34610930288428166,inf,0.2582561597720569
225.0,14.4,0.16542623949499277,-0.029391384145448948,0.020619070771208833,0.0015710988921700238,0.01717267082708645,0.0015657612855509043,0.07604944542789216,0.020678840180172006,0.053291379633280914,0.34478261277795813,inf,0.2594566216394036
226.0,14.464,0.16674399875664506,-0.029288914685920004,0.020535751204019254,0.0016254557563392688,0.017108909869749063,0.001530385296703966,0.07898780460837548,0.02059998019244666,0.036626195114014014,0.34346091528844386,inf,0.2606645946531081
227.0,14.528,0.1680564749068589,-0.029183617581096243,0.020453907344445483,0.0016605488560194853,0.017044833707518837,0.0015044149784779568,0.08100726021121606,0.020521202405278022,0.025171931500444725,0.3421442407611604,inf,0.2618812635463588
228.0,14.592,0.16936375164822826,-0.029076520005387844,0.020373270212131537,0.0016824678809154376,0.01698057013436626,0.001484887659973309,0.08239515482084227,0.020442623053484068,0.017299617650431476,0.34083259322662474,inf,0.2631073757039073
229.0,14.656,0.1706658973773466,-0.02896832434076276,0.020293601216375648,0.0016953790330740733,0.01691623297391474,0.0014697764307239842,0.08334899419156064,0.020364296216542087,0.01188924326906226,0.3395259643704379,inf,0.2643433811413929
230.0,14.72,0.17196296730750488,-0.028859510767233105,0.02021471122423323,0.0017021329250371715,0.016851912375573284,0.0014576943988600629,0.08400452390604703,0.020286246729585948,0.008170918094964612,0.3382243401083618,inf,0.2655895275245316
231.0,14.784,0.17325500634246171,-0.028750407427265152,0.0201364584342626,0.001704680263170834,0.016787675647762054,0.001447692462595795,0.08445503838883626,0.0202084856699959,0.005615481463263468,0.33692770368027825,inf,0.2668459248831407
232.0,14.848,0.1745420517118904,-0.028641238420760967,0.020058739784543134,0.0017043560809848618,0.01672357134306749,0.0014391210331684465,0.08476465536897893,0.020131017644292194,0.003859249896748935,0.3356360371058731,inf,0.2681125897923207
233.0,14.912,0.1758241350898475,-0.02853215664164163,0.01998148171520294,0.0017020741269808558,0.01665963370750102,0.0014315354678409026,0.08497744017488623,0.020053844216726305,0.002652275858239656,0.33434932186941707,inf,0.2693894755871434
234.0,14.976,0.17710128419293433,-0.028423266247384095,0.019904632266491563,0.0016984598379651127,0.016595886503609762,0.0014246313808081714,0.08512367687422082,0.019976965522457046,0.0018227807366598893,0.3330675392418156,inf,0.2706764930500512
235.0,15.040000000000001,0.17857631122531792,-0.02832935717847242,0.024656950671706465,-0.0002665273762489244,0.011958288061292713,-0.0730815663920196,-0.010809000668929286,0.024658391133025204,-4.0,0.3315898805777348,0.30337332998680694,0.2719391155933375
236.0,15.104000000000001,0.17974746095031408,-0.028425203417939544,0.018742831794754132,-0.001659421487481503,0.014731070515014896,-0.00723527267028324,-0.08830607310058738,0.018816147941583625,-2.1491595550726754,0.3304312593475606,0.3004384047930356,0.2734681031223426
237.0,15.168000000000001,0.1809229102039723,-0.028542631430603184,0.01803619591832521,-0.0021009288950825412,0.01668916466696105,0.01003271965683995,-0.11596144487724004,0.018158145979873707,3.2913383356443218,0.32927034139624134,0.298763733753452,0.27502490892067044
238.0,15.232000000000001,0.18209508725089768,-0.02865412872312049,0.01863165618255074,-0.0014304186999198182,0.014143962610663918,-0.014823390448424609,-0.07662325888744732,0.018686484681765626,-3.333908509242282,0.32811231065979163,0.2977284004587797,0.2765844569905266
239.0,15.296000000000001,0.18326202975889708,-0.02877113779103825,0.017824327470998963,-0.0020915987775179793,0.01667376488571446,0.010554130936873067,-0.11681096889979642,0.01794662740571395,3.385554394704672,0.3269601179749083,0.2971131123978477,0.27815816191342946
240.0,15.36,0.18442575349612683,-0.028881867334055983,0.018488941439414007,-0.0014169940614102122,0.014026978950133226,-0.014873014808188123,-0.07649055888857778,0.01854316121162064,-3.3565881182820845,0.3258107216805327,0.2967882348127418,0.2797339086691198
241.0,15.424,0.1855838246064049,-0.028998005275828596,0.01768348816607478,-0.002075901372654084,0.01655806830588343,0.010552996687024536,-0.11685723451548692,0.017804918428026957,3.3977150904896933,0.3246675782858038,0.2966990706280178,0.28132346302816363
242.0,15.488,0.18673870300213927,-0.029107837965689522,0.018351189004595453,-0.0014050284271402143,0.013919187249668844,-0.014777958187493744,-0.07641426625626897,0.018404897249467523,-3.358547209071517,0.323527195176378,0.296787699248752,0.28291468797281644
243.0,15.552,0.18788796092392565,-0.029223028338719623,0.01754716857510133,-0.002058345994131426,0.01642719387467045,0.010435544341746272,-0.11676995832700585,0.0176674818022994,3.3929400056094496,0.3223930356285599,0.297036733401513,0.28451933082978476
244.0,15.616,0.18903407327151706,-0.02933195824052391,0.01821297706719601,-0.0013941050624623555,0.013820603197358795,-0.014572038867386507,-0.07639563079439386,0.018266254749548166,-3.3470397319871337,0.3212615854717456,0.29741060805865727,0.28612535086055085
245.0,15.68,0.19017461566520646,-0.029446147760946395,0.01741382160204768,-0.0020394637425464397,0.016286408000784205,0.010238003343591442,-0.11658641098182376,0.017532843327455586,3.376268667131079,0.32013630678127647,0.29790540059146786,0.2877443611393028
246.0,15.744,0.19131204225290294,-0.029554172896677496,0.0180746379947078,-0.0013839598649655577,0.013728840032403976,-0.01428739786122052,-0.07642004760549727,0.018127544884720882,-3.32546574148294,0.31901370863599265,0.2984951946570683,0.28936452241783517
247.0,15.808,0.19244395848674253,-0.029667324993793293,0.017282985503096093,-0.002019603321969119,0.01613871318452138,0.009982511086172912,-0.11632743009158326,0.01740058577974714,3.350266533452633,0.317897217360611,0.29918207592312906,0.29099722253081023
248.0,15.872,0.193572776932638,-0.029774443815935234,0.017936379300542045,-0.0013744770877545161,0.013642449132274012,-0.013943129338520082,-0.07648121588608461,0.017988965775654675,-3.2955609873726983,0.31678339292870517,0.2999452281517937,0.29263089703243433
249.0,15.936,0.19469615062048776,-0.029886532548580962,0.017154410331633365,-0.001998959353996935,0.015985997014694737,0.009683015762073002,-0.11600425801053063,0.017270484426471118,3.3163168239053644,0.3156756021656285,0.30078973808128134,0.29427664554310495
250.0,16.0,0.1958164366906026,-0.029992743356219716,0.017798303685566647,-0.0013656141765267724,0.01356049920767014,-0.013551429296819684,-0.07657717314421916,0.017850616688584914,-3.2582235696500748,0.3145704749293518,0.30169789989485374,0.29592322951597205
251.0,16.064,0.19693134741402893,-0.030103750060401294,0.01702795366890041,-0.0019776413991076497,0.01582952395404549,0.009348852163508187,-0.11562286208609998,0.017142411488868286,3.275156216931345,0.3134713023389837,0.30267637765340105,0.29758141668378496
252.0,16.128,0.19804317548195263,-0.030209050902275363,0.017660454560059984,-0.0013573715197725,0.013482364906919113,-0.013120432200745694,-0.07670856488527689,0.017712541113872764,-3.2138493978009177,0.31237479709654814,0.30370958004230614,0.29924032967968045
253.0,16.192,0.19914969979025293,-0.030318962129109457,0.016903539657421394,-0.001955705174767156,0.01567016396199117,0.008986420140309256,-0.11518582903639472,0.017016299118216886,3.2271067446649395,0.3112841637473494,0.30480499721943227,0.3009103744394116
254.0,16.256,0.20025314306829387,-0.03042335091843949,0.01752283730821389,-0.0013497788942932313,0.013407621558884152,-0.01265563395291167,-0.07687788590698402,0.017574746951054862,-3.1624825355789543,0.3101962063949954,0.3059486022004588,0.3025810586107349
255.0,16.32,0.20135135510981322,-0.030532157033745892,0.01678113972625088,-0.001933167308908554,0.015508511471531258,0.008600052283983308,-0.11469323633483622,0.016892122020521524,3.1721795430080424,0.3091140360264319,0.3071482833164767,0.3042624062892374
256.0,16.384,0.20244648575094415,-0.030635631770841908,0.017385429518470587,-0.0013428887372898158,0.013335987729159398,-0.012160688732085766,-0.07708912444458578,0.017437216225718147,-3.1038821709483466,0.3080345534799524,0.30839125005700496,0.3059443258263855
257.0,16.448,0.20353645770101755,-0.030743325917807297,0.01666076354438347,-0.001910012087244002,0.015344951798710467,0.008192489019548041,-0.11414302361446535,0.01676988932746056,3.110113302869041,0.30696077199455624,0.3096855310971854,0.3076364462679596
258.0,16.512,0.20462334682350297,-0.030845884970512234,0.017248185643789098,-0.001336772617709535,0.013267292062028174,-0.01163789375068221,-0.07734759856669329,0.017299909509418548,-3.037544844697854,0.3058896921947021,0.31101936531743263,0.3093290869167978
259.0,16.576,0.2057051491938671,-0.030952462233472734,0.016542455644576258,-0.0018861936087542829,0.015179699185565275,0.0077651375788373184,-0.11353107235769884,0.016649641590210835,3.040371157801422,0.30482422728136993,0.31240075941115286,0.31103147284123933
260.0,16.64,0.20678386685809763,-0.031054104648603066,0.017111038286191448,-0.0013315194956437886,0.013201454130395968,-0.011088499339901364,-0.07765990418300003,0.01716276712534401,-2.9626970472067327,0.30376147925161623,0.31381884542712085,0.31273434146882867
261.0,16.704,0.20785756873706052,-0.031159561316273496,0.01642629575291097,-0.0018616348072826795,0.01501281798620137,0.0073181968726501855,-0.1128510803776086,0.0165314511255905,2.9621033907422896,0.3027042600822696,0.31528150168802993,0.3144465069536168
262.0,16.768,0.20892818389298723,-0.03126028714744349,0.016973896893802774,-0.001327235319215739,0.013138474733259216,-0.010512906242155456,-0.07803395156064265,0.01702570789582686,-2.8782623699310856,0.3016497740194571,0.316778662169174,0.31615913114525773
263.0,16.832,0.2099938531495867,-0.03136461999988757,0.016312401978871776,-0.001836223981098297,0.014844233267610316,0.006850690336743471,-0.1120942666189864,0.01641542496644727,2.874074694979243,0.30060073097887735,0.3183180037267623,0.3178806101526353
264.0,16.896,0.21105643356668324,-0.03146443064655317,0.016836643927215646,-0.00132404403107977,0.013078433947457993,-0.009910775299860808,-0.07847910018423018,0.016888625501445802,-2.7828005289538384,0.29955443836448065,0.3198902022388568,0.3196025378341897
