scenario,method,success,goal_reached_once,steps,path_length,final_goal_distance,min_clearance,mean_speed,collision,safety_violation,time_to_goal_steps,path_efficiency,status,webots_exit_code,world_path,scale
single_sphere,paper_pd_3d,0.0,1.0,2200.0,13.207520810899432,0.2218107683186943,0.9768894598586375,0.18760682970027565,0.0,0.0,1361.0,0.24204253393869626,timeout,1.0,/Users/ahmadataka/Documents/Bitbucket - Ataka/magnetic-field-inspired-navigation/webots/worlds/generated/crazyflie/3d/single_sphere/single_sphere.wbt,0.32
single_sphere,paper_geometric_3d,1.0,1.0,849.0,7.304120001104749,0.15986717472592257,1.0927755623559199,0.2688501178262937,0.0,0.0,817.0,0.44663200450708623,goal_reached,0.0,/Users/ahmadataka/Documents/Bitbucket - Ataka/magnetic-field-inspired-navigation/webots/worlds/generated/crazyflie/3d/single_sphere/single_sphere.wbt,0.32
single_sphere,apf_3d,1.0,1.0,1040.0,8.895355011735612,0.17663206274820986,0.5906675113213149,0.26728831165070954,0.0,0.0,971.0,0.39329645282722614,goal_reached,0.0,/Users/ahmadataka/Documents/Bitbucket - Ataka/magnetic-field-inspired-navigation/webots/worlds/generated/crazyflie/3d/single_sphere/single_sphere.wbt,0.32
single_sphere,haddadin_3d,1.0,1.0,952.0,9.761581086563627,0.0590167657563736,0.6007120741296499,0.3204300514234386,0.0,0.0,893.0,0.34697889267704063,goal_reached,0.0,/Users/ahmadataka/Documents/Bitbucket - Ataka/magnetic-field-inspired-navigation/webots/worlds/generated/crazyflie/3d/single_sphere/single_sphere.wbt,0.32
single_sphere,sabattini_3d,1.0,1.0,1663.0,21.32684196256108,0.13212247161526844,0.45150890334372096,0.4007599587071761,0.0,0.0,1626.0,0.15976506606253504,goal_reached,0.0,/Users/ahmadataka/Documents/Bitbucket - Ataka/magnetic-field-inspired-navigation/webots/worlds/generated/crazyflie/3d/single_sphere/single_sphere.wbt,0.32
double_sphere_gap,paper_pd_3d,0.0,0.0,2200.0,12.645907200198128,0.7761409809242924,0.5977334960957799,0.17962936363917795,0.0,0.0,inf,0.19919930544440145,timeout,1.0,/Users/ahmadataka/Documents/Bitbucket - Ataka/magnetic-field-inspired-navigation/webots/worlds/generated/crazyflie/3d/double_sphere_gap/double_sphere_gap.wbt,0.256
double_sphere_gap,paper_geometric_3d,1.0,1.0,1812.0,12.075970361534152,0.15289556168479254,0.8622554244342873,0.20826383763683348,0.0,0.0,1778.0,0.2582763828090824,goal_reached,0.0,/Users/ahmadataka/Documents/Bitbucket - Ataka/magnetic-field-inspired-navigation/webots/worlds/generated/crazyflie/3d/double_sphere_gap/double_sphere_gap.wbt,0.256
double_sphere_gap,apf_3d,1.0,1.0,1186.0,10.94230433481982,0.1754960484260481,0.4584044512679423,0.2883195703736249,0.0,0.0,1117.0,0.3122107204118858,goal_reached,0.0,/Users/ahmadataka/Documents/Bitbucket - Ataka/magnetic-field-inspired-navigation/webots/worlds/generated/crazyflie/3d/double_sphere_gap/double_sphere_gap.wbt,0.256
double_sphere_gap,haddadin_3d,0.0,0.0,501.0,6.322628584596341,1.875332377848371,0.0039429486055637675,0.3943755354663392,0.0,1.0,inf,0.25250952935038556,collision,2.0,/Users/ahmadataka/Documents/Bitbucket - Ataka/magnetic-field-inspired-navigation/webots/worlds/generated/crazyflie/3d/double_sphere_gap/double_sphere_gap.wbt,0.256
double_sphere_gap,sabattini_3d,1.0,1.0,1481.0,19.83597684110807,0.17808286807133308,0.3668664584189007,0.41855116562095074,0.0,0.0,1454.0,0.17228097153165212,goal_reached,0.0,/Users/ahmadataka/Documents/Bitbucket - Ataka/magnetic-field-inspired-navigation/webots/worlds/generated/crazyflie/3d/double_sphere_gap/double_sphere_gap.wbt,0.256
sphere_cluster,paper_pd_3d,0.0,0.0,2200.0,14.379841541398376,0.9567406434347446,0.5105756472303709,0.20425911280395426,0.0,0.0,inf,0.21948325571523283,timeout,1.0,/Users/ahmadataka/Documents/Bitbucket - Ataka/magnetic-field-inspired-navigation/webots/worlds/generated/crazyflie/3d/sphere_cluster/sphere_cluster.wbt,0.2285714285714286
sphere_cluster,paper_geometric_3d,1.0,1.0,1617.0,11.405722588093745,0.1586892090200715,0.47838430636577134,0.2204259931217873,0.0,0.0,1593.0,0.3013345099250057,goal_reached,0.0,/Users/ahmadataka/Documents/Bitbucket - Ataka/magnetic-field-inspired-navigation/webots/worlds/generated/crazyflie/3d/sphere_cluster/sphere_cluster.wbt,0.2285714285714286
sphere_cluster,apf_3d,0.0,1.0,2200.0,14.950856555027725,0.3235331390574823,0.40489175415450956,0.21237012152027981,0.0,0.0,1131.0,0.23408053505707635,timeout,1.0,/Users/ahmadataka/Documents/Bitbucket - Ataka/magnetic-field-inspired-navigation/webots/worlds/generated/crazyflie/3d/sphere_cluster/sphere_cluster.wbt,0.2285714285714286
sphere_cluster,haddadin_3d,1.0,1.0,519.0,4.809274494558111,0.045837082117276884,0.25836746787020015,0.2895757764064375,0.0,0.0,487.0,0.6774711577244036,goal_reached,0.0,/Users/ahmadataka/Documents/Bitbucket - Ataka/magnetic-field-inspired-navigation/webots/worlds/generated/crazyflie/3d/sphere_cluster/sphere_cluster.wbt,0.2285714285714286
sphere_cluster,sabattini_3d,0.0,0.0,501.0,5.325475328701782,2.485225991554504,-0.04079698194266812,0.3321778523391833,1.0,1.0,inf,0.16344046839840914,collision,2.0,/Users/ahmadataka/Documents/Bitbucket - Ataka/magnetic-field-inspired-navigation/webots/worlds/generated/crazyflie/3d/sphere_cluster/sphere_cluster.wbt,0.2285714285714286
offset_cavity,paper_pd_3d,1.0,1.0,1086.0,7.690256705811925,0.16884419031057257,0.6384271004078941,0.22128961515342768,0.0,0.0,1012.0,0.4172496650689629,goal_reached,0.0,/Users/ahmadataka/Documents/Bitbucket - Ataka/magnetic-field-inspired-navigation/webots/worlds/generated/crazyflie/3d/offset_cavity/offset_cavity.wbt,0.23703703703703705
offset_cavity,paper_geometric_3d,1.0,1.0,1180.0,8.290428382117854,0.16411771026813235,0.7238121923255583,0.21955583639083295,0.0,0.0,1148.0,0.40318829675277995,goal_reached,0.0,/Users/ahmadataka/Documents/Bitbucket - Ataka/magnetic-field-inspired-navigation/webots/worlds/generated/crazyflie/3d/offset_cavity/offset_cavity.wbt,0.23703703703703705
offset_cavity,apf_3d,1.0,1.0,1452.0,12.626880051276153,0.17977035806350977,0.36727344820226504,0.2717561994506752,0.0,0.0,1411.0,0.26409846223616834,goal_reached,0.0,/Users/ahmadataka/Documents/Bitbucket - Ataka/magnetic-field-inspired-navigation/webots/worlds/generated/crazyflie/3d/offset_cavity/offset_cavity.wbt,0.23703703703703705
offset_cavity,haddadin_3d,0.0,0.0,1155.0,1634.1861979952719,504.72282146357634,0.012169301647828867,44.214994534504136,0.0,1.0,inf,0.31019385337345745,collision,2.0,/Users/ahmadataka/Documents/Bitbucket - Ataka/magnetic-field-inspired-navigation/webots/worlds/generated/crazyflie/3d/offset_cavity/offset_cavity.wbt,0.23703703703703705
offset_cavity,sabattini_3d,1.0,1.0,1984.0,26.449601182428175,0.1624163800697818,0.28192780558340824,0.4166078815276613,0.0,0.0,1955.0,0.12672798982214453,goal_reached,0.0,/Users/ahmadataka/Documents/Bitbucket - Ataka/magnetic-field-inspired-navigation/webots/worlds/generated/crazyflie/3d/offset_cavity/offset_cavity.wbt,0.23703703703703705
archway,paper_pd_3d,0.0,0.0,2200.0,20.10025583615634,0.9701991605268295,0.4319969692217034,0.28551499767267524,0.0,0.0,inf,0.14268235263456971,timeout,1.0,/Users/ahmadataka/Documents/Bitbucket - Ataka/magnetic-field-inspired-navigation/webots/worlds/generated/crazyflie/3d/archway/archway.wbt,0.24615384615384617
archway,paper_geometric_3d,1.0,1.0,1188.0,9.812579312946992,0.12482640949358684,0.735800161344391,0.2581170905131255,0.0,0.0,1091.0,0.34119370232322277,goal_reached,0.0,/Users/ahmadataka/Documents/Bitbucket - Ataka/magnetic-field-inspired-navigation/webots/worlds/generated/crazyflie/3d/archway/archway.wbt,0.24615384615384617
archway,apf_3d,1.0,1.0,1729.0,18.868134918644603,0.1734346231100148,0.42766207751549534,0.34102325980777515,0.0,0.0,1702.0,0.18619422977311645,goal_reached,0.0,/Users/ahmadataka/Documents/Bitbucket - Ataka/magnetic-field-inspired-navigation/webots/worlds/generated/crazyflie/3d/archway/archway.wbt,0.24615384615384617
archway,haddadin_3d,0.0,0.0,522.0,8.767711772103647,0.10589689072719749,0.04925083777787542,0.5248869595368563,0.0,1.0,502.0,0.3792056362412292,goal_reached,0.0,/Users/ahmadataka/Documents/Bitbucket - Ataka/magnetic-field-inspired-navigation/webots/worlds/generated/crazyflie/3d/archway/archway.wbt,0.24615384615384617
archway,sabattini_3d,1.0,1.0,858.0,10.421870360147594,0.1684452397592434,0.29155730281531567,0.37958443910793926,0.0,0.0,826.0,0.3370130717733988,goal_reached,0.0,/Users/ahmadataka/Documents/Bitbucket - Ataka/magnetic-field-inspired-navigation/webots/worlds/generated/crazyflie/3d/archway/archway.wbt,0.24615384615384617
convex_prism_block,paper_pd_3d,0.0,1.0,2200.0,12.310546150875155,0.18718237285997316,0.8879490055653965,0.17486571237038603,0.0,0.0,1780.0,0.26251469669354716,timeout,1.0,/Users/ahmadataka/Documents/Bitbucket - Ataka/magnetic-field-inspired-navigation/webots/worlds/generated/crazyflie/3d/convex_prism_block/convex_prism_block.wbt,0.26666666666666666
convex_prism_block,paper_geometric_3d,1.0,1.0,835.0,6.5865696943973635,0.15683614192392276,1.0135622184996727,0.24650335682624866,0.0,0.0,804.0,0.5005469666932031,goal_reached,0.0,/Users/ahmadataka/Documents/Bitbucket - Ataka/magnetic-field-inspired-navigation/webots/worlds/generated/crazyflie/3d/convex_prism_block/convex_prism_block.wbt,0.26666666666666666
convex_prism_block,apf_3d,1.0,1.0,1336.0,13.392838721937022,0.17613757646699077,0.4334940585194079,0.31326812130279347,0.0,0.0,1310.0,0.2546818562325853,goal_reached,0.0,/Users/ahmadataka/Documents/Bitbucket - Ataka/magnetic-field-inspired-navigation/webots/worlds/generated/crazyflie/3d/convex_prism_block/convex_prism_block.wbt,0.26666666666666666
convex_prism_block,haddadin_3d,1.0,1.0,847.0,7.567149392258994,0.16210080017962658,0.524282055854395,0.2791893961134519,0.0,0.0,831.0,0.44999138063632715,goal_reached,0.0,/Users/ahmadataka/Documents/Bitbucket - Ataka/magnetic-field-inspired-navigation/webots/worlds/generated/crazyflie/3d/convex_prism_block/convex_prism_block.wbt,0.26666666666666666
convex_prism_block,sabattini_3d,1.0,1.0,1387.0,17.27296587229394,0.17270660942327815,0.35423232439535013,0.3891710046929954,0.0,0.0,1356.0,0.20369618442076684,goal_reached,0.0,/Users/ahmadataka/Documents/Bitbucket - Ataka/magnetic-field-inspired-navigation/webots/worlds/generated/crazyflie/3d/convex_prism_block/convex_prism_block.wbt,0.26666666666666666
nonconvex_prism_u,paper_pd_3d,1.0,1.0,752.0,6.215143924782688,0.17859886088493168,0.9629314557802237,0.2582755952785363,0.0,0.0,751.0,0.5223008382294361,goal_reached,0.0,/Users/ahmadataka/Documents/Bitbucket - Ataka/magnetic-field-inspired-navigation/webots/worlds/generated/crazyflie/3d/nonconvex_prism_u/nonconvex_prism_u.wbt,0.256
nonconvex_prism_u,paper_geometric_3d,1.0,1.0,1638.0,15.307119676699651,0.1620636892338628,0.9286020548521395,0.29203143461347036,0.0,0.0,1608.0,0.20851329556826884,goal_reached,0.0,/Users/ahmadataka/Documents/Bitbucket - Ataka/magnetic-field-inspired-navigation/webots/worlds/generated/crazyflie/3d/nonconvex_prism_u/nonconvex_prism_u.wbt,0.256
nonconvex_prism_u,apf_3d,1.0,1.0,1404.0,11.645015300668682,0.17953914143525226,0.4263360931634907,0.2591928263147408,0.0,0.0,1363.0,0.2923044829883366,goal_reached,0.0,/Users/ahmadataka/Documents/Bitbucket - Ataka/magnetic-field-inspired-navigation/webots/worlds/generated/crazyflie/3d/nonconvex_prism_u/nonconvex_prism_u.wbt,0.256
nonconvex_prism_u,haddadin_3d,1.0,1.0,705.0,6.562422236204642,0.11836452091528839,0.5709612530301237,0.2908875104700636,0.0,0.0,697.0,0.48132133905647834,goal_reached,0.0,/Users/ahmadataka/Documents/Bitbucket - Ataka/magnetic-field-inspired-navigation/webots/worlds/generated/crazyflie/3d/nonconvex_prism_u/nonconvex_prism_u.wbt,0.256
nonconvex_prism_u,sabattini_3d,1.0,1.0,1469.0,17.460148754202237,0.1567182184529647,0.2673329428126131,0.3714293046758473,0.0,0.0,1452.0,0.18149998279315332,goal_reached,0.0,/Users/ahmadataka/Documents/Bitbucket - Ataka/magnetic-field-inspired-navigation/webots/worlds/generated/crazyflie/3d/nonconvex_prism_u/nonconvex_prism_u.wbt,0.256
