model_family,scenario,method,seed,heading_margin_deg,initial_speed_mag,success,goal_reached_once,collision,safety_violation,min_clearance,final_goal_distance,time_to_goal_steps,path_length,path_efficiency,mean_speed
dynamic_double_integrator_2d,moving_circle_crossing,paper_pd,0,-60.0,0.8,1.0,1.0,0.0,0.0,1.3003227650262252,0.1503844270122133,1311.0,14.771756672318093,0.802181844003524,0.5315512822544247
dynamic_double_integrator_2d,moving_circle_crossing,paper_geometric,0,-60.0,0.8,1.0,1.0,0.0,0.0,0.7014916148796426,0.009106234620284679,674.0,17.661254582931097,0.6789752372579513,0.7639263000402381
dynamic_double_integrator_2d,moving_circle_crossing,apf,0,-60.0,0.8,1.0,1.0,0.0,0.0,1.0859107254834586,0.1505930543559511,1020.0,13.991821180683086,0.8470623089810004,0.6378789244391212
dynamic_double_integrator_2d,moving_circle_crossing,haddadin,0,-60.0,0.8,0.0,0.0,1.0,1.0,-0.018331994514034333,7.07630140138051,inf,6.6169224691123825,0.8121997241316444,0.9929524654359849
dynamic_double_integrator_2d,moving_circle_crossing,sabattini,0,-60.0,0.8,1.0,1.0,0.0,0.0,1.5582427539060053,0.15003789638741355,990.0,13.552729788736185,0.8767276648359014,0.6328698595492624
dynamic_double_integrator_2d,moving_circle_crossing,paper_pd,1,-60.0,0.8,1.0,1.0,0.0,0.0,1.3892368216071527,0.15123024894937617,1290.0,14.77996137349678,0.8016926323608738,0.5399985902736053
dynamic_double_integrator_2d,moving_circle_crossing,paper_geometric,1,-60.0,0.8,1.0,1.0,0.0,0.0,0.6987609268392001,0.009300270090398265,682.0,17.88219141275933,0.6705935689939843,0.768162721577657
dynamic_double_integrator_2d,moving_circle_crossing,apf,1,-60.0,0.8,1.0,1.0,0.0,0.0,1.0985689514903016,0.1512740276335893,1012.0,13.801521742842697,0.8588434911842779,0.6338312726074627
dynamic_double_integrator_2d,moving_circle_crossing,haddadin,1,-60.0,0.8,1.0,1.0,0.0,0.0,0.26128776259870645,0.15065443890130803,1091.0,14.429447789555113,0.8227295690280931,0.6141772019368672
dynamic_double_integrator_2d,moving_circle_crossing,sabattini,1,-60.0,0.8,1.0,1.0,0.0,0.0,1.5614244904509575,0.15085608177171683,985.0,13.530962140430448,0.8782263535062228,0.6348154704981471
dynamic_double_integrator_2d,moving_circle_crossing,paper_pd,2,-60.0,0.8,1.0,1.0,0.0,0.0,1.270193870667473,0.15011463590565619,1317.0,14.777664551904527,0.8018789789736344,0.5294797620581422
dynamic_double_integrator_2d,moving_circle_crossing,paper_geometric,2,-60.0,0.8,1.0,1.0,0.0,0.0,0.7035752023672024,0.010139430413985651,670.0,17.57189573853571,0.6823675389239213,0.7627014630761393
dynamic_double_integrator_2d,moving_circle_crossing,apf,2,-60.0,0.8,1.0,1.0,0.0,0.0,1.0833811366733783,0.15117147549917248,1023.0,14.047580826417537,0.8435980425295656,0.639253673928069
dynamic_double_integrator_2d,moving_circle_crossing,haddadin,2,-60.0,0.8,0.0,0.0,0.0,1.0,0.019784775341308958,0.1430209204874801,1365.0,54.80591247979198,0.2206223745726991,1.920879904687872
dynamic_double_integrator_2d,moving_circle_crossing,sabattini,2,-60.0,0.8,1.0,1.0,0.0,0.0,1.5466810083957816,0.15077195861260795,989.0,13.538584716706008,0.8774721679311093,0.63280040694239
dynamic_double_integrator_2d,moving_circle_crossing,paper_pd,3,-60.0,0.8,1.0,1.0,0.0,0.0,1.086600407009376,0.1500548502464797,1342.0,14.821513901364424,0.7995526092903831,0.5213462368715536
dynamic_double_integrator_2d,moving_circle_crossing,paper_geometric,3,-60.0,0.8,1.0,1.0,0.0,0.0,0.7215326465023688,0.010705517990063793,649.0,16.977554723102365,0.7062228170237218,0.7505987068508139
dynamic_double_integrator_2d,moving_circle_crossing,apf,3,-60.0,0.8,1.0,1.0,0.0,0.0,1.0797766589451687,0.15017740025494228,1138.0,14.788422648048163,0.8018113597324931,0.6067386331167283
dynamic_double_integrator_2d,moving_circle_crossing,haddadin,3,-60.0,0.8,0.0,0.0,0.0,1.0,0.03793642146388643,0.09022086702021319,1378.0,77.49295254107622,0.15566037240175787,2.6653697572584614
dynamic_double_integrator_2d,moving_circle_crossing,sabattini,3,-60.0,0.8,1.0,1.0,0.0,0.0,1.4682095705256104,0.15071849835903006,1009.0,13.660809338281524,0.8694800853430034,0.6268015278772459
dynamic_double_integrator_2d,moving_circle_crossing,paper_pd,4,-60.0,0.8,1.0,1.0,0.0,0.0,1.3161465713523464,0.15099045746262027,1309.0,14.776688199089623,0.8018776008250258,0.5324941756331757
dynamic_double_integrator_2d,moving_circle_crossing,paper_geometric,4,-60.0,0.8,1.0,1.0,0.0,0.0,0.7009820622424572,0.009176069214258882,675.0,17.691481410613065,0.6778160957086776,0.764571736209545
dynamic_double_integrator_2d,moving_circle_crossing,apf,4,-60.0,0.8,1.0,1.0,0.0,0.0,1.088102680737226,0.1511389781106295,1018.0,13.953433332757033,0.8493904511288617,0.6372916666403751
dynamic_double_integrator_2d,moving_circle_crossing,haddadin,4,-60.0,0.8,0.0,0.0,1.0,1.0,-0.37016328662192743,6.541052972786591,inf,7.337765465996189,0.82129991634187,1.0719774731772869
dynamic_double_integrator_2d,moving_circle_crossing,sabattini,4,-60.0,0.8,1.0,1.0,0.0,0.0,1.5414040349495652,0.15078381308460267,990.0,13.55868723414018,0.8763046321273488,0.6331477254729558
dynamic_double_integrator_2d,moving_circle_crossing,paper_pd,0,-45.0,0.8,1.0,1.0,0.0,0.0,1.156059608026246,0.15004958107476407,1324.0,14.700070434581217,0.8061193278615955,0.524076582428106
dynamic_double_integrator_2d,moving_circle_crossing,paper_geometric,0,-45.0,0.8,1.0,1.0,0.0,0.0,0.6947100162436495,0.010029989411053635,683.0,17.76636321921046,0.6749216396322395,0.7625370162611687
dynamic_double_integrator_2d,moving_circle_crossing,apf,0,-45.0,0.8,1.0,1.0,0.0,0.0,1.079098700832757,0.15085979078742986,1096.0,14.399505031743768,0.8236092492781703,0.6118635412454896
dynamic_double_integrator_2d,moving_circle_crossing,haddadin,0,-45.0,0.8,0.0,0.0,0.0,1.0,0.040562399414812544,0.0658587657797975,1430.0,160.89724882015213,0.0744992041634524,5.241473902936558
dynamic_double_integrator_2d,moving_circle_crossing,sabattini,0,-45.0,0.8,1.0,1.0,0.0,0.0,1.4935127600813762,0.15082641456814289,994.0,13.52552470774851,0.8781980532833803,0.6292530068656357
dynamic_double_integrator_2d,moving_circle_crossing,paper_pd,1,-45.0,0.8,1.0,1.0,0.0,0.0,1.215355228438858,0.15114800727811425,1313.0,14.674588239994296,0.8074438156665878,0.5273003675518406
dynamic_double_integrator_2d,moving_circle_crossing,paper_geometric,1,-45.0,0.8,1.0,1.0,0.0,0.0,0.6871673338934743,0.00803405128795244,691.0,17.986047811137738,0.6667859208529261,0.76604458770799
dynamic_double_integrator_2d,moving_circle_crossing,apf,1,-45.0,0.8,1.0,1.0,0.0,0.0,1.0774095866946347,0.15027207264657602,1024.0,14.05845533205406,0.8429964882311762,0.6380079479625583
dynamic_double_integrator_2d,moving_circle_crossing,haddadin,1,-45.0,0.8,0.0,0.0,1.0,1.0,-0.14134360989766082,6.851832488978708,inf,6.6658118878695465,0.8431201508044123,1.044033107479618
dynamic_double_integrator_2d,moving_circle_crossing,sabattini,1,-45.0,0.8,1.0,1.0,0.0,0.0,1.51350593971342,0.15099491192638048,989.0,13.497784176053628,0.8800977439973936,0.6308956197970887
dynamic_double_integrator_2d,moving_circle_crossing,paper_pd,2,-45.0,0.8,1.0,1.0,0.0,0.0,1.1172956897082635,0.15072681330053203,1329.0,14.714729765830448,0.8052736337969665,0.5227370392416764
dynamic_double_integrator_2d,moving_circle_crossing,paper_geometric,2,-45.0,0.8,1.0,1.0,0.0,0.0,0.6945229532784967,0.00901955462013617,681.0,17.672656475320306,0.6785429941003105,0.7598220135446869
dynamic_double_integrator_2d,moving_circle_crossing,apf,2,-45.0,0.8,1.0,1.0,0.0,0.0,1.07824136035782,0.15094427528115043,1117.0,14.569435344240517,0.8137904516575505,0.608741041078486
dynamic_double_integrator_2d,moving_circle_crossing,haddadin,2,-45.0,0.8,1.0,1.0,0.0,0.0,0.06390436488452989,0.0566437809568617,1384.0,92.77350139581712,0.12974438079416206,3.16040536089296
dynamic_double_integrator_2d,moving_circle_crossing,sabattini,2,-45.0,0.8,1.0,1.0,0.0,0.0,1.4629505533757616,0.15111734717532796,1000.0,13.558718585169832,0.8760214067257358,0.6278778254010086
dynamic_double_integrator_2d,moving_circle_crossing,paper_pd,3,-45.0,0.8,1.0,1.0,0.0,0.0,0.9363700158844412,0.15051610679086347,1343.0,14.85327437821734,0.7978142393618866,0.5224622058403843
dynamic_double_integrator_2d,moving_circle_crossing,paper_geometric,3,-45.0,0.8,1.0,1.0,0.0,0.0,0.7135964533282246,0.011076812568682851,659.0,17.066043862768968,0.7025503582571353,0.7479003442543333
dynamic_double_integrator_2d,moving_circle_crossing,apf,3,-45.0,0.8,1.0,1.0,0.0,0.0,1.0450421743861684,0.15103598135228133,1153.0,15.234006453798814,0.7783235032989921,0.6179094997487351
dynamic_double_integrator_2d,moving_circle_crossing,haddadin,3,-45.0,0.8,0.0,0.0,0.0,1.0,0.01942502092983367,0.05113814601851466,1383.0,98.10392454466985,0.12244354548089828,3.3396842935558144
dynamic_double_integrator_2d,moving_circle_crossing,sabattini,3,-45.0,0.8,1.0,1.0,0.0,0.0,1.354654505630369,0.15019252093692032,1020.0,13.676490284248452,0.8683376240829384,0.6212563649840497
dynamic_double_integrator_2d,moving_circle_crossing,paper_pd,4,-45.0,0.8,1.0,1.0,0.0,0.0,1.1702181706758263,0.15093802385389612,1321.0,14.694311184415238,0.8063784392629005,0.5249932613995443
dynamic_double_integrator_2d,moving_circle_crossing,paper_geometric,4,-45.0,0.8,1.0,1.0,0.0,0.0,0.6956666572291017,0.009227159756597757,686.0,17.801065863304945,0.6736523227397265,0.7620644081824174
dynamic_double_integrator_2d,moving_circle_crossing,apf,4,-45.0,0.8,1.0,1.0,0.0,0.0,1.0792955192074565,0.15136325838199918,1085.0,14.324155111357584,0.827969016398855,0.6144025326202923
dynamic_double_integrator_2d,moving_circle_crossing,haddadin,4,-45.0,0.8,0.0,0.0,1.0,1.0,-0.18978778350436287,6.722689628253378,inf,6.761306089715545,0.8448362467032364,1.0589540765180534
dynamic_double_integrator_2d,moving_circle_crossing,sabattini,4,-45.0,0.8,1.0,1.0,0.0,0.0,1.4931910031381956,0.15111514126355774,995.0,13.526216952955126,0.8781390025900818,0.6292851743938264
dynamic_double_integrator_2d,moving_circle_crossing,paper_pd,0,-30.0,0.8,1.0,1.0,0.0,0.0,0.9808133522662577,0.1507923197046638,1335.0,14.737388525389763,0.8040512109086881,0.521321149307058
dynamic_double_integrator_2d,moving_circle_crossing,paper_geometric,0,-30.0,0.8,1.0,1.0,0.0,0.0,0.6908321746262125,0.009411976921507213,692.0,17.838412720219903,0.6722333102587635,0.7597622434136125
dynamic_double_integrator_2d,moving_circle_crossing,apf,0,-30.0,0.8,1.0,1.0,0.0,0.0,1.054203181353049,0.15067674173061185,1135.0,15.005649726368913,0.7901219546520775,0.6176665183539861
dynamic_double_integrator_2d,moving_circle_crossing,haddadin,0,-30.0,0.8,0.0,0.0,1.0,1.0,-0.08750249760035156,6.5651862258553635,inf,6.396727667671197,0.897580399150943,1.1171999421029968
dynamic_double_integrator_2d,moving_circle_crossing,sabattini,0,-30.0,0.8,1.0,1.0,0.0,0.0,1.3664476369191647,0.15120287074326944,1000.0,13.516473240500808,0.8785510447022342,0.6253453438309069
dynamic_double_integrator_2d,moving_circle_crossing,paper_pd,1,-30.0,0.8,1.0,1.0,0.0,0.0,1.0563791936498228,0.15085162664820612,1327.0,14.65901584321522,0.8083456096273672,0.521500207648017
dynamic_double_integrator_2d,moving_circle_crossing,paper_geometric,1,-30.0,0.8,1.0,1.0,0.0,0.0,0.6851976221499672,0.008167141936035802,699.0,18.077243755772407,0.6634194702755667,0.7647186709962975
dynamic_double_integrator_2d,moving_circle_crossing,apf,1,-30.0,0.8,1.0,1.0,0.0,0.0,1.0657107283839744,0.15059941657052078,1122.0,14.787424167376129,0.8017808603609918,0.6147601398412015
dynamic_double_integrator_2d,moving_circle_crossing,haddadin,1,-30.0,0.8,0.0,0.0,0.0,1.0,0.013500122675097925,0.15016067175950346,1463.0,682.0556611509037,0.017547334861150923,15.796008827024217
dynamic_double_integrator_2d,moving_circle_crossing,sabattini,1,-30.0,0.8,1.0,1.0,0.0,0.0,1.4081465998477267,0.1510010640127297,995.0,13.48564927560897,0.8806659342201784,0.6268175151164794
dynamic_double_integrator_2d,moving_circle_crossing,paper_pd,2,-30.0,0.8,1.0,1.0,0.0,0.0,0.9521427259676363,0.1510755747590753,1340.0,14.745246231316425,0.8036083605760994,0.5197621912435367
dynamic_double_integrator_2d,moving_circle_crossing,paper_geometric,2,-30.0,0.8,1.0,1.0,0.0,0.0,0.6915598186479754,0.010138874483061583,687.0,17.742343741755633,0.6758296221904662,0.758903578707506
dynamic_double_integrator_2d,moving_circle_crossing,apf,2,-30.0,0.8,1.0,1.0,0.0,0.0,1.0471782895234287,0.1508993386876907,1140.0,15.103734290155682,0.7849769302466975,0.6191537383356134
dynamic_double_integrator_2d,moving_circle_crossing,haddadin,2,-30.0,0.8,0.0,0.0,0.0,1.0,0.014353173498053318,0.15052903269921833,1439.0,303.84480836906914,0.039548856326765115,7.661644184797504
dynamic_double_integrator_2d,moving_circle_crossing,sabattini,2,-30.0,0.8,1.0,1.0,0.0,0.0,1.3341661085240852,0.15138734241825663,1007.0,13.558896896195737,0.8758256168696326,0.6238463647148772
dynamic_double_integrator_2d,moving_circle_crossing,paper_pd,3,-30.0,0.8,1.0,1.0,0.0,0.0,0.5630393676631791,0.15113211563173942,1384.0,15.441366236354169,0.7675294444684347,0.5279155135366859
dynamic_double_integrator_2d,moving_circle_crossing,paper_geometric,3,-30.0,0.8,1.0,1.0,0.0,0.0,0.706510563344851,0.011429570505568611,666.0,17.125652534421164,0.7000952776099949,0.7465876539382019
dynamic_double_integrator_2d,moving_circle_crossing,apf,3,-30.0,0.8,1.0,1.0,0.0,0.0,1.0122412724054801,0.15082818832392886,1243.0,16.70558391867572,0.7093337422886596,0.6324350952600506
dynamic_double_integrator_2d,moving_circle_crossing,haddadin,3,-30.0,0.8,1.0,1.0,0.0,0.0,0.06204801014451289,0.09731987001319946,1401.0,182.00042117570948,0.06577926777476123,6.027033813765213
dynamic_double_integrator_2d,moving_circle_crossing,sabattini,3,-30.0,0.8,1.0,1.0,0.0,0.0,1.2040652557266383,0.15086663868763164,1026.0,13.661789079882208,0.8690941338651237,0.6172287490921567
dynamic_double_integrator_2d,moving_circle_crossing,paper_pd,4,-30.0,0.8,1.0,1.0,0.0,0.0,1.004915902979887,0.15119151272240083,1335.0,14.737913821361941,0.8040008748427194,0.5213397110021887
dynamic_double_integrator_2d,moving_circle_crossing,paper_geometric,4,-30.0,0.8,1.0,1.0,0.0,0.0,0.6893350499785789,0.009592153939331808,693.0,17.86937450703267,0.6710644044272013,0.7604325895847238
dynamic_double_integrator_2d,moving_circle_crossing,apf,4,-30.0,0.8,1.0,1.0,0.0,0.0,1.058298846018262,0.1504196366607086,1133.0,14.961440727894418,0.7924619246706983,0.6163555855100572
dynamic_double_integrator_2d,moving_circle_crossing,haddadin,4,-30.0,0.8,0.0,0.0,1.0,1.0,-0.40783196096316476,6.220707664324854,inf,6.804919675026008,0.882705997003124,1.1800899091740507
dynamic_double_integrator_2d,moving_circle_crossing,sabattini,4,-30.0,0.8,1.0,1.0,0.0,0.0,1.3704467721457931,0.15122019865023306,1001.0,13.515826521023051,0.8785867149580736,0.6253154584576271
dynamic_double_integrator_2d,moving_circle_crossing,paper_pd,0,-15.0,0.8,1.0,1.0,0.0,0.0,0.6921152787242664,0.15065733386723906,1361.0,15.071086855644616,0.786367144264919,0.523493645234026
dynamic_double_integrator_2d,moving_circle_crossing,paper_geometric,0,-15.0,0.8,1.0,1.0,0.0,0.0,0.6862745556624974,0.010498372026698972,695.0,17.87728901384198,0.670719409590209,0.7594774623871801
dynamic_double_integrator_2d,moving_circle_crossing,apf,0,-15.0,0.8,1.0,1.0,0.0,0.0,1.0124649969737025,0.1509115914789944,1222.0,16.45952924497742,0.719900565617312,0.6331871347032066
dynamic_double_integrator_2d,moving_circle_crossing,haddadin,0,-15.0,0.8,0.0,0.0,1.0,1.0,-0.020368897090557336,6.421805946584013,inf,6.299673337070955,0.9318970328859484,1.1483042431038095
dynamic_double_integrator_2d,moving_circle_crossing,sabattini,0,-15.0,0.8,1.0,1.0,0.0,0.0,1.2057419183770965,0.15139138089823304,1013.0,13.554813841484446,0.875782501207221,0.6202382925724155
dynamic_double_integrator_2d,moving_circle_crossing,paper_pd,1,-15.0,0.8,1.0,1.0,0.0,0.0,0.8366542872291534,0.15137476666149982,1343.0,14.838202594156309,0.7986102522013347,0.5222996692741306
dynamic_double_integrator_2d,moving_circle_crossing,paper_geometric,1,-15.0,0.8,1.0,1.0,0.0,0.0,0.6825407274298425,0.009410249036137795,704.0,18.1177747135291,0.6618792427924395,0.7638489769810063
dynamic_double_integrator_2d,moving_circle_crossing,apf,1,-15.0,0.8,1.0,1.0,0.0,0.0,1.019579457961904,0.15123711292457878,1141.0,15.315115528591111,0.7741295944092166,0.6272960527246767
dynamic_double_integrator_2d,moving_circle_crossing,haddadin,1,-15.0,0.8,0.0,0.0,0.0,1.0,0.009317145920437975,0.15048897220827753,1452.0,772.6422609910559,0.015512813560074107,17.819609340199605
dynamic_double_integrator_2d,moving_circle_crossing,sabattini,1,-15.0,0.8,1.0,1.0,0.0,0.0,1.245461020882445,0.15100021000379196,1007.0,13.531300558493006,0.8773981289389275,0.6220064535579902
dynamic_double_integrator_2d,moving_circle_crossing,paper_pd,2,-15.0,0.8,1.0,1.0,0.0,0.0,0.6020587842938008,0.15138965901466858,1372.0,15.211385563197105,0.7791320004620262,0.5247203846725415
dynamic_double_integrator_2d,moving_circle_crossing,paper_geometric,2,-15.0,0.8,1.0,1.0,0.0,0.0,0.6886653929745783,0.010827743084861747,691.0,17.776922412632327,0.674486070143816,0.7577905627185835
dynamic_double_integrator_2d,moving_circle_crossing,apf,2,-15.0,0.8,1.0,1.0,0.0,0.0,1.0126698198570654,0.15096512090571232,1227.0,16.53662763131093,0.716536556956698,0.6337146872630538
dynamic_double_integrator_2d,moving_circle_crossing,haddadin,2,-15.0,0.8,1.0,1.0,0.0,0.0,0.07773030936747749,0.1480544864053329,1311.0,54.88159189703733,0.2208278962051097,2.000641104119434
dynamic_double_integrator_2d,moving_circle_crossing,sabattini,2,-15.0,0.8,1.0,1.0,0.0,0.0,1.1828249925303875,0.15007763164133517,1014.0,13.554446525481099,0.8759008723208855,0.6190897137537001
dynamic_double_integrator_2d,moving_circle_crossing,paper_pd,3,-15.0,0.8,1.0,1.0,0.0,0.0,0.4120694577295332,0.15053501081776796,1423.0,16.147718626090338,0.7343220542540541,0.537715190488699
dynamic_double_integrator_2d,moving_circle_crossing,paper_geometric,3,-15.0,0.8,1.0,1.0,0.0,0.0,0.7030039382081357,0.011565231564945495,670.0,17.14857152555259,0.6991575424863774,0.7449900835743298
dynamic_double_integrator_2d,moving_circle_crossing,apf,3,-15.0,0.8,1.0,1.0,0.0,0.0,1.0500330345072728,0.15065528874751327,1579.0,26.43610336402395,0.4555634180402859,0.7972303605793838
dynamic_double_integrator_2d,moving_circle_crossing,haddadin,3,-15.0,0.8,0.0,0.0,1.0,1.0,-0.16371355774175422,5.730102769687621,inf,6.814306265349131,0.9380109252468544,1.219697547383773
dynamic_double_integrator_2d,moving_circle_crossing,sabattini,3,-15.0,0.8,1.0,1.0,0.0,0.0,1.131444479070317,0.15065184107464438,1033.0,13.63951850322051,0.8703318500060734,0.6123550898305158
dynamic_double_integrator_2d,moving_circle_crossing,paper_pd,4,-15.0,0.8,1.0,1.0,0.0,0.0,0.7643368308987972,0.15134191900380045,1353.0,14.949586163131505,0.7926793269051249,0.5221767677296398
dynamic_double_integrator_2d,moving_circle_crossing,paper_geometric,4,-15.0,0.8,1.0,1.0,0.0,0.0,0.6860494281390919,0.010591085788986375,697.0,17.90791420615913,0.6695763675878846,0.7594878900914895
dynamic_double_integrator_2d,moving_circle_crossing,apf,4,-15.0,0.8,1.0,1.0,0.0,0.0,1.0122299964125483,0.15141108802025285,1217.0,16.34866727546055,0.7247636729922368,0.631840435345967
dynamic_double_integrator_2d,moving_circle_crossing,haddadin,4,-15.0,0.8,0.0,0.0,1.0,1.0,-0.07400799720398854,6.394449618333768,inf,6.353471755777352,0.9270454348459587,1.15388981082923
dynamic_double_integrator_2d,moving_circle_crossing,sabattini,4,-15.0,0.8,1.0,1.0,0.0,0.0,1.2032196796700971,0.1503865951319639,1010.0,13.535688825637948,0.8771619844290974,0.6204985726024703
dynamic_double_integrator_2d,moving_circle_crossing,paper_pd,0,0.0,0.8,1.0,1.0,0.0,0.0,0.4767889271412604,0.15133437952544568,1394.0,15.7586089752423,0.7522632436276396,0.5354585531311025
dynamic_double_integrator_2d,moving_circle_crossing,paper_geometric,0,0.0,0.8,1.0,1.0,0.0,0.0,0.6858054615653784,0.008823506285072703,696.0,17.882734596045083,0.6705968305167098,0.7584209574595374
dynamic_double_integrator_2d,moving_circle_crossing,apf,0,0.0,0.8,1.0,1.0,0.0,0.0,1.0399708034376676,0.15086485302270736,1450.0,21.095569488152464,0.561915243940561,0.6917290133732784
dynamic_double_integrator_2d,moving_circle_crossing,haddadin,0,0.0,0.8,0.0,0.0,0.0,1.0,0.018218693112348916,0.15079454253249897,1448.0,749.3033558965357,0.015868929068395266,17.369479737981784
dynamic_double_integrator_2d,moving_circle_crossing,sabattini,0,0.0,0.8,0.0,0.0,1.0,1.0,-0.0026358228624907554,6.292974597566169,inf,7.019245674515182,0.9270595085182202,1.034594952134586
dynamic_double_integrator_2d,moving_circle_crossing,paper_pd,1,0.0,0.8,1.0,1.0,0.0,0.0,0.5324042116415468,0.1506744632034488,1372.0,15.313326956142006,0.7741287627032362,0.5278693855420805
dynamic_double_integrator_2d,moving_circle_crossing,paper_geometric,1,0.0,0.8,1.0,1.0,0.0,0.0,0.6791651723860117,0.008683298421068564,704.0,18.105899303795518,0.6623501893231017,0.762706199654692
dynamic_double_integrator_2d,moving_circle_crossing,apf,1,0.0,0.8,1.0,1.0,0.0,0.0,1.0197877040645442,0.15086244064065438,1431.0,20.96834117200721,0.5653541674772888,0.6962289705377313
dynamic_double_integrator_2d,moving_circle_crossing,haddadin,1,0.0,0.8,1.0,1.0,0.0,0.0,0.06715528788181802,0.07668700993283789,1345.0,84.63068603236293,0.14257297617534978,2.9721448747318417
dynamic_double_integrator_2d,moving_circle_crossing,sabattini,1,0.0,0.8,0.0,0.0,1.0,1.0,-0.00022037305926114747,6.484525585021974,inf,6.9176162817676525,0.9217271037562537,1.0287264513008403
dynamic_double_integrator_2d,moving_circle_crossing,paper_pd,2,0.0,0.8,1.0,1.0,0.0,0.0,0.4661654246845295,0.15070730377441613,1400.0,15.843725313418297,0.7483051658587953,0.5361638036990636
dynamic_double_integrator_2d,moving_circle_crossing,paper_geometric,2,0.0,0.8,1.0,1.0,0.0,0.0,0.6891665132149296,0.009437068185998734,693.0,17.78226233130691,0.6743539798523867,0.7567288406167894
dynamic_double_integrator_2d,moving_circle_crossing,apf,2,0.0,0.8,1.0,1.0,0.0,0.0,1.0476681177318292,0.15045110927002564,1616.0,24.831869497023373,0.47751883025876496,0.7351440679592709
dynamic_double_integrator_2d,moving_circle_crossing,haddadin,2,0.0,0.8,0.0,0.0,1.0,1.0,-0.005216487014053417,6.167164348797175,inf,6.3703483010412745,0.9624415884781627,1.156947155985739
dynamic_double_integrator_2d,moving_circle_crossing,sabattini,2,0.0,0.8,0.0,0.0,1.0,1.0,-2.0844259904784224e-05,6.206205695117469,inf,7.1147749207783075,0.9281115396465988,1.030458803580679
dynamic_double_integrator_2d,moving_circle_crossing,paper_pd,3,0.0,0.8,1.0,1.0,0.0,0.0,0.22903309724535226,0.15062922324461817,1636.0,20.673393924481307,0.5754263055766486,0.6038935763129396
dynamic_double_integrator_2d,moving_circle_crossing,paper_geometric,3,0.0,0.8,1.0,1.0,0.0,0.0,0.7037253825750303,0.01257307254463629,670.0,17.14660943729714,0.6991798201052282,0.7449049234937996
dynamic_double_integrator_2d,moving_circle_crossing,apf,3,0.0,0.8,1.0,1.0,0.0,0.0,1.0682230137714732,0.15113190076704466,1396.0,22.496261184637774,0.534729672666669,0.7605493643458681
dynamic_double_integrator_2d,moving_circle_crossing,haddadin,3,0.0,0.8,1.0,1.0,0.0,0.0,0.05687188658002573,0.0842587730647721,1404.0,175.0571857486511,0.06820867170619223,5.78945720068291
dynamic_double_integrator_2d,moving_circle_crossing,sabattini,3,0.0,0.8,1.0,1.0,0.0,0.0,0.1681447133046321,0.15009864173053453,945.0,13.08198527613885,0.9102976255761454,0.6339779901325677
dynamic_double_integrator_2d,moving_circle_crossing,paper_pd,4,0.0,0.8,1.0,1.0,0.0,0.0,0.4931414892491952,0.15013271340957546,1387.0,15.571331249438195,0.7614109007913157,0.5312655504239332
dynamic_double_integrator_2d,moving_circle_crossing,paper_geometric,4,0.0,0.8,1.0,1.0,0.0,0.0,0.6851678043268705,0.00965676776804003,698.0,17.91620665277406,0.6693102474723943,0.7591958786102472
dynamic_double_integrator_2d,moving_circle_crossing,apf,4,0.0,0.8,1.0,1.0,0.0,0.0,1.036237602310614,0.15118156206436484,1450.0,21.120011443587316,0.5612604219184498,0.6925298638134771
dynamic_double_integrator_2d,moving_circle_crossing,haddadin,4,0.0,0.8,0.0,0.0,1.0,1.0,-0.04776877456541673,6.015698245714211,inf,6.564193162759136,0.9558274028795876,1.2051635829229195
dynamic_double_integrator_2d,moving_circle_crossing,sabattini,4,0.0,0.8,1.0,1.0,0.0,0.0,1.112943257512841,0.1508535286057795,1017.0,13.547929088252404,0.8761072715653866,0.6171032342244047
dynamic_double_integrator_2d,moving_circle_crossing,paper_pd,0,15.0,0.8,1.0,1.0,0.0,0.0,0.4039391003353938,0.15044430448895074,1429.0,16.40852273968478,0.7228625987844598,0.5445796664351733
dynamic_double_integrator_2d,moving_circle_crossing,paper_geometric,0,15.0,0.8,1.0,1.0,0.0,0.0,0.6883072675653739,0.009880148591295363,695.0,17.846479884403067,0.6719104317022279,0.7581697743804349
dynamic_double_integrator_2d,moving_circle_crossing,apf,0,15.0,0.8,1.0,1.0,0.0,0.0,1.069889669965047,0.15018950751683818,1508.0,24.936255152435393,0.483177899717826,0.784662111711803
dynamic_double_integrator_2d,moving_circle_crossing,haddadin,0,15.0,0.8,0.0,0.0,1.0,1.0,-0.006491048291216606,6.032054732071107,inf,6.512071561475114,0.9706016197118911,1.157459496715446
dynamic_double_integrator_2d,moving_circle_crossing,sabattini,0,15.0,0.8,0.0,0.0,0.0,1.0,0.00687030199556693,0.15064950670517133,967.0,13.271322440398814,0.8973667576639726,0.6303283890132259
dynamic_double_integrator_2d,moving_circle_crossing,paper_pd,1,15.0,0.8,1.0,1.0,0.0,0.0,0.45067566744464016,0.1509352375643303,1399.0,15.889621413820093,0.7462619489054115,0.5380792088572418
dynamic_double_integrator_2d,moving_circle_crossing,paper_geometric,1,15.0,0.8,1.0,1.0,0.0,0.0,0.6825242639580011,0.010145156224500133,703.0,18.079882921944137,0.6632322746347292,0.7628955700651003
dynamic_double_integrator_2d,moving_circle_crossing,apf,1,15.0,0.8,1.0,1.0,0.0,0.0,1.0612661277559805,0.15158868384893567,2004.0,34.395174592298076,0.345126699426458,0.8307864459753276
dynamic_double_integrator_2d,moving_circle_crossing,haddadin,1,15.0,0.8,0.0,0.0,1.0,1.0,-0.1487552300369458,5.827691216103945,inf,6.793044603072003,0.9551559440814911,1.2072774118921987
dynamic_double_integrator_2d,moving_circle_crossing,sabattini,1,15.0,0.8,0.0,0.0,1.0,1.0,-0.0050572674586208954,6.202555381441826,inf,7.200129461000185,0.9423508226737799,1.019227325000026
dynamic_double_integrator_2d,moving_circle_crossing,paper_pd,2,15.0,0.8,1.0,1.0,0.0,0.0,0.3951881413756926,0.15026316003660065,1427.0,16.4044234172532,0.7229948385347957,0.5451667801212889
dynamic_double_integrator_2d,moving_circle_crossing,paper_geometric,2,15.0,0.8,1.0,1.0,0.0,0.0,0.6889869306348873,0.01030820811830731,690.0,17.745281408055746,0.6757138732750231,0.7570878690560847
dynamic_double_integrator_2d,moving_circle_crossing,apf,2,15.0,0.8,1.0,1.0,0.0,0.0,1.071984994249864,0.15013061073150916,1455.0,23.815649517099068,0.5058432097221913,0.7742576191390197
dynamic_double_integrator_2d,moving_circle_crossing,haddadin,2,15.0,0.8,1.0,1.0,0.0,0.0,0.05506443028671848,0.07142031569292086,1362.0,87.9484997226629,0.13725462699841248,3.0479729633632364
dynamic_double_integrator_2d,moving_circle_crossing,sabattini,2,15.0,0.8,1.0,1.0,0.0,0.0,0.061893220132216875,0.15055938720509818,960.0,13.215203318697762,0.9012689252819482,0.6312597003195494
dynamic_double_integrator_2d,moving_circle_crossing,paper_pd,3,15.0,0.8,1.0,1.0,0.0,0.0,0.2596130453650345,0.1502002070483911,1816.0,24.32065822458742,0.491978840280772,0.6424672181781247
dynamic_double_integrator_2d,moving_circle_crossing,paper_geometric,3,15.0,0.8,1.0,1.0,0.0,0.0,0.7038094913061401,0.011545246476360405,668.0,17.099213620619352,0.7011723711339505,0.7441397226356248
dynamic_double_integrator_2d,moving_circle_crossing,apf,3,15.0,0.8,1.0,1.0,0.0,0.0,1.065824316216205,0.1508335138270349,1184.0,18.268281832915942,0.6586489661052481,0.7164687238603415
dynamic_double_integrator_2d,moving_circle_crossing,haddadin,3,15.0,0.8,0.0,0.0,1.0,1.0,-0.025960914217873166,5.474531970316214,inf,6.934925097663599,0.9659058506808652,1.1861646924340614
dynamic_double_integrator_2d,moving_circle_crossing,sabattini,3,15.0,0.8,1.0,1.0,0.0,0.0,0.3101855765338992,0.15125121004524647,926.0,12.934157188067845,0.9208942287292279,0.6385679086818464
dynamic_double_integrator_2d,moving_circle_crossing,paper_pd,4,15.0,0.8,1.0,1.0,0.0,0.0,0.40953717198839,0.1506193326010677,1432.0,16.36050431908141,0.7250144682534474,0.541909474489788
dynamic_double_integrator_2d,moving_circle_crossing,paper_geometric,4,15.0,0.8,1.0,1.0,0.0,0.0,0.6875406648775049,0.01010305729895529,696.0,17.87335157833357,0.6708942720332618,0.7586663095137206
dynamic_double_integrator_2d,moving_circle_crossing,apf,4,15.0,0.8,1.0,1.0,0.0,0.0,1.0694600155694054,0.15065041763660303,1524.0,25.28921389359982,0.47640154219230396,0.7883244203613655
dynamic_double_integrator_2d,moving_circle_crossing,haddadin,4,15.0,0.8,0.0,0.0,1.0,1.0,-0.09544989958703731,5.999811555615076,inf,6.598398045865306,0.9584432939690836,1.1686215628737295
dynamic_double_integrator_2d,moving_circle_crossing,sabattini,4,15.0,0.8,0.0,0.0,1.0,1.0,-0.0008724048610668778,5.9212861116763325,inf,7.392950141672915,0.9453221119432592,1.0233356549271975
dynamic_double_integrator_2d,moving_circle_crossing,paper_pd,0,30.0,0.8,1.0,1.0,0.0,0.0,0.3067616182314439,0.1509529038971596,1531.0,18.38753899972749,0.6461012927414868,0.5722493470064522
dynamic_double_integrator_2d,moving_circle_crossing,paper_geometric,0,30.0,0.8,1.0,1.0,0.0,0.0,0.6904165603860379,0.010281298147318171,688.0,17.77252382213521,0.6746795670106494,0.7595441427043214
dynamic_double_integrator_2d,moving_circle_crossing,apf,0,30.0,0.8,1.0,1.0,0.0,0.0,1.0733303328150094,0.1512639476037666,1363.0,21.72356464840173,0.5540244020382354,0.7506755748757499
dynamic_double_integrator_2d,moving_circle_crossing,haddadin,0,30.0,0.8,1.0,1.0,0.0,0.0,0.07089343173348284,0.09816748957666635,1354.0,74.8585979348653,0.16160508751309266,2.6198249802262175
dynamic_double_integrator_2d,moving_circle_crossing,sabattini,0,30.0,0.8,1.0,1.0,0.0,0.0,0.10912121914969752,0.15101738850148766,949.0,13.150801561852308,0.9057342455771712,0.6354633958422933
dynamic_double_integrator_2d,moving_circle_crossing,paper_pd,1,30.0,0.8,1.0,1.0,0.0,0.0,0.3881091100761227,0.15016427929387366,1431.0,16.497820592997943,0.7190613519827608,0.5468152514237744
dynamic_double_integrator_2d,moving_circle_crossing,paper_geometric,1,30.0,0.8,1.0,1.0,0.0,0.0,0.687523897479849,0.008367681361855225,697.0,18.00662758868941,0.6660116888066797,0.7630240300037862
dynamic_double_integrator_2d,moving_circle_crossing,apf,1,30.0,0.8,1.0,1.0,0.0,0.0,1.0749797715261928,0.15080504839283268,1519.0,25.124637928259254,0.4795371650954938,0.7856449352581016
dynamic_double_integrator_2d,moving_circle_crossing,haddadin,1,30.0,0.8,1.0,1.0,0.0,0.0,0.06725430006896338,0.13631867477768986,1333.0,59.17370239565119,0.20473945240205924,2.1184574944757033
dynamic_double_integrator_2d,moving_circle_crossing,sabattini,1,30.0,0.8,1.0,1.0,0.0,0.0,0.05000474808202737,0.15066339358131575,971.0,13.324336778570851,0.8941284735860637,0.6298553719816283
dynamic_double_integrator_2d,moving_circle_crossing,paper_pd,2,30.0,0.8,1.0,1.0,0.0,0.0,0.311721537950274,0.150124441289016,1497.0,17.909334536436344,0.6629257692681658,0.5690582392519482
dynamic_double_integrator_2d,moving_circle_crossing,paper_geometric,2,30.0,0.8,1.0,1.0,0.0,0.0,0.6946690025355329,0.009718954113940281,686.0,17.67756789609459,0.6783267830071615,0.7567822025703413
dynamic_double_integrator_2d,moving_circle_crossing,apf,2,30.0,0.8,1.0,1.0,0.0,0.0,1.0704889396199746,0.15074384560079515,1266.0,19.86546697086411,0.6059815935039919,0.7336334675595606
dynamic_double_integrator_2d,moving_circle_crossing,haddadin,2,30.0,0.8,1.0,1.0,0.0,0.0,0.07193212536782356,0.013199118079850386,1392.0,119.87933290102312,0.10020360103528311,4.0341632873830084
dynamic_double_integrator_2d,moving_circle_crossing,sabattini,2,30.0,0.8,1.0,1.0,0.0,0.0,0.15344307814531488,0.1509078948878629,950.0,13.151325274240946,0.9057504039141061,0.6348758570029392
dynamic_double_integrator_2d,moving_circle_crossing,paper_pd,3,30.0,0.8,1.0,1.0,0.0,0.0,0.38187009320674536,0.15011437696410193,1516.0,16.410281905701982,0.7279336351280381,0.512041206536845
dynamic_double_integrator_2d,moving_circle_crossing,paper_geometric,3,30.0,0.8,1.0,1.0,0.0,0.0,0.7110611791361581,0.011729506270944313,662.0,17.018450158095582,0.7044842217914166,0.7445126817349482
dynamic_double_integrator_2d,moving_circle_crossing,apf,3,30.0,0.8,1.0,1.0,0.0,0.0,1.089387132664933,0.15046890867342744,1136.0,17.18002178630079,0.7014460858277102,0.6967593916653466
dynamic_double_integrator_2d,moving_circle_crossing,haddadin,3,30.0,0.8,1.0,1.0,0.0,0.0,0.05468204637820295,0.10799787779191343,1430.0,192.73307844215216,0.061731438507699826,6.258086962407529
dynamic_double_integrator_2d,moving_circle_crossing,sabattini,3,30.0,0.8,1.0,1.0,0.0,0.0,0.45822406965690554,0.1501732286554056,913.0,12.816850481552088,0.9301413198584534,0.6397233540155586
dynamic_double_integrator_2d,moving_circle_crossing,paper_pd,4,30.0,0.8,1.0,1.0,0.0,0.0,0.31939415012485983,0.15018500042895291,1503.0,17.733043892317546,0.6696830833861239,0.5613233362529277
dynamic_double_integrator_2d,moving_circle_crossing,paper_geometric,4,30.0,0.8,1.0,1.0,0.0,0.0,0.6895103140664594,0.008604936262054089,689.0,17.801544989734204,0.6736660413749913,0.7594861461949798
dynamic_double_integrator_2d,moving_circle_crossing,apf,4,30.0,0.8,1.0,1.0,0.0,0.0,1.0758555578474656,0.1502896858477296,1394.0,22.445324109701197,0.5360957212660874,0.7598553487720309
dynamic_double_integrator_2d,moving_circle_crossing,haddadin,4,30.0,0.8,1.0,1.0,0.0,0.0,0.09406518142368259,0.15053136325055197,1302.0,45.014502716313636,0.2687406566649874,1.6470556955491475
dynamic_double_integrator_2d,moving_circle_crossing,sabattini,4,30.0,0.8,1.0,1.0,0.0,0.0,0.1174219990407459,0.15054807561164632,957.0,13.208215964931878,0.9019903497211049,0.6327376059776019
dynamic_double_integrator_2d,moving_circle_crossing,paper_pd,0,45.0,0.8,1.0,1.0,0.0,0.0,0.2057241718850995,0.15107995709400268,1705.0,23.00862197865111,0.5156053725200159,0.6435053655296569
dynamic_double_integrator_2d,moving_circle_crossing,paper_geometric,0,45.0,0.8,1.0,1.0,0.0,0.0,0.696126991519677,0.010589043069404221,680.0,17.66448982365258,0.678782353686588,0.7601242400538503
dynamic_double_integrator_2d,moving_circle_crossing,apf,0,45.0,0.8,1.0,1.0,0.0,0.0,1.0691730213779753,0.15025369815537673,1212.0,18.966413112813143,0.6336247701559659,0.7300928120312751
dynamic_double_integrator_2d,moving_circle_crossing,haddadin,0,45.0,0.8,1.0,1.0,0.0,0.0,0.05641777515909241,0.12938479938894099,1350.0,61.962460351443845,0.1956866885059414,2.188504955912565
dynamic_double_integrator_2d,moving_circle_crossing,sabattini,0,45.0,0.8,1.0,1.0,0.0,0.0,0.16839463359105977,0.15011306753814163,955.0,13.219771836695386,0.9012521824558948,0.6345048819125304
dynamic_double_integrator_2d,moving_circle_crossing,paper_pd,1,45.0,0.8,1.0,1.0,0.0,0.0,0.355011190051048,0.15005092168167156,1458.0,17.0037308455459,0.6979317754229329,0.5536672363547794
dynamic_double_integrator_2d,moving_circle_crossing,paper_geometric,1,45.0,0.8,1.0,1.0,0.0,0.0,0.6921409199337905,0.00853980802207376,687.0,17.878298385283077,0.6707794079254275,0.7640605629924463
dynamic_double_integrator_2d,moving_circle_crossing,apf,1,45.0,0.8,1.0,1.0,0.0,0.0,1.071845846990014,0.15108811041118375,1352.0,21.492950605347115,0.5602067890352178,0.7483977246119383
dynamic_double_integrator_2d,moving_circle_crossing,haddadin,1,45.0,0.8,1.0,1.0,0.0,0.0,0.07023935359921629,0.013658356121658303,1397.0,120.1743143866188,0.09995954789194406,4.030526974735702
dynamic_double_integrator_2d,moving_circle_crossing,sabattini,1,45.0,0.8,1.0,1.0,0.0,0.0,0.08331580654257298,0.15123237644342757,968.0,13.331506628919632,0.8936283828184274,0.6325832525554326
dynamic_double_integrator_2d,moving_circle_crossing,paper_pd,2,45.0,0.8,1.0,1.0,0.0,0.0,0.2495267723719632,0.15059871266405309,1778.0,23.754897291934483,0.5034822517272705,0.6403797761835789
dynamic_double_integrator_2d,moving_circle_crossing,paper_geometric,2,45.0,0.8,1.0,1.0,0.0,0.0,0.6993213295370349,0.010660326713264523,677.0,17.577752324454018,0.6821236866130946,0.7583513932954336
dynamic_double_integrator_2d,moving_circle_crossing,apf,2,45.0,0.8,1.0,1.0,0.0,0.0,1.0705510768568052,0.15045987326724294,1199.0,18.627695878941093,0.6459138637649243,0.7226238712767863
dynamic_double_integrator_2d,moving_circle_crossing,haddadin,2,45.0,0.8,0.0,0.0,1.0,1.0,-0.03389019333032195,5.267497923146536,inf,7.520751547976483,0.9269593243601582,1.2395972940750808
dynamic_double_integrator_2d,moving_circle_crossing,sabattini,2,45.0,0.8,1.0,1.0,0.0,0.0,0.22468084714953918,0.15034679833923228,949.0,13.163163563426464,0.9052297757445924,0.6354466520456342
dynamic_double_integrator_2d,moving_circle_crossing,paper_pd,3,45.0,0.8,1.0,1.0,0.0,0.0,0.6788154235512529,0.15105963267366296,1493.0,15.98139538351133,0.7472756213297745,0.5059264827169934
dynamic_double_integrator_2d,moving_circle_crossing,paper_geometric,3,45.0,0.8,1.0,1.0,0.0,0.0,0.7205255298244564,0.01266066071567485,653.0,16.913381035541843,0.7087953017034752,0.7457877108168213
dynamic_double_integrator_2d,moving_circle_crossing,apf,3,45.0,0.8,1.0,1.0,0.0,0.0,1.1191588049326413,0.15012969135893559,1117.0,16.735913889903,0.7197203766333673,0.6888122487624599
dynamic_double_integrator_2d,moving_circle_crossing,haddadin,3,45.0,0.8,1.0,1.0,0.0,0.0,0.07739389033073607,0.09031594391051972,1381.0,79.07002826643185,0.15289656903293738,2.7140023427052786
dynamic_double_integrator_2d,moving_circle_crossing,sabattini,3,45.0,0.8,1.0,1.0,0.0,0.0,0.520695626618638,0.15033390570933208,911.0,12.834577813141976,0.9292747169799023,0.6412463978613758
dynamic_double_integrator_2d,moving_circle_crossing,paper_pd,4,45.0,0.8,1.0,1.0,0.0,0.0,0.25534544743232845,0.15105202267160814,1541.0,18.612760177200812,0.6383894246732176,0.5756724405809901
dynamic_double_integrator_2d,moving_circle_crossing,paper_geometric,4,45.0,0.8,1.0,1.0,0.0,0.0,0.6940765970772074,0.008868738726831566,681.0,17.695858466184912,0.6776688995869973,0.7601655994070782
dynamic_double_integrator_2d,moving_circle_crossing,apf,4,45.0,0.8,1.0,1.0,0.0,0.0,1.070706353937276,0.1511974681599048,1217.0,19.095725683991112,0.6289858082614717,0.7333739709896828
dynamic_double_integrator_2d,moving_circle_crossing,haddadin,4,45.0,0.8,0.0,0.0,0.0,1.0,0.0031428694692952064,0.11536439024718252,1493.0,75270.93888283418,0.0001606450634926686,1376.5719620123273
dynamic_double_integrator_2d,moving_circle_crossing,sabattini,4,45.0,0.8,1.0,1.0,0.0,0.0,0.15154568994494677,0.15066112297232231,955.0,13.217735597773103,0.9013569557667599,0.6350161035399773
dynamic_double_integrator_2d,moving_circle_crossing,paper_pd,0,60.0,0.8,1.0,1.0,0.0,0.0,0.16012416987155942,0.1501855895730674,1654.0,21.40809982208105,0.5559444932329176,0.6191936364763317
dynamic_double_integrator_2d,moving_circle_crossing,paper_geometric,0,60.0,0.8,1.0,1.0,0.0,0.0,0.7043809450894998,0.009583976729652131,670.0,17.54492718616477,0.6834493025467464,0.7615319681771375
dynamic_double_integrator_2d,moving_circle_crossing,apf,0,60.0,0.8,1.0,1.0,0.0,0.0,1.0686182264100965,0.1501747075823732,1211.0,18.8455957901851,0.638394684923884,0.7248883854798254
dynamic_double_integrator_2d,moving_circle_crossing,haddadin,0,60.0,0.8,0.0,0.0,0.0,1.0,0.04198029711731821,0.03606381528123647,1404.0,105.93609579310962,0.11361609255862591,3.5482952375455423
dynamic_double_integrator_2d,moving_circle_crossing,sabattini,0,60.0,0.8,1.0,1.0,0.0,0.0,0.17943849892027597,0.15048380671303346,960.0,13.288795846160584,0.8966889183278342,0.6347707941870512
dynamic_double_integrator_2d,moving_circle_crossing,paper_pd,1,60.0,0.8,1.0,1.0,0.0,0.0,0.3105745519826042,0.1508464691746404,1492.0,17.576084252509258,0.6755521543128814,0.5602574602709958
dynamic_double_integrator_2d,moving_circle_crossing,paper_geometric,1,60.0,0.8,1.0,1.0,0.0,0.0,0.6991735364012936,0.009806460549971344,676.0,17.735951594571592,0.6760906924479085,0.7658305260816035
dynamic_double_integrator_2d,moving_circle_crossing,apf,1,60.0,0.8,1.0,1.0,0.0,0.0,1.067091068017158,0.1505195017841187,1265.0,19.951518802068236,0.6031398151659982,0.737897960165124
dynamic_double_integrator_2d,moving_circle_crossing,haddadin,1,60.0,0.8,1.0,1.0,0.0,0.0,0.06625512227754626,0.02587073000808199,1416.0,138.20452070836558,0.08673599289139718,4.561733356711728
dynamic_double_integrator_2d,moving_circle_crossing,sabattini,1,60.0,0.8,1.0,1.0,0.0,0.0,0.09220406547667137,0.15038145342715645,974.0,13.401891578496832,0.8890921606029505,0.6323228830582867
dynamic_double_integrator_2d,moving_circle_crossing,paper_pd,2,60.0,0.8,1.0,1.0,0.0,0.0,0.23194761114712992,0.1508577027394137,1733.0,22.6003493607173,0.5284813871308253,0.624761032064012
dynamic_double_integrator_2d,moving_circle_crossing,paper_geometric,2,60.0,0.8,1.0,1.0,0.0,0.0,0.7061205157406325,0.010900614323552566,665.0,17.430279272410353,0.6878684039390079,0.7598553690074186
dynamic_double_integrator_2d,moving_circle_crossing,apf,2,60.0,0.8,1.0,1.0,0.0,0.0,1.071177469474523,0.15033525714578716,1197.0,18.510231165560242,0.6506005002563646,0.7180709754093106
dynamic_double_integrator_2d,moving_circle_crossing,haddadin,2,60.0,0.8,0.0,0.0,0.0,1.0,0.0036023752062201986,0.061987030246089335,1507.0,32882.34904728394,0.0003630940006080831,616.4672862257972
dynamic_double_integrator_2d,moving_circle_crossing,sabattini,2,60.0,0.8,1.0,1.0,0.0,0.0,0.2353041791107524,0.15060913420262562,955.0,13.233230332381728,0.9005759380493398,0.6351500638725659
dynamic_double_integrator_2d,moving_circle_crossing,paper_pd,3,60.0,0.8,1.0,1.0,0.0,0.0,0.6996757218814309,0.15126756414908926,1498.0,16.057596408686692,0.7437611062940622,0.5067338085966793
dynamic_double_integrator_2d,moving_circle_crossing,paper_geometric,3,60.0,0.8,1.0,1.0,0.0,0.0,0.7287696248795121,0.013079682117990417,641.0,16.783747984010546,0.714235599340084,0.7479852174537195
dynamic_double_integrator_2d,moving_circle_crossing,apf,3,60.0,0.8,1.0,1.0,0.0,0.0,1.128924548877966,0.15046060422963037,1121.0,16.74900765201837,0.7190666560315507,0.6876541284667084
dynamic_double_integrator_2d,moving_circle_crossing,haddadin,3,60.0,0.8,1.0,1.0,0.0,0.0,0.07368145534618753,0.09807802976147122,1387.0,75.28287660014252,0.16066642808347464,2.575200978117051
dynamic_double_integrator_2d,moving_circle_crossing,sabattini,3,60.0,0.8,1.0,1.0,0.0,0.0,0.539993970894697,0.15121274044464383,924.0,12.963900301306168,0.9201762534636415,0.6400345316225928
dynamic_double_integrator_2d,moving_circle_crossing,paper_pd,4,60.0,0.8,1.0,1.0,0.0,0.0,0.23346888929444587,0.1506373108621633,1672.0,21.383171792577755,0.5579294975778151,0.6114049083593638
dynamic_double_integrator_2d,moving_circle_crossing,paper_geometric,4,60.0,0.8,1.0,1.0,0.0,0.0,0.7028231377166909,0.009525828115224929,670.0,17.562844630636377,0.6827588224813681,0.7623089605653272
dynamic_double_integrator_2d,moving_circle_crossing,apf,4,60.0,0.8,1.0,1.0,0.0,0.0,1.0697238714291968,0.15117302240416564,1216.0,18.96485983840845,0.6340785443360544,0.7277937054604454
dynamic_double_integrator_2d,moving_circle_crossing,haddadin,4,60.0,0.8,0.0,0.0,1.0,1.0,-0.01048146191029331,5.755503436696828,inf,7.006674084606572,0.960831934449097,1.1326893684849326
dynamic_double_integrator_2d,moving_circle_crossing,sabattini,4,60.0,0.8,1.0,1.0,0.0,0.0,0.16298101048083158,0.15015036294031062,960.0,13.287698919876522,0.8967775199764018,0.6347184599177723
dynamic_double_integrator_2d,head_on_circle,paper_pd,0,-60.0,0.8,1.0,1.0,0.0,0.0,1.6430696192229148,0.1507706106556928,996.0,13.696804016338563,0.8655417049012128,0.629605326737308
dynamic_double_integrator_2d,head_on_circle,paper_geometric,0,-60.0,0.8,1.0,1.0,0.0,0.0,0.8489174119465221,0.01303062364196562,603.0,15.892768236707125,0.7542720686961275,0.7331229602169174
dynamic_double_integrator_2d,head_on_circle,apf,0,-60.0,0.8,1.0,1.0,0.0,0.0,0.9260383279532864,0.15097253194082996,1097.0,17.230574674878998,0.6899999885398543,0.7326497313032716
dynamic_double_integrator_2d,head_on_circle,haddadin,0,-60.0,0.8,1.0,1.0,0.0,0.0,0.7683771214519126,0.15010882482894938,948.0,12.920262623640074,0.9202857561432783,0.6148413794505754
dynamic_double_integrator_2d,head_on_circle,sabattini,0,-60.0,0.8,1.0,1.0,0.0,0.0,1.0716021129897624,0.15031893798100895,966.0,13.291399879427294,0.8966280573818223,0.6306824587406286
dynamic_double_integrator_2d,head_on_circle,paper_pd,1,-60.0,0.8,1.0,1.0,0.0,0.0,1.639607397986043,0.15116452965796057,998.0,13.71587055605753,0.8644049059535391,0.6293249567395743
dynamic_double_integrator_2d,head_on_circle,paper_geometric,1,-60.0,0.8,1.0,1.0,0.0,0.0,0.8505069706980142,0.014228142077365882,603.0,15.882332655682907,0.7546951299256229,0.7333179269226415
dynamic_double_integrator_2d,head_on_circle,apf,1,-60.0,0.8,1.0,1.0,0.0,0.0,0.9238941021251328,0.15092504817970298,1095.0,17.231014056621575,0.689978312875409,0.7345406327351592
dynamic_double_integrator_2d,head_on_circle,haddadin,1,-60.0,0.8,1.0,1.0,0.0,0.0,0.769037860427916,0.15066874396767516,948.0,12.929189943833665,0.9196458824295242,0.615851091523962
dynamic_double_integrator_2d,head_on_circle,sabattini,1,-60.0,0.8,1.0,1.0,0.0,0.0,1.035870364140146,0.1501560704205411,958.0,13.23375072662677,0.9005854263294962,0.6327483632582029
dynamic_double_integrator_2d,head_on_circle,paper_pd,2,-60.0,0.8,1.0,1.0,0.0,0.0,1.639195409239678,0.15092060856470818,981.0,13.630390724380037,0.869386504002208,0.638278331355474
dynamic_double_integrator_2d,head_on_circle,paper_geometric,2,-60.0,0.8,1.0,1.0,0.0,0.0,0.8481142106010899,0.014303375816785216,603.0,15.88437183973568,0.754594315345049,0.733411985227661
dynamic_double_integrator_2d,head_on_circle,apf,2,-60.0,0.8,1.0,1.0,0.0,0.0,0.9255983659167963,0.15031041821561733,1099.0,17.249875319170613,0.6892336580286857,0.7322254164194469
dynamic_double_integrator_2d,head_on_circle,haddadin,2,-60.0,0.8,1.0,1.0,0.0,0.0,0.7660716386027695,0.15003854172187672,951.0,12.92906406900513,0.9196834160675906,0.6135101454504793
dynamic_double_integrator_2d,head_on_circle,sabattini,2,-60.0,0.8,1.0,1.0,0.0,0.0,1.033096251632469,0.15102524998982805,961.0,13.239470611995234,0.9002375585185413,0.6312128862854872
dynamic_double_integrator_2d,head_on_circle,paper_pd,3,-60.0,0.8,1.0,1.0,0.0,0.0,1.6227090745407375,0.1503047212839912,991.0,13.694903659742154,0.8653246913524024,0.6347640583213959
dynamic_double_integrator_2d,head_on_circle,paper_geometric,3,-60.0,0.8,1.0,1.0,0.0,0.0,0.8517142479535775,0.012745433958784096,603.0,15.885013473246948,0.7547014576701329,0.7327655978454815
dynamic_double_integrator_2d,head_on_circle,apf,3,-60.0,0.8,1.0,1.0,0.0,0.0,0.9168679968933355,0.15076775120659386,1110.0,17.511220941871166,0.6787573398272673,0.7370572305244378
dynamic_double_integrator_2d,head_on_circle,haddadin,3,-60.0,0.8,1.0,1.0,0.0,0.0,0.7309667141718359,0.1509399743267428,965.0,12.978745980696782,0.9161463174182142,0.6077991571888129
dynamic_double_integrator_2d,head_on_circle,sabattini,3,-60.0,0.8,1.0,1.0,0.0,0.0,1.011799275855648,0.15121278577726685,972.0,13.290482687928224,0.8967574316469611,0.6270726997138654
dynamic_double_integrator_2d,head_on_circle,paper_pd,4,-60.0,0.8,1.0,1.0,0.0,0.0,1.6470666871667894,0.15002379839116303,986.0,13.63922648437752,0.8690886452180737,0.6339473762477953
dynamic_double_integrator_2d,head_on_circle,paper_geometric,4,-60.0,0.8,1.0,1.0,0.0,0.0,0.8694770835412404,0.013121355076178171,599.0,15.774639619864615,0.7599192690432862,0.7303718603082614
dynamic_double_integrator_2d,head_on_circle,apf,4,-60.0,0.8,1.0,1.0,0.0,0.0,0.9317828221309807,0.15120234152673445,1096.0,17.156720811435104,0.6930615583472989,0.7301326875610158
dynamic_double_integrator_2d,head_on_circle,haddadin,4,-60.0,0.8,1.0,1.0,0.0,0.0,0.7822336494688624,0.15044124805983358,945.0,12.905909190424525,0.9212605378294291,0.6159155953491204
dynamic_double_integrator_2d,head_on_circle,sabattini,4,-60.0,0.8,1.0,1.0,0.0,0.0,1.057660109292979,0.15119253694299412,960.0,13.24164987197813,0.9000822694197714,0.631918487701532
dynamic_double_integrator_2d,head_on_circle,paper_pd,0,-45.0,0.8,1.0,1.0,0.0,0.0,1.5993461162042393,0.15104052485330932,989.0,13.670956477200038,0.8667854452042071,0.6354204492664831
dynamic_double_integrator_2d,head_on_circle,paper_geometric,0,-45.0,0.8,1.0,1.0,0.0,0.0,0.8497166555287157,0.013968921431023915,609.0,15.863417577923093,0.7556105765506629,0.7284136503634439
dynamic_double_integrator_2d,head_on_circle,apf,0,-45.0,0.8,1.0,1.0,0.0,0.0,0.9036816232566796,0.1511799384038147,1101.0,17.645431324724754,0.6731494632690835,0.7490004802682256
dynamic_double_integrator_2d,head_on_circle,haddadin,0,-45.0,0.8,1.0,1.0,0.0,0.0,0.6819799118467826,0.1505013177138016,971.0,12.96766790055038,0.917359339917486,0.6033302927765041
dynamic_double_integrator_2d,head_on_circle,sabattini,0,-45.0,0.8,1.0,1.0,0.0,0.0,0.9985260256499557,0.15069753113979723,961.0,13.213086714878004,0.9015378132808546,0.6299565102322874
dynamic_double_integrator_2d,head_on_circle,paper_pd,1,-45.0,0.8,1.0,1.0,0.0,0.0,1.599813457161078,0.1503152671339991,1004.0,13.74449082889833,0.8625469848503815,0.6277596181066772
dynamic_double_integrator_2d,head_on_circle,paper_geometric,1,-45.0,0.8,1.0,1.0,0.0,0.0,0.8489925354170718,0.014755171755688898,608.0,15.848677436097924,0.7562654101720803,0.7284057592331465
dynamic_double_integrator_2d,head_on_circle,apf,1,-45.0,0.8,1.0,1.0,0.0,0.0,0.9014390693721606,0.15115376790633883,1098.0,17.644149589594324,0.6731835667478224,0.7508567002378533
dynamic_double_integrator_2d,head_on_circle,haddadin,1,-45.0,0.8,1.0,1.0,0.0,0.0,0.6802639133806243,0.1506047098413279,970.0,12.971978117579646,0.9170755974379194,0.6046544747476555
dynamic_double_integrator_2d,head_on_circle,sabattini,1,-45.0,0.8,1.0,1.0,0.0,0.0,0.9879080146009644,0.15028933743199227,959.0,13.210067346755274,0.9017321815844941,0.6310146634902335
dynamic_double_integrator_2d,head_on_circle,paper_pd,2,-45.0,0.8,1.0,1.0,0.0,0.0,1.5983925836061723,0.15022640723899947,991.0,13.677295755551802,0.8664529781004542,0.6339488775718424
dynamic_double_integrator_2d,head_on_circle,paper_geometric,2,-45.0,0.8,1.0,1.0,0.0,0.0,0.8450675458042607,0.013707470867881186,609.0,15.86082396472204,0.7557506261676586,0.7282946772808282
dynamic_double_integrator_2d,head_on_circle,apf,2,-45.0,0.8,1.0,1.0,0.0,0.0,0.9038090146037148,0.1504427298593708,1102.0,17.656570802301648,0.6727309116872027,0.7482036749492663
dynamic_double_integrator_2d,head_on_circle,haddadin,2,-45.0,0.8,1.0,1.0,0.0,0.0,0.6778647390243819,0.15076574701487908,973.0,12.972352232980596,0.9170149303355944,0.6024282111772061
dynamic_double_integrator_2d,head_on_circle,sabattini,2,-45.0,0.8,1.0,1.0,0.0,0.0,0.9521778254372353,0.15107131324883316,957.0,13.160808463467294,0.9052532784398543,0.6298665613512091
dynamic_double_integrator_2d,head_on_circle,paper_pd,3,-45.0,0.8,1.0,1.0,0.0,0.0,1.5758198392987617,0.15104136529226483,1005.0,13.75357695882625,0.8615791287073983,0.629898305527275
dynamic_double_integrator_2d,head_on_circle,paper_geometric,3,-45.0,0.8,1.0,1.0,0.0,0.0,0.8451353461984101,0.013690102705791058,610.0,15.883402661006611,0.7547206681777847,0.7286619001377921
dynamic_double_integrator_2d,head_on_circle,apf,3,-45.0,0.8,1.0,1.0,0.0,0.0,0.905395372272999,0.1500027629300849,1112.0,17.69265702757185,0.6712401097744677,0.7434364831054526
dynamic_double_integrator_2d,head_on_circle,haddadin,3,-45.0,0.8,1.0,1.0,0.0,0.0,0.6321589260402642,0.15007631398747165,991.0,13.040358582387702,0.9123004107276843,0.5950938278207706
dynamic_double_integrator_2d,head_on_circle,sabattini,3,-45.0,0.8,1.0,1.0,0.0,0.0,0.9506189160101215,0.1510054366793941,966.0,13.216099169555436,0.9013563594581894,0.6271137047182676
dynamic_double_integrator_2d,head_on_circle,paper_pd,4,-45.0,0.8,1.0,1.0,0.0,0.0,1.609540627225162,0.15028284671343178,985.0,13.642168279349914,0.8686806949417046,0.6358551340479479
dynamic_double_integrator_2d,head_on_circle,paper_geometric,4,-45.0,0.8,1.0,1.0,0.0,0.0,0.862633921774252,0.014121588502324709,606.0,15.77331261751364,0.7599216741400672,0.7262793292324574
dynamic_double_integrator_2d,head_on_circle,apf,4,-45.0,0.8,1.0,1.0,0.0,0.0,0.9052376364642027,0.15136199575533396,1100.0,17.589902617823288,0.6753623242533143,0.7472793980400354
dynamic_double_integrator_2d,head_on_circle,haddadin,4,-45.0,0.8,1.0,1.0,0.0,0.0,0.6937844292374755,0.1506826048503973,966.0,12.939590752576326,0.9193267000496983,0.6048361695880631
dynamic_double_integrator_2d,head_on_circle,sabattini,4,-45.0,0.8,1.0,1.0,0.0,0.0,0.9705933757598806,0.15087719160228472,957.0,13.162899899261072,0.9051619579339869,0.6299665343815046
dynamic_double_integrator_2d,head_on_circle,paper_pd,0,-30.0,0.8,1.0,1.0,0.0,0.0,1.5336753049966343,0.15025109459339905,1026.0,13.868227528683935,0.8547545987384247,0.6214963083564885
dynamic_double_integrator_2d,head_on_circle,paper_geometric,0,-30.0,0.8,1.0,1.0,0.0,0.0,0.8435738530970169,0.015385146404125109,613.0,15.842282283051698,0.7565324431385373,0.7254474969374057
dynamic_double_integrator_2d,head_on_circle,apf,0,-30.0,0.8,1.0,1.0,0.0,0.0,0.9002866803743153,0.15008517201884583,1209.0,19.038969046453634,0.6258474269120772,0.7379926044327522
dynamic_double_integrator_2d,head_on_circle,haddadin,0,-30.0,0.8,1.0,1.0,0.0,0.0,0.5574381542634355,0.15072786629742352,1003.0,13.10421209746017,0.9079704242033427,0.5926021724236745
dynamic_double_integrator_2d,head_on_circle,sabattini,0,-30.0,0.8,1.0,1.0,0.0,0.0,0.8639337322482925,0.15022589888571555,957.0,13.146421705383004,0.9057173184939977,0.6291788578098951
dynamic_double_integrator_2d,head_on_circle,paper_pd,1,-30.0,0.8,1.0,1.0,0.0,0.0,1.5298431726176043,0.1505784331236843,1029.0,13.898728886101619,0.8529792863578222,0.6206391117797321
dynamic_double_integrator_2d,head_on_circle,paper_geometric,1,-30.0,0.8,1.0,1.0,0.0,0.0,0.8454767517440631,0.014820586310884678,612.0,15.832811829709765,0.7570192228681252,0.7250142648540617
dynamic_double_integrator_2d,head_on_circle,apf,1,-30.0,0.8,1.0,1.0,0.0,0.0,0.8978588819307185,0.15059282086322157,1208.0,19.079616125541495,0.6244404941106797,0.7407143570807407
dynamic_double_integrator_2d,head_on_circle,haddadin,1,-30.0,0.8,1.0,1.0,0.0,0.0,0.5513351077572264,0.15052392948101204,1004.0,13.123035291795066,0.90671756307232,0.5934523618696953
dynamic_double_integrator_2d,head_on_circle,sabattini,1,-30.0,0.8,1.0,1.0,0.0,0.0,0.8530457418041051,0.15094202713950283,955.0,13.14182278567175,0.9059605895418015,0.6307681105307638
dynamic_double_integrator_2d,head_on_circle,paper_pd,2,-30.0,0.8,1.0,1.0,0.0,0.0,1.5285531877040275,0.15013782933199796,1013.0,13.8097142597576,0.8581197543364931,0.6278707656565682
dynamic_double_integrator_2d,head_on_circle,paper_geometric,2,-30.0,0.8,1.0,1.0,0.0,0.0,0.8505355992064945,0.015612079806748622,613.0,15.841429713040398,0.7565602429267535,0.7254084955645194
dynamic_double_integrator_2d,head_on_circle,apf,2,-30.0,0.8,1.0,1.0,0.0,0.0,0.9008976847681576,0.15075587535816093,1214.0,19.118027631112508,0.6231566639520243,0.7387655456027971
dynamic_double_integrator_2d,head_on_circle,haddadin,2,-30.0,0.8,1.0,1.0,0.0,0.0,0.5459152361502757,0.15093802054314956,1007.0,13.114590083078754,0.9072394982871953,0.591468021760303
dynamic_double_integrator_2d,head_on_circle,sabattini,2,-30.0,0.8,1.0,1.0,0.0,0.0,0.8534479433443607,0.15121583031917196,959.0,13.148582394808175,0.9055429499890666,0.6286811076794736
dynamic_double_integrator_2d,head_on_circle,paper_pd,3,-30.0,0.8,1.0,1.0,0.0,0.0,1.4981703859663087,0.15064033722412834,1032.0,13.902294085667414,0.8523860898603606,0.6213524145387234
dynamic_double_integrator_2d,head_on_circle,paper_geometric,3,-30.0,0.8,1.0,1.0,0.0,0.0,0.8395856057402193,0.014688674541352129,614.0,15.881507394705936,0.7547504471045741,0.7259135796669371
dynamic_double_integrator_2d,head_on_circle,apf,3,-30.0,0.8,1.0,1.0,0.0,0.0,0.9045168304347417,0.1506747929282447,1241.0,19.731523854847858,0.6033182363086993,0.7474460202440513
dynamic_double_integrator_2d,head_on_circle,haddadin,3,-30.0,0.8,1.0,1.0,0.0,0.0,0.49852912117563375,0.15083209620765617,1021.0,13.178398673769603,0.902728507525545,0.5864177188342033
dynamic_double_integrator_2d,head_on_circle,sabattini,3,-30.0,0.8,1.0,1.0,0.0,0.0,0.8666737235809443,0.1506708516672176,973.0,13.256738817341834,0.8979297893815419,0.6248935413061125
dynamic_double_integrator_2d,head_on_circle,paper_pd,4,-30.0,0.8,1.0,1.0,0.0,0.0,1.5455596830612004,0.15115931590175308,1016.0,13.810366535836003,0.8581950397615009,0.6250617782927673
dynamic_double_integrator_2d,head_on_circle,paper_geometric,4,-30.0,0.8,1.0,1.0,0.0,0.0,0.837328756024696,0.015326447312404144,614.0,15.870555077926841,0.7551932831112248,0.7260765574920873
dynamic_double_integrator_2d,head_on_circle,apf,4,-30.0,0.8,1.0,1.0,0.0,0.0,0.8998024346899229,0.1505252688978688,1188.0,18.56942748946578,0.6418864426547997,0.7311340475793002
dynamic_double_integrator_2d,head_on_circle,haddadin,4,-30.0,0.8,1.0,1.0,0.0,0.0,0.5707820255825191,0.15063176624728533,1000.0,13.078356567458338,0.9098313067077102,0.593041511207351
dynamic_double_integrator_2d,head_on_circle,sabattini,4,-30.0,0.8,1.0,1.0,0.0,0.0,0.8684807069490703,0.15054301454837937,959.0,13.150838964456863,0.9055017439867019,0.6281888818920247
dynamic_double_integrator_2d,head_on_circle,paper_pd,0,-15.0,0.8,1.0,1.0,0.0,0.0,1.4269672467088301,0.1500560349759719,1073.0,14.142416212260118,0.8381775523273126,0.6087023307076589
dynamic_double_integrator_2d,head_on_circle,paper_geometric,0,-15.0,0.8,1.0,1.0,0.0,0.0,0.8494700761741489,0.016086027293249348,615.0,15.824743760728778,0.7573284621226576,0.7233216329099901
dynamic_double_integrator_2d,head_on_circle,apf,0,-15.0,0.8,1.0,1.0,0.0,0.0,0.8803021795863741,0.15066909571481993,1241.0,20.24590092105728,0.5878815245928559,0.7674962470097457
dynamic_double_integrator_2d,head_on_circle,haddadin,0,-15.0,0.8,1.0,1.0,0.0,0.0,0.37832585715811273,0.15096233529909533,1011.0,13.230051064193757,0.898888217565096,0.5961319110798269
dynamic_double_integrator_2d,head_on_circle,sabattini,0,-15.0,0.8,1.0,1.0,0.0,0.0,0.7365023965952033,0.15026177800194324,966.0,13.214127963013292,0.9004321020165931,0.6276151785110679
dynamic_double_integrator_2d,head_on_circle,paper_pd,1,-15.0,0.8,1.0,1.0,0.0,0.0,1.423344271086664,0.15120594878304097,1073.0,14.16486047916194,0.8368240585639406,0.6096672604970736
dynamic_double_integrator_2d,head_on_circle,paper_geometric,1,-15.0,0.8,1.0,1.0,0.0,0.0,0.8501123084415207,0.015535979139272444,615.0,15.816575839088856,0.7577538954709343,0.7229486684515473
dynamic_double_integrator_2d,head_on_circle,apf,1,-15.0,0.8,1.0,1.0,0.0,0.0,0.8770615733908389,0.15105450164319945,1237.0,20.241519648282708,0.5880228525900857,0.7696626006186431
dynamic_double_integrator_2d,head_on_circle,haddadin,1,-15.0,0.8,1.0,1.0,0.0,0.0,0.37406868838861773,0.1500533074136014,1008.0,13.235632873705685,0.8985723063070257,0.597997873362169
dynamic_double_integrator_2d,head_on_circle,sabattini,1,-15.0,0.8,1.0,1.0,0.0,0.0,0.7244331432810733,0.15090974651405503,964.0,13.209646000421822,0.9006784339365661,0.6291934348440446
dynamic_double_integrator_2d,head_on_circle,paper_pd,2,-15.0,0.8,1.0,1.0,0.0,0.0,1.4295743270272632,0.15119663974815803,1074.0,14.139951685185109,0.8382130788238353,0.6085963751154391
dynamic_double_integrator_2d,head_on_circle,paper_geometric,2,-15.0,0.8,1.0,1.0,0.0,0.0,0.845317495696976,0.015230352407438199,614.0,15.817226919678411,0.7577409484114009,0.7229783981588335
dynamic_double_integrator_2d,head_on_circle,apf,2,-15.0,0.8,1.0,1.0,0.0,0.0,0.8811050028034504,0.15042397779200342,1243.0,20.26426348775753,0.587349816045834,0.7670296326685888
dynamic_double_integrator_2d,head_on_circle,haddadin,2,-15.0,0.8,1.0,1.0,0.0,0.0,0.3827012635582723,0.15082873838774286,1014.0,13.233053912599836,0.8987077629973872,0.5946613066696514
dynamic_double_integrator_2d,head_on_circle,sabattini,2,-15.0,0.8,1.0,1.0,0.0,0.0,0.7262226408610983,0.1509019466036128,967.0,13.21567514277407,0.9002933376235905,0.6270936086622769
dynamic_double_integrator_2d,head_on_circle,paper_pd,3,-15.0,0.8,1.0,1.0,0.0,0.0,1.3846356458932072,0.1501543106481961,1113.0,14.266833840546289,0.8307698593676379,0.5941278635834552
dynamic_double_integrator_2d,head_on_circle,paper_geometric,3,-15.0,0.8,1.0,1.0,0.0,0.0,0.8638617263389423,0.015138965509490296,613.0,15.766497688735088,0.760224309065443,0.7213207353169608
dynamic_double_integrator_2d,head_on_circle,apf,3,-15.0,0.8,1.0,1.0,0.0,0.0,0.875665518287245,0.1508691744490834,1255.0,20.515420787951296,0.5801578031907545,0.7695435077942767
dynamic_double_integrator_2d,head_on_circle,haddadin,3,-15.0,0.8,1.0,1.0,0.0,0.0,0.3254168181476105,0.1504043483462017,1013.0,13.253872451758099,0.897007668502481,0.5961308379046765
dynamic_double_integrator_2d,head_on_circle,sabattini,3,-15.0,0.8,1.0,1.0,0.0,0.0,0.6719056570797559,0.15077283971057884,972.0,13.227906873557666,0.8995671881905656,0.6241237923448482
dynamic_double_integrator_2d,head_on_circle,paper_pd,4,-15.0,0.8,1.0,1.0,0.0,0.0,1.4412478533723405,0.15098557903807366,1063.0,14.088551373477928,0.8412986380077662,0.6116457664127464
dynamic_double_integrator_2d,head_on_circle,paper_geometric,4,-15.0,0.8,1.0,1.0,0.0,0.0,0.839316863604259,0.016043798835782844,616.0,15.85760861837224,0.7557660511030883,0.724160977115522
dynamic_double_integrator_2d,head_on_circle,apf,4,-15.0,0.8,1.0,1.0,0.0,0.0,0.8842313635945136,0.1503746643508372,1240.0,20.165972719725232,0.5902029416621181,0.7650482456302199
dynamic_double_integrator_2d,head_on_circle,haddadin,4,-15.0,0.8,1.0,1.0,0.0,0.0,0.4047252472577154,0.1507519765993845,1014.0,13.224122273466834,0.8994401736542356,0.5937274562092774
dynamic_double_integrator_2d,head_on_circle,sabattini,4,-15.0,0.8,1.0,1.0,0.0,0.0,0.7498637623409201,0.15118195503985785,966.0,13.213267074701372,0.9004300090204846,0.6275743394070862
dynamic_double_integrator_2d,head_on_circle,paper_pd,0,0.0,0.8,1.0,1.0,0.0,0.0,1.2148434993491768,0.15108697682279051,1199.0,14.511266250297652,0.8170470223392883,0.5643848582089215
dynamic_double_integrator_2d,head_on_circle,paper_geometric,0,0.0,0.8,1.0,1.0,0.0,0.0,0.8448245947569599,0.015178438509887811,615.0,15.818793588304521,0.7576688442130102,0.7223902184445499
dynamic_double_integrator_2d,head_on_circle,apf,0,0.0,0.8,0.0,0.0,0.0,0.0,0.8380927411153323,93.30327701162163,inf,92.24133601642079,0.8814191215436049,0.7688111334701658
dynamic_double_integrator_2d,head_on_circle,haddadin,0,0.0,0.8,1.0,1.0,0.0,0.0,0.19439750605857675,0.15086781517110676,970.0,13.38138197500535,0.8882482917868599,0.6289850692490782
dynamic_double_integrator_2d,head_on_circle,sabattini,0,0.0,0.8,1.0,1.0,0.0,0.0,0.5302351553393965,0.15051231243000196,972.0,13.253136575860783,0.8972708454471233,0.6259026686726789
dynamic_double_integrator_2d,head_on_circle,paper_pd,1,0.0,0.8,1.0,1.0,0.0,0.0,1.2050004841401227,0.15022960954609185,1206.0,14.50372156081023,0.8174999354551091,0.5610402457809214
dynamic_double_integrator_2d,head_on_circle,paper_geometric,1,0.0,0.8,1.0,1.0,0.0,0.0,0.841921986100256,0.015487195090593552,616.0,15.824812018677033,0.7573621415999205,0.7226647818739521
dynamic_double_integrator_2d,head_on_circle,apf,1,0.0,0.8,0.0,0.0,0.0,0.0,0.8376577810310408,93.44590050255621,inf,92.21266540703328,0.8832398758075519,0.7685722117252687
dynamic_double_integrator_2d,head_on_circle,haddadin,1,0.0,0.8,1.0,1.0,0.0,0.0,0.1979682513691714,0.1504292384644383,969.0,13.374076345439342,0.8887304089104543,0.6292329109698938
dynamic_double_integrator_2d,head_on_circle,sabattini,1,0.0,0.8,1.0,1.0,0.0,0.0,0.5306723977921812,0.15116452604531802,970.0,13.24716260983434,0.8976176353982547,0.6273965283743794
dynamic_double_integrator_2d,head_on_circle,paper_pd,2,0.0,0.8,1.0,1.0,0.0,0.0,1.1746742914396298,0.1500083864410003,1206.0,14.509233030444793,0.8172093517080258,0.5608198081252812
dynamic_double_integrator_2d,head_on_circle,paper_geometric,2,0.0,0.8,1.0,1.0,0.0,0.0,0.8492269008411468,0.01601091952841299,616.0,15.825076645475116,0.7573181120042105,0.7226768542643754
dynamic_double_integrator_2d,head_on_circle,apf,2,0.0,0.8,0.0,0.0,0.0,0.0,0.8382711145857229,93.2448588483636,inf,92.2536012698617,0.8806687058487785,0.768913343915501
dynamic_double_integrator_2d,head_on_circle,haddadin,2,0.0,0.8,1.0,1.0,0.0,0.0,0.1940195808047962,0.1510259148184534,974.0,13.385457842024715,0.8880409510302175,0.6268221628636428
dynamic_double_integrator_2d,head_on_circle,sabattini,2,0.0,0.8,1.0,1.0,0.0,0.0,0.4933954571950774,0.15029845048103752,968.0,13.206585344614123,0.9005984593505256,0.6254770740120212
dynamic_double_integrator_2d,head_on_circle,paper_pd,3,0.0,0.8,1.0,1.0,0.0,0.0,1.2740176941863566,0.15008987761348286,1204.0,14.404179281009291,0.8231015473547152,0.5576248755224009
dynamic_double_integrator_2d,head_on_circle,paper_geometric,3,0.0,0.8,1.0,1.0,0.0,0.0,0.866446637087338,0.015821612463505857,614.0,15.750648596542979,0.7609477403997472,0.7205963709571733
dynamic_double_integrator_2d,head_on_circle,apf,3,0.0,0.8,0.0,0.0,0.0,0.0,0.8392013923407831,92.94085163764366,inf,92.3209868242934,0.8767339589061443,0.769474890202443
dynamic_double_integrator_2d,head_on_circle,haddadin,3,0.0,0.8,1.0,1.0,0.0,0.0,0.22918620574408521,0.15052353537562205,994.0,13.301776644226829,0.8935707605281844,0.6103472339242353
dynamic_double_integrator_2d,head_on_circle,sabattini,3,0.0,0.8,1.0,1.0,0.0,0.0,0.5654673823174612,0.15035661987784563,974.0,13.228476506439941,0.8992015455914941,0.6229763173301955
dynamic_double_integrator_2d,head_on_circle,paper_pd,4,0.0,0.8,1.0,1.0,0.0,0.0,1.1674639353404626,0.15068820364486546,1213.0,14.49443576485649,0.8179859492520971,0.5576647104095513
dynamic_double_integrator_2d,head_on_circle,paper_geometric,4,0.0,0.8,1.0,1.0,0.0,0.0,0.8423766075047434,0.015083718188488556,616.0,15.842269678223648,0.7565562511616853,0.7228017173301562
dynamic_double_integrator_2d,head_on_circle,apf,4,0.0,0.8,0.0,0.0,0.0,0.0,0.8381121925007022,93.29690459865184,inf,92.24368380337799,0.8813277034573542,0.7688306983614781
dynamic_double_integrator_2d,head_on_circle,haddadin,4,0.0,0.8,1.0,1.0,0.0,0.0,0.210240760980704,0.15018477518949955,979.0,13.341446842486064,0.8908277743013222,0.6212765973249333
dynamic_double_integrator_2d,head_on_circle,sabattini,4,0.0,0.8,1.0,1.0,0.0,0.0,0.5506386096321982,0.15048628743785342,972.0,13.25502094389401,0.8971615985446463,0.6259915539572634
dynamic_double_integrator_2d,head_on_circle,paper_pd,0,15.0,0.8,1.0,1.0,0.0,0.0,1.4327997149082905,0.15011796497769986,1069.0,14.12268591608588,0.8393104042044975,0.6099519377086233
dynamic_double_integrator_2d,head_on_circle,paper_geometric,0,15.0,0.8,1.0,1.0,0.0,0.0,0.8450505315527337,0.01422648273509948,615.0,15.832446942978905,0.7570733115112175,0.7230130904643666
dynamic_double_integrator_2d,head_on_circle,apf,0,15.0,0.8,1.0,1.0,0.0,0.0,0.8815455633038372,0.15020172756926523,1241.0,20.220504106375706,0.5886202044870904,0.7665342464536257
dynamic_double_integrator_2d,head_on_circle,haddadin,0,15.0,0.8,1.0,1.0,0.0,0.0,0.386285950722431,0.15074429428095906,1013.0,13.227045020578856,0.8991737913985138,0.594925652317111
dynamic_double_integrator_2d,head_on_circle,sabattini,0,15.0,0.8,1.0,1.0,0.0,0.0,0.7445822477523241,0.15024473987880915,966.0,13.2138471305787,0.9004511850603818,0.6276018562893132
dynamic_double_integrator_2d,head_on_circle,paper_pd,1,15.0,0.8,1.0,1.0,0.0,0.0,1.4427916050607825,0.15029169708855045,1063.0,14.109648329290746,0.8401731534352648,0.6120298236261158
dynamic_double_integrator_2d,head_on_circle,paper_geometric,1,15.0,0.8,1.0,1.0,0.0,0.0,0.8421248069462917,0.014546798872496377,615.0,15.833367309308983,0.7570100731645595,0.7230550779794247
dynamic_double_integrator_2d,head_on_circle,apf,1,15.0,0.8,1.0,1.0,0.0,0.0,0.8804045646560843,0.15072258591768517,1236.0,20.167761675824988,0.5901634657295942,0.7674434097271855
dynamic_double_integrator_2d,head_on_circle,haddadin,1,15.0,0.8,1.0,1.0,0.0,0.0,0.39968155600963473,0.1511014872926128,1010.0,13.226503575747785,0.8992425245501096,0.59650917007873
dynamic_double_integrator_2d,head_on_circle,sabattini,1,15.0,0.8,1.0,1.0,0.0,0.0,0.7467447547603503,0.15091646415110668,964.0,13.208834884419389,0.9007290498971597,0.6291548470228076
dynamic_double_integrator_2d,head_on_circle,paper_pd,2,15.0,0.8,1.0,1.0,0.0,0.0,1.4348649630573465,0.15008919652240335,1068.0,14.110077763687226,0.8400416756816657,0.6099342730434888
dynamic_double_integrator_2d,head_on_circle,paper_geometric,2,15.0,0.8,1.0,1.0,0.0,0.0,0.8461597979081878,0.015233902505997652,615.0,15.840201258860057,0.7566420651926393,0.7233668457509149
dynamic_double_integrator_2d,head_on_circle,apf,2,15.0,0.8,1.0,1.0,0.0,0.0,0.8828961597240812,0.15121453102064045,1242.0,20.224796492686654,0.5884369998543187,0.766116445597527
dynamic_double_integrator_2d,head_on_circle,haddadin,2,15.0,0.8,1.0,1.0,0.0,0.0,0.3906042177506006,0.1504900689048694,1015.0,13.229559701049558,0.8990398618597844,0.5934390547065204
dynamic_double_integrator_2d,head_on_circle,sabattini,2,15.0,0.8,1.0,1.0,0.0,0.0,0.7382512505327996,0.1509467937079541,967.0,13.215296892352834,0.9003131377983759,0.6270756821020301
dynamic_double_integrator_2d,head_on_circle,paper_pd,3,15.0,0.8,1.0,1.0,0.0,0.0,1.4590381651600945,0.15070492812607822,1047.0,13.962311426079376,0.8487234671872168,0.6157846443206766
dynamic_double_integrator_2d,head_on_circle,paper_geometric,3,15.0,0.8,1.0,1.0,0.0,0.0,0.8706109584893098,0.014899436123734129,612.0,15.733905405507052,0.7618141152284786,0.7204897257779994
dynamic_double_integrator_2d,head_on_circle,apf,3,15.0,0.8,1.0,1.0,0.0,0.0,0.8952941434157964,0.1506631479249435,1248.0,20.101892173601968,0.5919957172772689,0.7580215589149201
dynamic_double_integrator_2d,head_on_circle,haddadin,3,15.0,0.8,1.0,1.0,0.0,0.0,0.42774453778342525,0.15078074267164515,1022.0,13.188468461427828,0.9020334273411978,0.5873873870741927
dynamic_double_integrator_2d,head_on_circle,sabattini,3,15.0,0.8,1.0,1.0,0.0,0.0,0.7977383626015231,0.1506442864569813,972.0,13.223513656170901,0.8998498049412916,0.6239167604227579
dynamic_double_integrator_2d,head_on_circle,paper_pd,4,15.0,0.8,1.0,1.0,0.0,0.0,1.4221235575579763,0.15113186387434346,1080.0,14.178389848324352,0.8359796062271336,0.607116759979656
dynamic_double_integrator_2d,head_on_circle,paper_geometric,4,15.0,0.8,1.0,1.0,0.0,0.0,0.8428154945611768,0.01589552664466346,615.0,15.828880269322097,0.7571470705231789,0.7235105145809183
dynamic_double_integrator_2d,head_on_circle,apf,4,15.0,0.8,1.0,1.0,0.0,0.0,0.8777655822223185,0.1508432655178467,1242.0,20.302651205125912,0.5862491731607526,0.7690632553037812
dynamic_double_integrator_2d,head_on_circle,haddadin,4,15.0,0.8,1.0,1.0,0.0,0.0,0.3716458543166774,0.15085019869438251,1010.0,13.237281953907537,0.8983366370707917,0.5969946826084482
dynamic_double_integrator_2d,head_on_circle,sabattini,4,15.0,0.8,1.0,1.0,0.0,0.0,0.7083463109981425,0.15111296521029444,966.0,13.214665719504398,0.9003478770539693,0.6276406887810432
dynamic_double_integrator_2d,head_on_circle,paper_pd,0,30.0,0.8,1.0,1.0,0.0,0.0,1.5372064895783408,0.1503142967261134,1020.0,13.840417599642585,0.856400136699719,0.6236011520991257
dynamic_double_integrator_2d,head_on_circle,paper_geometric,0,30.0,0.8,1.0,1.0,0.0,0.0,0.8431238049621681,0.013864221871537985,613.0,15.853911416349563,0.7560700540150602,0.7253158782609499
dynamic_double_integrator_2d,head_on_circle,apf,0,30.0,0.8,1.0,1.0,0.0,0.0,0.9001591503934856,0.15135505232254406,1202.0,18.878557820029567,0.6312222295316307,0.7357693855151715
dynamic_double_integrator_2d,head_on_circle,haddadin,0,30.0,0.8,1.0,1.0,0.0,0.0,0.5586812286302985,0.15005683536773454,1004.0,13.104240399559735,0.9080473436803275,0.5920686100884349
dynamic_double_integrator_2d,head_on_circle,sabattini,0,30.0,0.8,1.0,1.0,0.0,0.0,0.8717180010994425,0.15063273085556658,957.0,13.147306023829884,0.9056500862477505,0.6292211292461697
dynamic_double_integrator_2d,head_on_circle,paper_pd,1,30.0,0.8,1.0,1.0,0.0,0.0,1.5395546541128238,0.1511834240382218,1025.0,13.869106488763334,0.8547763500455006,0.6215356530332733
dynamic_double_integrator_2d,head_on_circle,paper_geometric,1,30.0,0.8,1.0,1.0,0.0,0.0,0.8409984526654166,0.01490377484738059,613.0,15.862197065039293,0.7556126911281691,0.7256945642156902
dynamic_double_integrator_2d,head_on_circle,apf,1,30.0,0.8,1.0,1.0,0.0,0.0,0.897789069618866,0.1510318312324912,1190.0,18.674569776902747,0.6382363830339108,0.7346922082115848
dynamic_double_integrator_2d,head_on_circle,haddadin,1,30.0,0.8,1.0,1.0,0.0,0.0,0.5697127126269848,0.15042435620291544,998.0,13.088077604264045,0.9091610310723813,0.5945588749666076
dynamic_double_integrator_2d,head_on_circle,sabattini,1,30.0,0.8,1.0,1.0,0.0,0.0,0.8751628056544214,0.15006319318083128,955.0,13.144317267608487,0.9058532354547819,0.6302833940425511
dynamic_double_integrator_2d,head_on_circle,paper_pd,2,30.0,0.8,1.0,1.0,0.0,0.0,1.5313771996148868,0.15094430382113858,1010.0,13.790451089030944,0.8592621235921104,0.6287090659850174
dynamic_double_integrator_2d,head_on_circle,paper_geometric,2,30.0,0.8,1.0,1.0,0.0,0.0,0.8441306986345358,0.01452884728704181,613.0,15.853109086571598,0.7560690356293939,0.7252792087098535
dynamic_double_integrator_2d,head_on_circle,apf,2,30.0,0.8,1.0,1.0,0.0,0.0,0.9008345362115493,0.150928250349722,1203.0,18.865031406872067,0.631711136623748,0.7346704827576658
dynamic_double_integrator_2d,head_on_circle,haddadin,2,30.0,0.8,1.0,1.0,0.0,0.0,0.5563486815246603,0.15028213220980954,1003.0,13.090673164276188,0.9089599176784904,0.5919906578263858
dynamic_double_integrator_2d,head_on_circle,sabattini,2,30.0,0.8,1.0,1.0,0.0,0.0,0.865340880766587,0.15121737603387286,959.0,13.148751479734464,0.9055311322164913,0.6286891824132979
dynamic_double_integrator_2d,head_on_circle,paper_pd,3,30.0,0.8,1.0,1.0,0.0,0.0,1.553499157654207,0.15025824033026475,1006.0,13.725634897156562,0.8633976095336732,0.6274719131121719
dynamic_double_integrator_2d,head_on_circle,paper_geometric,3,30.0,0.8,1.0,1.0,0.0,0.0,0.8742510932035525,0.014698442190407092,609.0,15.726605962441846,0.762180244281418,0.7221378881854057
dynamic_double_integrator_2d,head_on_circle,apf,3,30.0,0.8,1.0,1.0,0.0,0.0,0.904043085381343,0.15132822109411143,1166.0,18.08204722005592,0.6590028680624068,0.7245014899942328
dynamic_double_integrator_2d,head_on_circle,haddadin,3,30.0,0.8,1.0,1.0,0.0,0.0,0.5882718976659267,0.15009625150390876,997.0,13.018051294083126,0.9140945667201371,0.5908454802394888
dynamic_double_integrator_2d,head_on_circle,sabattini,3,30.0,0.8,1.0,1.0,0.0,0.0,0.873559076481085,0.150165926764175,959.0,13.109937074754678,0.9085509078157783,0.6256404706746748
dynamic_double_integrator_2d,head_on_circle,paper_pd,4,30.0,0.8,1.0,1.0,0.0,0.0,1.5280736915169815,0.15025148181990097,1029.0,13.891157039184304,0.8533364001345849,0.6208552249635839
dynamic_double_integrator_2d,head_on_circle,paper_geometric,4,30.0,0.8,1.0,1.0,0.0,0.0,0.8511519158035576,0.014828510855834339,612.0,15.827915169145186,0.7572585182994286,0.7247902639133207
dynamic_double_integrator_2d,head_on_circle,apf,4,30.0,0.8,1.0,1.0,0.0,0.0,0.9002643570169018,0.15083653415431694,1222.0,19.35646678063299,0.6152287967942899,0.7439503371978874
dynamic_double_integrator_2d,head_on_circle,haddadin,4,30.0,0.8,1.0,1.0,0.0,0.0,0.5433135617812967,0.15082317941420878,1007.0,13.125446918251239,0.9064872409314078,0.5919570683896963
dynamic_double_integrator_2d,head_on_circle,sabattini,4,30.0,0.8,1.0,1.0,0.0,0.0,0.8491808253083255,0.15023546333418325,957.0,13.146368782817687,0.9057272061581396,0.6291763280505591
dynamic_double_integrator_2d,head_on_circle,paper_pd,0,45.0,0.8,1.0,1.0,0.0,0.0,1.5994689094773888,0.15055947034451714,988.0,13.659813176977028,0.8675295855755831,0.6354931773688203
dynamic_double_integrator_2d,head_on_circle,paper_geometric,0,45.0,0.8,1.0,1.0,0.0,0.0,0.8453171232256498,0.01431299901047233,609.0,15.870257980346684,0.7552642796194268,0.7287274302911336
dynamic_double_integrator_2d,head_on_circle,apf,0,45.0,0.8,1.0,1.0,0.0,0.0,0.9042563860653137,0.1506115131610024,1100.0,17.62843459424806,0.6738717876874898,0.7482796689672622
dynamic_double_integrator_2d,head_on_circle,haddadin,0,45.0,0.8,1.0,1.0,0.0,0.0,0.688354391407179,0.15053867215148112,969.0,12.958248959888337,0.9180025074821355,0.6040153147061608
dynamic_double_integrator_2d,head_on_circle,sabattini,0,45.0,0.8,1.0,1.0,0.0,0.0,0.9708014277992625,0.15037980868145978,956.0,13.159957612359843,0.9053341566516335,0.6304285938928175
dynamic_double_integrator_2d,head_on_circle,paper_pd,1,45.0,0.8,1.0,1.0,0.0,0.0,1.6019732416770953,0.15053841106052357,1004.0,13.73576473114801,0.8631524516417352,0.6267896413467638
dynamic_double_integrator_2d,head_on_circle,paper_geometric,1,45.0,0.8,1.0,1.0,0.0,0.0,0.8393190254339149,0.014372623053363363,609.0,15.87340658456562,0.755111318096949,0.7288718616773228
dynamic_double_integrator_2d,head_on_circle,apf,1,45.0,0.8,1.0,1.0,0.0,0.0,0.9029448405681224,0.15107350461744357,1097.0,17.59539819269346,0.6751772267187406,0.7494211996890827
dynamic_double_integrator_2d,head_on_circle,haddadin,1,45.0,0.8,1.0,1.0,0.0,0.0,0.6930808876408638,0.150245157007333,966.0,12.953871192670741,0.918374606624517,0.6055028568006865
dynamic_double_integrator_2d,head_on_circle,sabattini,1,45.0,0.8,1.0,1.0,0.0,0.0,0.9753570466000936,0.1512595517281354,954.0,13.15727727707634,0.9054361858108309,0.6321150324892663
dynamic_double_integrator_2d,head_on_circle,paper_pd,2,45.0,0.8,1.0,1.0,0.0,0.0,1.6060048317292255,0.15002553771185434,988.0,13.65996046886485,0.867555162230574,0.6349099567718136
dynamic_double_integrator_2d,head_on_circle,paper_geometric,2,45.0,0.8,1.0,1.0,0.0,0.0,0.8465941769952656,0.014678240789074594,609.0,15.876735298894559,0.754934926128056,0.729024554995163
dynamic_double_integrator_2d,head_on_circle,apf,2,45.0,0.8,1.0,1.0,0.0,0.0,0.9044869194476923,0.1511008190345725,1102.0,17.633916712803266,0.673643560976866,0.7478778268136969
dynamic_double_integrator_2d,head_on_circle,haddadin,2,45.0,0.8,1.0,1.0,0.0,0.0,0.6858467962700119,0.15025325970490971,971.0,12.960265464607897,0.9178888622986409,0.6029863134111485
dynamic_double_integrator_2d,head_on_circle,sabattini,2,45.0,0.8,1.0,1.0,0.0,0.0,0.9639978114853467,0.1510830780613144,957.0,13.162259024916311,0.9051616907915454,0.6299358998525975
dynamic_double_integrator_2d,head_on_circle,paper_pd,3,45.0,0.8,1.0,1.0,0.0,0.0,1.6161418724231762,0.1506489852893579,986.0,13.608806976220729,0.870786954846195,0.63371195238236
dynamic_double_integrator_2d,head_on_circle,paper_geometric,3,45.0,0.8,1.0,1.0,0.0,0.0,0.8802918967337907,0.015260563291583717,604.0,15.727471379845891,0.7621041163292053,0.7255055935412855
dynamic_double_integrator_2d,head_on_circle,apf,3,45.0,0.8,1.0,1.0,0.0,0.0,0.9129305011221371,0.1500315459857581,1105.0,17.50371912167121,0.6788967107384716,0.7392286549228358
dynamic_double_integrator_2d,head_on_circle,haddadin,3,45.0,0.8,1.0,1.0,0.0,0.0,0.7136454586029821,0.1508105756434884,964.0,12.899751057883226,0.9220758721920453,0.6041043525670365
dynamic_double_integrator_2d,head_on_circle,sabattini,3,45.0,0.8,1.0,1.0,0.0,0.0,0.9962980130686934,0.15110659625195902,963.0,13.176774891863012,0.9043771685368838,0.626437554219517
dynamic_double_integrator_2d,head_on_circle,paper_pd,4,45.0,0.8,1.0,1.0,0.0,0.0,1.5920949005215617,0.15114224757267503,1000.0,13.726021762291566,0.8634430685047554,0.6303679707473194
dynamic_double_integrator_2d,head_on_circle,paper_geometric,4,45.0,0.8,1.0,1.0,0.0,0.0,0.846474164234783,0.01427173573982884,608.0,15.842538900641346,0.7565915800979953,0.7281239164665443
dynamic_double_integrator_2d,head_on_circle,apf,4,45.0,0.8,1.0,1.0,0.0,0.0,0.9025755505320234,0.15080547357602062,1102.0,17.671502731477847,0.6720901762015691,0.749470454723639
dynamic_double_integrator_2d,head_on_circle,haddadin,4,45.0,0.8,1.0,1.0,0.0,0.0,0.6691822850640146,0.1507387374524925,977.0,12.998425731275235,0.9152205192290788,0.6014059949757501
dynamic_double_integrator_2d,head_on_circle,sabattini,4,45.0,0.8,1.0,1.0,0.0,0.0,0.9834928382901713,0.15074853224908202,961.0,13.211561646350516,0.901641096231257,0.6298838879214541
dynamic_double_integrator_2d,head_on_circle,paper_pd,0,60.0,0.8,1.0,1.0,0.0,0.0,1.6387222970632354,0.1507146591521604,978.0,13.617796370231186,0.8702145865784997,0.6388845534316404
dynamic_double_integrator_2d,head_on_circle,paper_geometric,0,60.0,0.8,1.0,1.0,0.0,0.0,0.8445772189927876,0.013409745971882644,604.0,15.90118726163709,0.7538500627071247,0.7335109337159947
dynamic_double_integrator_2d,head_on_circle,apf,0,60.0,0.8,1.0,1.0,0.0,0.0,0.9274591215904684,0.15065007214399306,1097.0,17.209790634149062,0.690862980091268,0.7317668068882347
dynamic_double_integrator_2d,head_on_circle,haddadin,0,60.0,0.8,1.0,1.0,0.0,0.0,0.7704183128948905,0.15043678229651977,947.0,12.91550855446805,0.920599700454667,0.615200216673077
dynamic_double_integrator_2d,head_on_circle,sabattini,0,60.0,0.8,1.0,1.0,0.0,0.0,1.0801145349411772,0.1502811825607167,966.0,13.293986147822954,0.8964693357902764,0.6308050307025106
dynamic_double_integrator_2d,head_on_circle,paper_pd,1,60.0,0.8,1.0,1.0,0.0,0.0,1.6468382392987708,0.15041548616790873,993.0,13.680711263869675,0.8666509464361841,0.6306036493494307
dynamic_double_integrator_2d,head_on_circle,paper_geometric,1,60.0,0.8,1.0,1.0,0.0,0.0,0.8705975347692165,0.01438728923067651,600.0,15.788116787859067,0.7591899211087315,0.7309952260804374
dynamic_double_integrator_2d,head_on_circle,apf,1,60.0,0.8,1.0,1.0,0.0,0.0,0.9290975987099697,0.15103748055146238,1093.0,17.163279378481615,0.6927892010111468,0.7322795984007504
dynamic_double_integrator_2d,head_on_circle,haddadin,1,60.0,0.8,1.0,1.0,0.0,0.0,0.7790209006223341,0.1510498274901816,944.0,12.909014818930507,0.9210377103891307,0.6172404402545604
dynamic_double_integrator_2d,head_on_circle,sabattini,1,60.0,0.8,1.0,1.0,0.0,0.0,1.057790142862038,0.1511945130651681,957.0,13.235484199807031,0.9004330595485582,0.6334361472183097
dynamic_double_integrator_2d,head_on_circle,paper_pd,2,60.0,0.8,1.0,1.0,0.0,0.0,1.6422292347927478,0.1510749959910245,979.0,13.615275289727593,0.8703450016806228,0.6387664147013886
dynamic_double_integrator_2d,head_on_circle,paper_geometric,2,60.0,0.8,1.0,1.0,0.0,0.0,0.8459316636970078,0.014021591376763915,604.0,15.909972836394514,0.7533972634531516,0.7339157989121877
dynamic_double_integrator_2d,head_on_circle,apf,2,60.0,0.8,1.0,1.0,0.0,0.0,0.9284457950645795,0.15096315471343044,1098.0,17.210951375944116,0.6908166294908299,0.7311948801334511
dynamic_double_integrator_2d,head_on_circle,haddadin,2,60.0,0.8,1.0,1.0,0.0,0.0,0.7693297707143638,0.15094065747972066,950.0,12.921287165284294,0.9201778037378354,0.6143061332043819
dynamic_double_integrator_2d,head_on_circle,sabattini,2,60.0,0.8,1.0,1.0,0.0,0.0,1.0442384868976844,0.15102828268941787,961.0,13.239874959716786,0.9002103532223023,0.6312321409388948
dynamic_double_integrator_2d,head_on_circle,paper_pd,3,60.0,0.8,1.0,1.0,0.0,0.0,1.6543789423825568,0.15109502822173757,976.0,13.565556806881949,0.8735292354003068,0.6382310529549788
dynamic_double_integrator_2d,head_on_circle,paper_geometric,3,60.0,0.8,1.0,1.0,0.0,0.0,0.886768863154979,0.014528051630584073,598.0,15.728801488446756,0.7620850378214122,0.7296015518279317
dynamic_double_integrator_2d,head_on_circle,apf,3,60.0,0.8,1.0,1.0,0.0,0.0,0.9432279513342157,0.15116380900717305,1103.0,17.08907755280573,0.6958993721330821,0.7229534045987202
dynamic_double_integrator_2d,head_on_circle,haddadin,3,60.0,0.8,1.0,1.0,0.0,0.0,0.7942071324028233,0.15086467154945507,944.0,12.87666911515107,0.9232374706777848,0.6151082593106426
dynamic_double_integrator_2d,head_on_circle,sabattini,3,60.0,0.8,1.0,1.0,0.0,0.0,1.0825633693706482,0.15075712031391883,966.0,13.2564317950113,0.8992921104910775,0.6284295357486425
dynamic_double_integrator_2d,head_on_circle,paper_pd,4,60.0,0.8,1.0,1.0,0.0,0.0,1.6394569437084172,0.15104237952924834,997.0,13.708528497249645,0.8647394592289669,0.630143640828723
dynamic_double_integrator_2d,head_on_circle,paper_geometric,4,60.0,0.8,1.0,1.0,0.0,0.0,0.8504337445785464,0.013637685639507421,603.0,15.871615911221605,0.7552438023723929,0.7328236121412174
dynamic_double_integrator_2d,head_on_circle,apf,4,60.0,0.8,1.0,1.0,0.0,0.0,0.92196240492633,0.151067164608997,1099.0,17.292067017370574,0.6874647119650106,0.7346378190734535
dynamic_double_integrator_2d,head_on_circle,haddadin,4,60.0,0.8,1.0,1.0,0.0,0.0,0.7620346895009202,0.1505631314902753,951.0,12.937911695747,0.9190184373434747,0.6139294642534127
dynamic_double_integrator_2d,head_on_circle,sabattini,4,60.0,0.8,1.0,1.0,0.0,0.0,1.0572660943062702,0.15046486563399092,966.0,13.289552432708565,0.8967415665034979,0.6305949020241028
