scenario,method,method_label,seed,obstacle_speed,v_ref,beta_ref,success,goal_reached_once,steps,path_length,final_goal_distance,min_clearance,mean_speed,collision,safety_violation,time_to_goal_steps,path_efficiency
moving_circle_crossing,paper_pd,MFI-PD,0,0.0,1.5,0.0,1.0,1.0,910.0,12.035967392787734,0.15104321755911596,2.7400105452191976,0.6613241482225858,0.0,0.0,830.0,0.9851018773159227
moving_circle_crossing,paper_geometric,MFI-Geometric,0,0.0,1.5,0.0,1.0,1.0,1270.0,14.177149390963395,0.03343343022713956,2.3548199588248693,0.5581606888120743,0.0,0.0,798.0,0.8440772664418618
moving_circle_crossing,apf,APF,0,0.0,1.5,0.0,1.0,1.0,849.0,11.848918790190751,0.1510861492366288,2.1557762094550164,0.6978239631951736,0.0,0.0,777.0,0.9999999396180556
moving_circle_crossing,haddadin,Haddadin,0,0.0,1.5,0.0,1.0,1.0,882.0,11.875354794045263,0.1512953047397878,2.3658860585669164,0.6732135430220267,0.0,0.0,807.0,0.9978889204486386
moving_circle_crossing,sabattini,Sabattini,0,0.0,1.5,0.0,1.0,1.0,876.0,11.84870096090609,0.15130397863923054,2.1557786261963914,0.6763032571786164,0.0,0.0,802.0,0.9999999394678785
moving_circle_crossing,paper_pd,MFI-PD,1,0.0,1.5,0.0,1.0,1.0,913.0,12.04885973924109,0.15125229354140604,2.7440018625522544,0.6598949264723205,0.0,0.0,832.0,0.9859355273601679
moving_circle_crossing,paper_geometric,MFI-Geometric,1,0.0,1.5,0.0,1.0,1.0,1294.0,14.17673108289495,0.03282370922402883,2.3608309415357063,0.5478188833476995,0.0,0.0,822.0,0.8441469514605268
moving_circle_crossing,apf,APF,1,0.0,1.5,0.0,1.0,1.0,847.0,11.848622863788151,0.1514150579007525,2.1663275479783772,0.6994949517078912,0.0,0.0,776.0,0.9999994955517866
moving_circle_crossing,haddadin,Haddadin,1,0.0,1.5,0.0,1.0,1.0,880.0,11.874788912452122,0.15126168510968904,2.3730226015676674,0.6747505983292954,0.0,0.0,805.0,0.9979393520091155
moving_circle_crossing,sabattini,Sabattini,1,0.0,1.5,0.0,1.0,1.0,874.0,11.848491657786253,0.15154626531193344,2.1663335393583862,0.6778783338632575,0.0,0.0,800.0,0.9999994938283069
moving_circle_crossing,paper_pd,MFI-PD,2,0.0,1.5,0.0,1.0,1.0,909.0,12.036005299208528,0.1509961980482554,2.7403378612462017,0.6620752501457657,0.0,0.0,829.0,0.9851031812705056
moving_circle_crossing,paper_geometric,MFI-Geometric,2,0.0,1.5,0.0,1.0,1.0,1284.0,14.175508409585545,0.033708897961085595,2.355154495739934,0.5520261354371889,0.0,0.0,813.0,0.8441559775490318
moving_circle_crossing,apf,APF,2,0.0,1.5,0.0,1.0,1.0,848.0,11.848952975745835,0.15106022539661776,2.155714239957348,0.6986719176997236,0.0,0.0,776.0,0.9999996947007977
moving_circle_crossing,haddadin,Haddadin,2,0.0,1.5,0.0,1.0,1.0,881.0,11.875354710092495,0.1512588705172562,2.36596236137302,0.6739998557624273,0.0,0.0,806.0,0.9978933582787699
moving_circle_crossing,sabattini,Sabattini,2,0.0,1.5,0.0,1.0,1.0,875.0,11.848739060166983,0.15127414171309586,2.155701613993105,0.6771006747776256,0.0,0.0,801.0,0.9999996937659479
moving_circle_crossing,paper_pd,MFI-PD,3,0.0,1.5,0.0,1.0,1.0,910.0,12.06113922271388,0.1511359965423169,2.804626982745046,0.6628403784475384,0.0,0.0,829.0,0.9851468406171497
moving_circle_crossing,paper_geometric,MFI-Geometric,3,0.0,1.5,0.0,1.0,1.0,1279.0,14.169654219142975,0.033935905040277936,2.420971885838644,0.5540347882789004,0.0,0.0,808.0,0.8445651708733576
moving_circle_crossing,apf,APF,3,0.0,1.5,0.0,1.0,1.0,843.0,11.850771516425294,0.15043395120156444,2.2429501400876504,0.7030443168123724,0.0,0.0,771.0,0.9999921902286495
moving_circle_crossing,haddadin,Haddadin,3,0.0,1.5,0.0,1.0,1.0,874.0,11.87296231730142,0.15038299380643205,2.436098376174167,0.6793774589435211,0.0,0.0,799.0,0.9982016012792905
moving_circle_crossing,sabattini,Sabattini,3,0.0,1.5,0.0,1.0,1.0,869.0,11.850351574070457,0.15085392755911872,2.243006374522217,0.6819854567952691,0.0,0.0,795.0,0.999992151433292
moving_circle_crossing,paper_pd,MFI-PD,4,0.0,1.5,0.0,1.0,1.0,919.0,12.05810723747949,0.15072983759514838,2.7150521987978715,0.6560545133172916,0.0,0.0,836.0,0.9838988090006074
moving_circle_crossing,paper_geometric,MFI-Geometric,4,0.0,1.5,0.0,1.0,1.0,1267.0,14.180135674360272,0.03353662755362276,2.32455846677486,0.5596018307676638,0.0,0.0,795.0,0.8439005167972236
moving_circle_crossing,apf,APF,4,0.0,1.5,0.0,1.0,1.0,849.0,11.849196601381314,0.15092445151959136,2.126389751406914,0.6978428338441489,0.0,0.0,777.0,0.9999993525573938
moving_circle_crossing,haddadin,Haddadin,4,0.0,1.5,0.0,1.0,1.0,883.0,11.877556909759804,0.15087948616408048,2.3401124475303803,0.6725782348274132,0.0,0.0,808.0,0.9977831778316133
moving_circle_crossing,sabattini,Sabattini,4,0.0,1.5,0.0,1.0,1.0,876.0,11.84856455545639,0.15155649846459224,2.1263921612300276,0.6762979036957047,0.0,0.0,802.0,0.9999993508972185
moving_circle_crossing,paper_pd,MFI-PD,0,0.3,1.5,0.19999999999999998,1.0,1.0,1486.0,13.944965337935912,0.15052109179060458,1.7187359166856313,0.4692159301076455,0.0,0.0,1384.0,0.8504648745953716
moving_circle_crossing,paper_geometric,MFI-Geometric,0,0.3,1.5,0.19999999999999998,1.0,1.0,1317.0,16.247752350335055,0.1502370253524103,1.0567583851655244,0.6168521053606062,0.0,0.0,1130.0,0.7295454970265707
moving_circle_crossing,apf,APF,0,0.3,1.5,0.19999999999999998,1.0,1.0,1111.0,14.113677285949214,0.15061956515547315,1.2410930917637029,0.6351849410806696,0.0,0.0,1018.0,0.8466155184633424
moving_circle_crossing,haddadin,Haddadin,0,0.3,1.5,0.19999999999999998,1.0,1.0,1170.0,12.917241540548245,0.15067035308354734,1.0291898709348162,0.5520245147611774,0.0,0.0,1065.0,0.9194850538384484
moving_circle_crossing,sabattini,Sabattini,0,0.3,1.5,0.19999999999999998,1.0,1.0,1017.0,12.556674055479503,0.15080181327473996,1.506047876244603,0.6173454356117407,0.0,0.0,927.0,0.9485327175829887
moving_circle_crossing,paper_pd,MFI-PD,1,0.3,1.5,0.19999999999999998,1.0,1.0,1481.0,13.865723293049653,0.15070484382082783,1.7348334119400997,0.46814803886540163,0.0,0.0,1379.0,0.8554673769174704
moving_circle_crossing,paper_geometric,MFI-Geometric,1,0.3,1.5,0.19999999999999998,1.0,1.0,1343.0,16.283945069799064,0.15065661868006752,1.0544941555117766,0.6062831976151362,0.0,0.0,1156.0,0.7278914413295393
moving_circle_crossing,apf,APF,1,0.3,1.5,0.19999999999999998,1.0,1.0,1105.0,13.943208584659745,0.1505904264536421,1.280123960130007,0.6309515928870248,0.0,0.0,1010.0,0.8577717111780124
moving_circle_crossing,haddadin,Haddadin,1,0.3,1.5,0.19999999999999998,1.0,1.0,1201.0,12.899273073625194,0.1507871632322122,1.1127424558010397,0.5370563984916192,0.0,0.0,1087.0,0.9224694766910588
moving_circle_crossing,sabattini,Sabattini,1,0.3,1.5,0.19999999999999998,1.0,1.0,1003.0,12.450079197549929,0.1510727741764698,1.5043923181848957,0.6206829918092451,0.0,0.0,913.0,0.9568447647688837
moving_circle_crossing,paper_pd,MFI-PD,2,0.3,1.5,0.19999999999999998,1.0,1.0,1481.0,13.820657617484418,0.1506857400359677,1.740480492107942,0.46661648770850417,0.0,0.0,1379.0,0.8583566472400764
moving_circle_crossing,paper_geometric,MFI-Geometric,2,0.3,1.5,0.19999999999999998,1.0,1.0,1319.0,16.036018473910076,0.15011817081158615,1.0661343671085468,0.6079052775720832,0.0,0.0,1126.0,0.7390607482139466
moving_circle_crossing,apf,APF,2,0.3,1.5,0.19999999999999998,1.0,1.0,1103.0,13.83967571568639,0.15048867178269887,1.3033865575805554,0.6273888696340827,0.0,0.0,1006.0,0.8645711581684447
moving_circle_crossing,haddadin,Haddadin,2,0.3,1.5,0.19999999999999998,1.0,1.0,1220.0,12.903576118349514,0.15033962128614334,1.1540808219781893,0.5288565109340577,0.0,0.0,1102.0,0.9225528825398247
moving_circle_crossing,sabattini,Sabattini,2,0.3,1.5,0.19999999999999998,1.0,1.0,1470.0,14.34589277266826,0.15110380474290558,0.8566449055355452,0.48797331704454916,0.0,0.0,1386.0,0.8281495399565426
moving_circle_crossing,paper_pd,MFI-PD,3,0.3,1.5,0.19999999999999998,1.0,1.0,1473.0,13.837384232540234,0.15071672126031235,1.7396152744764823,0.4697875050092169,0.0,0.0,1371.0,0.8573402958041986
moving_circle_crossing,paper_geometric,MFI-Geometric,3,0.3,1.5,0.19999999999999998,1.0,1.0,1331.0,16.239802166918974,0.1509837682326479,1.0593446546916476,0.610156192034196,0.0,0.0,1147.0,0.7300857969317192
moving_circle_crossing,apf,APF,3,0.3,1.5,0.19999999999999998,1.0,1.0,1100.0,13.892874171022074,0.15074353405581759,1.2959902189855217,0.6316104470933365,0.0,0.0,1004.0,0.8612490005108678
moving_circle_crossing,haddadin,Haddadin,3,0.3,1.5,0.19999999999999998,1.0,1.0,1222.0,12.932110036381873,0.15013470165043802,1.1324823804681758,0.5292416408106875,0.0,0.0,1104.0,0.9206536413439771
moving_circle_crossing,sabattini,Sabattini,3,0.3,1.5,0.19999999999999998,1.0,1.0,991.0,12.402430550082034,0.15073226168805035,1.4947961284464621,0.625882251014802,0.0,0.0,901.0,0.9605738663422673
moving_circle_crossing,paper_pd,MFI-PD,4,0.3,1.5,0.19999999999999998,1.0,1.0,1488.0,13.988520940873395,0.15042584870098571,1.7098700432518907,0.47005025733083794,0.0,0.0,1386.0,0.8477536072417543
moving_circle_crossing,paper_geometric,MFI-Geometric,4,0.3,1.5,0.19999999999999998,1.0,1.0,1332.0,16.430062567230696,0.15042473439006196,1.0529446909537563,0.6167506488184312,0.0,0.0,1148.0,0.7217365483230498
moving_circle_crossing,apf,APF,4,0.3,1.5,0.19999999999999998,1.0,1.0,1113.0,14.210955292213992,0.15108364090894094,1.2240548494679173,0.6384155440029792,0.0,0.0,1022.0,0.8404172175360708
moving_circle_crossing,haddadin,Haddadin,4,0.3,1.5,0.19999999999999998,1.0,1.0,1153.0,12.924806940179828,0.15015396784997423,0.9835617317540291,0.5604935671063388,0.0,0.0,1053.0,0.9177714842635174
moving_circle_crossing,sabattini,Sabattini,4,0.3,1.5,0.19999999999999998,1.0,1.0,1022.0,12.60932217993954,0.15069031603276584,1.4936028824694205,0.616902979316628,0.0,0.0,933.0,0.9444987464521263
moving_circle_crossing,paper_pd,MFI-PD,0,0.6,1.5,0.39999999999999997,1.0,1.0,1495.0,14.845032780167426,0.15068048844243148,0.840956013265044,0.4964938088639038,0.0,0.0,1415.0,0.7983226711850712
moving_circle_crossing,paper_geometric,MFI-Geometric,0,0.6,1.5,0.39999999999999997,1.0,1.0,1282.0,14.271440758500622,0.03366687992819797,1.9861736160901862,0.5566136062154415,0.0,0.0,811.0,0.8384967725133695
moving_circle_crossing,apf,APF,0,0.6,1.5,0.39999999999999997,1.0,1.0,1349.0,16.287692292975592,0.15111946722870714,1.0309686270734122,0.6036999406167122,0.0,0.0,1270.0,0.727475691183328
moving_circle_crossing,haddadin,Haddadin,0,0.6,1.5,0.39999999999999997,0.0,0.0,1563.0,192.6971246671561,0.11215850392656018,0.038994397992598184,6.164339628023652,0.0,1.0,1452.0,0.061909902909602875
moving_circle_crossing,sabattini,Sabattini,0,0.6,1.5,0.39999999999999997,0.0,0.0,409.0,6.920569879143207,6.935270616875266,-0.0012191871876134908,0.8460515872868579,1.0,1.0,inf,0.8972745266240176
moving_circle_crossing,paper_pd,MFI-PD,1,0.6,1.5,0.39999999999999997,1.0,1.0,1533.0,15.416126389956192,0.1505746464697305,0.5604913291641649,0.5028358776288201,0.0,0.0,1453.0,0.7690390245429085
moving_circle_crossing,paper_geometric,MFI-Geometric,1,0.6,1.5,0.39999999999999997,1.0,1.0,1306.0,14.258800787128084,0.035362893035870153,2.0187642746575536,0.5459273508909481,0.0,0.0,835.0,0.8391230358767251
moving_circle_crossing,apf,APF,1,0.6,1.5,0.39999999999999997,1.0,1.0,1768.0,24.88700105516133,0.1512614424258687,1.041245424395617,0.7038411389509289,0.0,0.0,1694.0,0.47637011958758696
moving_circle_crossing,haddadin,Haddadin,1,0.6,1.5,0.39999999999999997,0.0,0.0,317.0,6.495962747661182,6.12345762381076,-0.015639524372530245,1.0247293952373318,1.0,1.0,inf,0.955409704527487
moving_circle_crossing,sabattini,Sabattini,1,0.6,1.5,0.39999999999999997,0.0,0.0,394.0,7.102252139051391,6.318694413404177,-0.0069556321764245865,0.901405299136407,1.0,1.0,inf,0.9240442969822587
moving_circle_crossing,paper_pd,MFI-PD,2,0.6,1.5,0.39999999999999997,1.0,1.0,1562.0,15.932750835642837,0.1507367749259026,0.47312917696017465,0.5100279636390621,0.0,0.0,1483.0,0.7442297030904661
moving_circle_crossing,paper_geometric,MFI-Geometric,2,0.6,1.5,0.39999999999999997,1.0,1.0,1797.0,26.05785121781895,0.007943697265889524,0.7175091250995982,0.7250521415208802,0.0,0.0,1313.0,0.4603592730372138
moving_circle_crossing,apf,APF,2,0.6,1.5,0.39999999999999997,1.0,1.0,1571.0,23.227055837769754,0.15030690153490844,1.0675149361850809,0.7392609352708868,0.0,0.0,1486.0,0.5184369433804474
moving_circle_crossing,haddadin,Haddadin,2,0.6,1.5,0.39999999999999997,0.0,0.0,1432.0,57.26513976969431,0.13935929973910344,0.040466677021701924,1.9994993895997173,0.0,1.0,1368.0,0.21128494496163913
moving_circle_crossing,sabattini,Sabattini,2,0.6,1.5,0.39999999999999997,1.0,1.0,1153.0,13.574093320041923,0.1512466345037803,1.1534232868099459,0.5886650506714407,0.0,0.0,1071.0,0.8742587983345382
moving_circle_crossing,paper_pd,MFI-PD,3,0.6,1.5,0.39999999999999997,1.0,1.0,1529.0,15.516632542686002,0.15016743173687894,0.5372341819507025,0.5074947092124705,0.0,0.0,1449.0,0.7641277143215779
moving_circle_crossing,paper_geometric,MFI-Geometric,3,0.6,1.5,0.39999999999999997,1.0,1.0,1293.0,14.277414534004924,0.03354502479645814,1.9421477141645693,0.5522030239379826,0.0,0.0,822.0,0.8382327810605062
moving_circle_crossing,apf,APF,3,0.6,1.5,0.39999999999999997,1.0,1.0,1598.0,21.128312985714523,0.15106046037824528,1.046731188651713,0.6611661029645135,0.0,0.0,1522.0,0.5610168063662889
moving_circle_crossing,haddadin,Haddadin,3,0.6,1.5,0.39999999999999997,0.0,0.0,315.0,6.654805163390656,5.971415593655443,-0.012749271494626901,1.0567239410193598,1.0,1.0,inf,0.9557784197503364
moving_circle_crossing,sabattini,Sabattini,3,0.6,1.5,0.39999999999999997,0.0,0.0,390.0,7.0967804432836115,6.327113577576711,-0.00035952025646146524,0.9101712959378113,1.0,1.0,inf,0.923726833148609
moving_circle_crossing,paper_pd,MFI-PD,4,0.6,1.5,0.39999999999999997,1.0,1.0,1478.0,14.6168864869182,0.15025951871873866,0.9928698516181227,0.4944878621180824,0.0,0.0,1398.0,0.8107718234423521
moving_circle_crossing,paper_geometric,MFI-Geometric,4,0.6,1.5,0.39999999999999997,1.0,1.0,1280.0,14.263829931080245,0.03337763091241675,2.0502696467624,0.5571876815770531,0.0,0.0,808.0,0.838971322018855
moving_circle_crossing,apf,APF,4,0.6,1.5,0.39999999999999997,1.0,1.0,1266.0,15.105843829343378,0.15120368329020717,1.0537366180132277,0.5966042080029917,0.0,0.0,1185.0,0.7847715415243091
moving_circle_crossing,haddadin,Haddadin,4,0.6,1.5,0.39999999999999997,0.0,0.0,332.0,6.376230134752284,6.549521992118409,-0.07587180754683576,0.9603019355488872,1.0,1.0,inf,0.9402056546011742
moving_circle_crossing,sabattini,Sabattini,4,0.6,1.5,0.39999999999999997,0.0,0.0,448.0,6.8929045650686,7.395821788521951,-0.0024917299159279427,0.7693168841920671,1.0,1.0,inf,0.8757837548437571
moving_circle_crossing,paper_pd,MFI-PD,0,0.9,1.5,0.6,1.0,1.0,1316.0,14.378881554457076,0.15021360955418384,1.767338840517988,0.5463151086367926,0.0,0.0,1238.0,0.8252015465031436
moving_circle_crossing,paper_geometric,MFI-Geometric,0,0.9,1.5,0.6,1.0,1.0,1274.0,14.131355397455073,0.03334082083492525,3.0702913591058643,0.5546109694787422,0.0,0.0,802.0,0.8468163922171685
moving_circle_crossing,apf,APF,0,0.9,1.5,0.6,1.0,1.0,1089.0,12.981980073183417,0.15106247194676756,1.152814946149548,0.5960565738313451,0.0,0.0,1009.0,0.9133331251329243
moving_circle_crossing,haddadin,Haddadin,0,0.9,1.5,0.6,1.0,1.0,1005.0,12.553051963912665,0.1510449815702168,0.8206232565319915,0.6245365208346245,0.0,0.0,921.0,0.9461907948702446
moving_circle_crossing,sabattini,Sabattini,0,0.9,1.5,0.6,1.0,1.0,1171.0,13.549438758417686,0.1503505508227672,1.4929593488967206,0.5785470052639194,0.0,0.0,1092.0,0.8747222295700896
moving_circle_crossing,paper_pd,MFI-PD,1,0.9,1.5,0.6,1.0,1.0,1238.0,14.101234186895374,0.15130045155986604,1.7066255472769798,0.5695499113505211,0.0,0.0,1159.0,0.8402623507636885
moving_circle_crossing,paper_geometric,MFI-Geometric,1,0.9,1.5,0.6,1.0,1.0,1297.0,14.126755175779264,0.035139910586078266,3.1081415327258757,0.544625165532875,0.0,0.0,826.0,0.8469667512514256
moving_circle_crossing,apf,APF,1,0.9,1.5,0.6,1.0,1.0,1110.0,13.540256409300154,0.1508128790118877,1.0906668124606906,0.6099584697046694,0.0,0.0,1032.0,0.8751940177847763
moving_circle_crossing,haddadin,Haddadin,1,0.9,1.5,0.6,1.0,1.0,1060.0,13.291820667751908,0.15052797669793494,0.43714389118320796,0.6270114285799718,0.0,0.0,979.0,0.8915193121604291
moving_circle_crossing,sabattini,Sabattini,1,0.9,1.5,0.6,1.0,1.0,1219.0,13.878910866729257,0.15022885731977687,1.2720546532317416,0.5693081412991277,0.0,0.0,1139.0,0.8538468732563076
moving_circle_crossing,paper_pd,MFI-PD,2,0.9,1.5,0.6,1.0,1.0,1257.0,14.087711307956246,0.15121466721296398,1.5017654837210042,0.5603911716944212,0.0,0.0,1178.0,0.8410802632398885
moving_circle_crossing,paper_geometric,MFI-Geometric,2,0.9,1.5,0.6,1.0,1.0,1287.0,14.13946466031075,0.03472177596167873,2.88380784610331,0.5493390601690828,0.0,0.0,816.0,0.8462336252984969
moving_circle_crossing,apf,APF,2,0.9,1.5,0.6,1.0,1.0,1121.0,13.89799040468359,0.1513199579400514,1.0767280229879648,0.6199158409065605,0.0,0.0,1044.0,0.8525518809232331
moving_circle_crossing,haddadin,Haddadin,2,0.9,1.5,0.6,1.0,1.0,1089.0,13.565714398163884,0.15069287785535068,0.36426382061186113,0.6228759020479953,0.0,0.0,1008.0,0.8735231121171596
moving_circle_crossing,sabattini,Sabattini,2,0.9,1.5,0.6,1.0,1.0,1071.0,13.118962421732679,0.15124045413733922,1.4522702803484624,0.6124876363293266,0.0,0.0,989.0,0.9052123865567198
moving_circle_crossing,paper_pd,MFI-PD,3,0.9,1.5,0.6,1.0,1.0,1235.0,14.089861290898236,0.15079584161065612,1.696305553341397,0.5705431965963385,0.0,0.0,1156.0,0.8410545193266883
moving_circle_crossing,paper_geometric,MFI-Geometric,3,0.9,1.5,0.6,1.0,1.0,1284.0,14.130411420838142,0.033251642988839966,3.0039392848143294,0.550349185586816,0.0,0.0,812.0,0.8469575803142196
moving_circle_crossing,apf,APF,3,0.9,1.5,0.6,1.0,1.0,1106.0,13.571340584083808,0.15102660485827463,1.0890246287734804,0.6136481125278098,0.0,0.0,1028.0,0.8732621155614575
moving_circle_crossing,haddadin,Haddadin,3,0.9,1.5,0.6,1.0,1.0,1054.0,13.299295459911466,0.1511152675082692,0.4327111133384567,0.6310176055475707,0.0,0.0,973.0,0.8910442176501084
moving_circle_crossing,sabattini,Sabattini,3,0.9,1.5,0.6,1.0,1.0,1212.0,13.910322042161486,0.15005170860547107,1.2499077968178025,0.5739636017818818,0.0,0.0,1132.0,0.851967535389029
moving_circle_crossing,paper_pd,MFI-PD,4,0.9,1.5,0.6,1.0,1.0,1212.0,14.106410936868523,0.15004218128468608,1.7759925383880997,0.5819548537195074,0.0,0.0,1133.0,0.8400486331797654
moving_circle_crossing,paper_geometric,MFI-Geometric,4,0.9,1.5,0.6,1.0,1.0,1270.0,14.129824565247464,0.03501271277776195,3.1443810823012104,0.5562991843519587,0.0,0.0,799.0,0.846797532404823
moving_circle_crossing,apf,APF,4,0.9,1.5,0.6,1.0,1.0,1079.0,12.802065479833738,0.1508520506343154,1.1958475935746342,0.5932456069103835,0.0,0.0,998.0,0.9265349166476656
moving_circle_crossing,haddadin,Haddadin,4,0.9,1.5,0.6,1.0,1.0,999.0,12.462843010451827,0.15106329682205782,1.0394856354868096,0.6237746610482567,0.0,0.0,914.0,0.9536489321300824
moving_circle_crossing,sabattini,Sabattini,4,0.9,1.5,0.6,1.0,1.0,1147.0,13.42054182343015,0.15131373172820284,1.4916924707966757,0.5850355946260887,0.0,0.0,1069.0,0.8831290659751672
moving_circle_crossing,paper_pd,MFI-PD,0,1.2,1.5,0.7999999999999999,1.0,1.0,1008.0,12.924860744840538,0.15079717949896762,2.429543980576187,0.641120677068643,0.0,0.0,925.0,0.9202177723176445
moving_circle_crossing,paper_geometric,MFI-Geometric,0,1.2,1.5,0.7999999999999999,1.0,1.0,1269.0,14.134505032439757,0.034109768228045734,3.847379892472964,0.5569202969780547,0.0,0.0,798.0,0.8465732913858245
moving_circle_crossing,apf,APF,0,1.2,1.5,0.7999999999999999,1.0,1.0,936.0,11.966923916608371,0.15011663033159178,1.57691202777552,0.6392658131128024,0.0,0.0,854.0,0.9919010430612246
moving_circle_crossing,haddadin,Haddadin,0,1.2,1.5,0.7999999999999999,1.0,1.0,962.0,12.228770499049487,0.1503296927883968,1.9794480619921846,0.6355978484362151,0.0,0.0,877.0,0.9727538499861135
moving_circle_crossing,sabattini,Sabattini,0,1.2,1.5,0.7999999999999999,1.0,1.0,1094.0,13.147520311994965,0.1514019277448056,1.6668703884516851,0.6008981908984585,0.0,0.0,1015.0,0.901703605711604
moving_circle_crossing,paper_pd,MFI-PD,1,1.2,1.5,0.7999999999999999,1.0,1.0,1194.0,14.08679726836687,0.15143137855828714,1.9870261637207498,0.5899337892173513,0.0,0.0,1117.0,0.8420116101725422
moving_circle_crossing,paper_geometric,MFI-Geometric,1,1.2,1.5,0.7999999999999999,1.0,1.0,1293.0,14.131758111602364,0.033728737529825095,3.86980947140281,0.5465034698277594,0.0,0.0,822.0,0.8467667657137282
moving_circle_crossing,apf,APF,1,1.2,1.5,0.7999999999999999,1.0,1.0,1005.0,12.167380960877944,0.15060188680040873,1.3811135179277063,0.6053832128866401,0.0,0.0,922.0,0.9756443898175401
moving_circle_crossing,haddadin,Haddadin,1,1.2,1.5,0.7999999999999999,1.0,1.0,972.0,12.285610631688007,0.15073763355168324,1.529837331095908,0.6320181198472992,0.0,0.0,886.0,0.9681602476722476
moving_circle_crossing,sabattini,Sabattini,1,1.2,1.5,0.7999999999999999,1.0,1.0,1097.0,13.311443298026278,0.1513828517287529,1.6030075681642966,0.606757744583855,0.0,0.0,1018.0,0.8907689744797026
moving_circle_crossing,paper_pd,MFI-PD,2,1.2,1.5,0.7999999999999999,1.0,1.0,1212.0,14.147924326403913,0.15136859287234247,1.8350522072239321,0.5836818100183757,0.0,0.0,1135.0,0.838422643209285
moving_circle_crossing,paper_geometric,MFI-Geometric,2,1.2,1.5,0.7999999999999999,1.0,1.0,1284.0,14.131438173113471,0.03383168776226332,3.648144923755826,0.5503100047334483,0.0,0.0,813.0,0.846777072272131
moving_circle_crossing,apf,APF,2,1.2,1.5,0.7999999999999999,1.0,1.0,1041.0,12.347261510410345,0.1511642314962484,1.277276513319485,0.5930732112801066,0.0,0.0,959.0,0.9609478348231948
moving_circle_crossing,haddadin,Haddadin,2,1.2,1.5,0.7999999999999999,1.0,1.0,981.0,12.350265275887322,0.15126498187944926,1.2179528683772325,0.6294998993032016,0.0,0.0,895.0,0.9627736773319118
moving_circle_crossing,sabattini,Sabattini,2,1.2,1.5,0.7999999999999999,1.0,1.0,1036.0,12.918020653760705,0.15124129055725707,1.6297464024560713,0.6234818244306072,0.0,0.0,953.0,0.9200996173418146
moving_circle_crossing,paper_pd,MFI-PD,3,1.2,1.5,0.7999999999999999,1.0,1.0,1190.0,14.09357633194592,0.15147138935498955,1.985149703310612,0.5922744536545058,0.0,0.0,1113.0,0.8416858646838878
moving_circle_crossing,paper_geometric,MFI-Geometric,3,1.2,1.5,0.7999999999999999,1.0,1.0,1279.0,14.13379913275114,0.0342796152632181,3.790692890054973,0.5526331039007999,0.0,0.0,808.0,0.8466818426641791
moving_circle_crossing,apf,APF,3,1.2,1.5,0.7999999999999999,1.0,1.0,998.0,12.166727079525465,0.15047734605688834,1.3864593215817937,0.6096835042363105,0.0,0.0,914.0,0.9758584889395369
moving_circle_crossing,haddadin,Haddadin,3,1.2,1.5,0.7999999999999999,1.0,1.0,966.0,12.28002855091296,0.15054153710814472,1.546437656615119,0.6357445246347958,0.0,0.0,880.0,0.9686924904468717
moving_circle_crossing,sabattini,Sabattini,3,1.2,1.5,0.7999999999999999,1.0,1.0,1092.0,13.309399069322154,0.15076688912014594,1.6082896347338014,0.6095217369209464,0.0,0.0,1013.0,0.891034289608928
moving_circle_crossing,paper_pd,MFI-PD,4,1.2,1.5,0.7999999999999999,1.0,1.0,1001.0,12.878273507997248,0.15103810895914313,2.5725569100929704,0.6432791321323459,0.0,0.0,919.0,0.9234646707839405
moving_circle_crossing,paper_geometric,MFI-Geometric,4,1.2,1.5,0.7999999999999999,1.0,1.0,1266.0,14.134820169394457,0.03352289681009044,3.912296044091522,0.5582541424441858,0.0,0.0,794.0,0.8466036530865884
moving_circle_crossing,apf,APF,4,1.2,1.5,0.7999999999999999,1.0,1.0,901.0,11.89956438648993,0.15020644329779614,1.6840166243452976,0.6603628803430771,0.0,0.0,822.0,0.9968136772110294
moving_circle_crossing,haddadin,Haddadin,4,1.2,1.5,0.7999999999999999,1.0,1.0,954.0,12.182567265249508,0.15023946231448224,2.1038481941125413,0.6385084896510399,0.0,0.0,869.0,0.976226661453808
moving_circle_crossing,sabattini,Sabattini,4,1.2,1.5,0.7999999999999999,1.0,1.0,1094.0,13.168268571644463,0.15054488381692357,1.765059056156389,0.6018484135711516,0.0,0.0,1014.0,0.9005261806465948
moving_circle_crossing,paper_pd,MFI-PD,0,1.5,1.5,1.0,1.0,1.0,969.0,12.575190802868917,0.15016244435349252,2.8281633133093393,0.6488814709872138,0.0,0.0,886.0,0.9459752457004148
moving_circle_crossing,paper_geometric,MFI-Geometric,0,1.5,1.5,1.0,1.0,1.0,1266.0,14.13726842786408,0.03355172430625787,4.222761725950974,0.5583491521614282,0.0,0.0,795.0,0.8464472859379045
moving_circle_crossing,apf,APF,0,1.5,1.5,1.0,1.0,1.0,849.0,11.848918790190751,0.1510861492366288,2.324375039132315,0.6978239631951736,0.0,0.0,777.0,0.9999999396180556
moving_circle_crossing,haddadin,Haddadin,0,1.5,1.5,1.0,1.0,1.0,913.0,11.995274464144037,0.15089548067996225,2.575570133276134,0.656922594140598,0.0,0.0,834.0,0.9898285064897235
moving_circle_crossing,sabattini,Sabattini,0,1.5,1.5,1.0,1.0,1.0,887.0,11.84876804185224,0.15123689898710457,2.477520347523509,0.6679199631744939,0.0,0.0,813.0,0.9999999393009378
moving_circle_crossing,paper_pd,MFI-PD,1,1.5,1.5,1.0,1.0,1.0,989.0,12.806154296321681,0.15065558944352272,2.5888450721958822,0.6474709764643677,0.0,0.0,907.0,0.9288371484923053
moving_circle_crossing,paper_geometric,MFI-Geometric,1,1.5,1.5,1.0,1.0,1.0,1290.0,14.138041244644857,0.032804566066593224,4.231258562979919,0.5480179404181529,0.0,0.0,818.0,0.8464558190482294
moving_circle_crossing,apf,APF,1,1.5,1.5,1.0,1.0,1.0,850.0,11.849322093369429,0.15081346847056679,1.9276431546444688,0.6970672771478184,0.0,0.0,778.0,0.9999936436032844
moving_circle_crossing,haddadin,Haddadin,1,1.5,1.5,1.0,1.0,1.0,933.0,12.10223683173566,0.15111602957328932,2.2419694062844524,0.648609777592667,0.0,0.0,851.0,0.9820876495537535
moving_circle_crossing,sabattini,Sabattini,1,1.5,1.5,1.0,1.0,1.0,890.0,11.849520330146134,0.1505175959195773,2.084756452486186,0.6657495476567222,0.0,0.0,815.0,0.999999492787312
moving_circle_crossing,paper_pd,MFI-PD,2,1.5,1.5,1.0,1.0,1.0,1113.0,13.803119963673142,0.1509948937471344,2.369466731411107,0.620109735494817,0.0,0.0,1036.0,0.8591386742011106
moving_circle_crossing,paper_geometric,MFI-Geometric,2,1.5,1.5,1.0,1.0,1.0,1281.0,14.138099084054371,0.032871598040576086,4.040614379607225,0.5518587756633816,0.0,0.0,809.0,0.8464460364719206
moving_circle_crossing,apf,APF,2,1.5,1.5,1.0,1.0,1.0,890.0,11.876107331677593,0.15139934628696958,1.6957364470879404,0.6672264089954536,0.0,0.0,814.0,0.9982417705033
moving_circle_crossing,haddadin,Haddadin,2,1.5,1.5,1.0,1.0,1.0,947.0,12.160914036949244,0.1506721529019839,1.976744144197262,0.6421033149625527,0.0,0.0,863.0,0.9778543551818929
moving_circle_crossing,sabattini,Sabattini,2,1.5,1.5,1.0,1.0,1.0,991.0,12.482300583891373,0.15108140376093787,1.8772628638149358,0.6298094516817794,0.0,0.0,905.0,0.9533648663357778
moving_circle_crossing,paper_pd,MFI-PD,3,1.5,1.5,1.0,1.0,1.0,983.0,12.78886016279862,0.15082194303191293,2.5921296982270317,0.6506315273565577,0.0,0.0,900.0,0.9302084352779811
moving_circle_crossing,paper_geometric,MFI-Geometric,3,1.5,1.5,1.0,1.0,1.0,1276.0,14.136585230983869,0.033703344805393776,4.1746057361797915,0.5540415711604683,0.0,0.0,805.0,0.8465557394858954
moving_circle_crossing,apf,APF,3,1.5,1.5,1.0,1.0,1.0,844.0,11.850439727808237,0.1507705384633476,1.952446848505821,0.7021916701919174,0.0,0.0,772.0,0.9999917215903112
moving_circle_crossing,haddadin,Haddadin,3,1.5,1.5,1.0,1.0,1.0,926.0,12.090733358888539,0.15091425465066427,2.2581161626493014,0.6529853684621947,0.0,0.0,844.0,0.9830324413676416
moving_circle_crossing,sabattini,Sabattini,3,1.5,1.5,1.0,1.0,1.0,884.0,11.849948036637562,0.1512575333269218,2.1073515021652423,0.6703904808636258,0.0,0.0,809.0,0.9999921264568125
moving_circle_crossing,paper_pd,MFI-PD,4,1.5,1.5,1.0,1.0,1.0,961.0,12.435094417289816,0.15007897732352782,2.8326695707330067,0.6469963129335153,0.0,0.0,877.0,0.9568582223198315
moving_circle_crossing,paper_geometric,MFI-Geometric,4,1.5,1.5,1.0,1.0,1.0,1263.0,14.141126357988702,0.032694241414426145,4.277870712760072,0.5598298129564948,0.0,0.0,791.0,0.8462847119505273
moving_circle_crossing,apf,APF,4,1.5,1.5,1.0,1.0,1.0,849.0,11.849196601381314,0.15092445151959136,2.490298174462972,0.6978428338441489,0.0,0.0,777.0,0.9999993525573938
moving_circle_crossing,haddadin,Haddadin,4,1.5,1.5,1.0,1.0,1.0,900.0,11.929864509243902,0.15108561705656753,2.692333288188748,0.6627799570297902,0.0,0.0,823.0,0.9944664256097693
moving_circle_crossing,sabattini,Sabattini,4,1.5,1.5,1.0,1.0,1.0,885.0,11.848708878986473,0.15141219778230977,2.640718918290066,0.6694284517671636,0.0,0.0,811.0,0.9999993484136419
moving_circle_crossing,paper_pd,MFI-PD,0,1.8,1.5,1.2,1.0,1.0,877.0,11.848489429789888,0.1515155116393726,3.077675652477735,0.6755200418844456,0.0,0.0,804.0,0.9999999392879192
moving_circle_crossing,paper_geometric,MFI-Geometric,0,1.8,1.5,1.2,1.0,1.0,1264.0,14.13884557681514,0.03375231454553676,4.422786022555056,0.5592950032309506,0.0,0.0,793.0,0.8463386799220081
moving_circle_crossing,apf,APF,0,1.8,1.5,1.2,1.0,1.0,849.0,11.848918790190751,0.1510861492366288,2.965457817138631,0.6978239631951736,0.0,0.0,777.0,0.9999999396180556
moving_circle_crossing,haddadin,Haddadin,0,1.8,1.5,1.2,1.0,1.0,877.0,11.848489429789888,0.1515155116393726,3.077675652477735,0.6755200418844456,0.0,0.0,804.0,0.9999999392879192
moving_circle_crossing,sabattini,Sabattini,0,1.8,1.5,1.2,1.0,1.0,877.0,11.848489429789888,0.1515155116393726,3.077675652477735,0.6755200418844456,0.0,0.0,804.0,0.9999999392879192
moving_circle_crossing,paper_pd,MFI-PD,1,1.8,1.5,1.2,1.0,1.0,950.0,12.42254974420586,0.15004602986429463,2.867548386339516,0.6538616506499665,0.0,0.0,867.0,0.9575182905749088
moving_circle_crossing,paper_geometric,MFI-Geometric,1,1.8,1.5,1.2,1.0,1.0,1288.0,14.135935916645368,0.03335992853738182,4.421464269505264,0.5487871713815546,0.0,0.0,816.0,0.8465425982096954
moving_circle_crossing,apf,APF,1,1.8,1.5,1.2,1.0,1.0,847.0,11.848622863788151,0.1514150579007525,2.539646396184062,0.6994949517078912,0.0,0.0,776.0,0.9999994955517866
moving_circle_crossing,haddadin,Haddadin,1,1.8,1.5,1.2,1.0,1.0,894.0,11.929263435195537,0.15086967079181782,2.7096957083423296,0.6672307076811546,0.0,0.0,817.0,0.9944237805094062
moving_circle_crossing,sabattini,Sabattini,1,1.8,1.5,1.2,1.0,1.0,880.0,11.84855640976906,0.15148152049082922,2.660409286752696,0.6732601152223039,0.0,0.0,806.0,0.999999492793508
moving_circle_crossing,paper_pd,MFI-PD,2,1.8,1.5,1.2,1.0,1.0,977.0,12.704515876146052,0.15095718521349508,2.6931846756645825,0.6502066849840088,0.0,0.0,895.0,0.9363594286060553
moving_circle_crossing,paper_geometric,MFI-Geometric,2,1.8,1.5,1.2,1.0,1.0,1279.0,14.139679090235727,0.032743282056999896,4.2554344426362345,0.5527834964299154,0.0,0.0,807.0,0.8463605271772224
moving_circle_crossing,apf,APF,2,1.8,1.5,1.2,1.0,1.0,848.0,11.848952975745835,0.15106022539661776,2.257304633121331,0.6986719176997236,0.0,0.0,776.0,0.9999996947007977
moving_circle_crossing,haddadin,Haddadin,2,1.8,1.5,1.2,1.0,1.0,913.0,12.012858440185674,0.15033089518278622,2.4625764586395684,0.6579069654231745,0.0,0.0,833.0,0.9886032205802958
moving_circle_crossing,sabattini,Sabattini,2,1.8,1.5,1.2,1.0,1.0,884.0,11.84888148888683,0.1511317140252604,2.3822573318924407,0.6702151717945878,0.0,0.0,810.0,0.9999996933892565
moving_circle_crossing,paper_pd,MFI-PD,3,1.8,1.5,1.2,1.0,1.0,940.0,12.369825383914486,0.15078029066297685,2.882625472232645,0.6581053749439253,0.0,0.0,858.0,0.9615842079081162
moving_circle_crossing,paper_geometric,MFI-Geometric,3,1.8,1.5,1.2,1.0,1.0,1274.0,14.138126317257797,0.03377894256560524,4.380478272196153,0.5549718203410174,0.0,0.0,803.0,0.8464581159989157
moving_circle_crossing,apf,APF,3,1.8,1.5,1.2,1.0,1.0,843.0,11.850771516425294,0.15043395120156444,2.5757214075261645,0.7030443168123724,0.0,0.0,771.0,0.9999921902286495
moving_circle_crossing,haddadin,Haddadin,3,1.8,1.5,1.2,1.0,1.0,887.0,11.920505838676386,0.1508476926564633,2.7382649456741284,0.6721004229823939,0.0,0.0,811.0,0.9951166178224891
moving_circle_crossing,sabattini,Sabattini,3,1.8,1.5,1.2,1.0,1.0,875.0,11.850333736048233,0.1508719404693267,2.693846274610859,0.6773079657759753,0.0,0.0,801.0,0.9999921264070427
moving_circle_crossing,paper_pd,MFI-PD,4,1.8,1.5,1.2,1.0,1.0,875.0,11.848701403630722,0.1514196820509122,3.247743975799632,0.677078635481318,0.0,0.0,802.0,0.9999993480969708
moving_circle_crossing,paper_geometric,MFI-Geometric,4,1.8,1.5,1.2,1.0,1.0,1261.0,14.139072252507813,0.033314422939009984,4.470592892793213,0.5606362795321231,0.0,0.0,789.0,0.846363796102659
moving_circle_crossing,apf,APF,4,1.8,1.5,1.2,1.0,1.0,849.0,11.849196601381314,0.15092445151959136,3.1393050799675137,0.6978428338441489,0.0,0.0,777.0,0.9999993525573938
moving_circle_crossing,haddadin,Haddadin,4,1.8,1.5,1.2,1.0,1.0,875.0,11.848701403630722,0.1514196820509122,3.247743975799632,0.677078635481318,0.0,0.0,802.0,0.9999993480969708
moving_circle_crossing,sabattini,Sabattini,4,1.8,1.5,1.2,1.0,1.0,875.0,11.848701403630722,0.1514196820509122,3.247743975799632,0.677078635481318,0.0,0.0,802.0,0.9999993480969708
head_on_circle,paper_pd,MFI-PD,0,0.0,1.5,0.0,0.0,0.0,6000.0,16.620285119517437,1.4609055353971112,1.8848600729554175,0.13850347686983863,0.0,0.0,inf,0.8089854602803013
head_on_circle,paper_geometric,MFI-Geometric,0,0.0,1.5,0.0,0.0,0.0,6000.0,20.04798242712842,1.3492254308262626,1.1945108449904893,0.16706762109993195,0.0,0.0,inf,0.6658490971569312
head_on_circle,apf,APF,0,0.0,1.5,0.0,0.0,0.0,6000.0,10.210862802720245,4.210485603192538,1.2795905951845858,0.08509162422985561,0.0,0.0,inf,0.7628660810944676
head_on_circle,haddadin,Haddadin,0,0.0,1.5,0.0,1.0,1.0,2513.0,14.097086713008323,0.15016147072782549,0.650161463240216,0.28048584993775544,0.0,0.0,1823.0,0.8618919520156653
head_on_circle,sabattini,Sabattini,0,0.0,1.5,0.0,0.0,0.0,6000.0,20.80362767470175,2.656661697211389,1.6343016338802836,0.17336466482970903,0.0,0.0,inf,0.5807091412863077
head_on_circle,paper_pd,MFI-PD,1,0.0,1.5,0.0,0.0,0.0,6000.0,16.652642653907787,1.4467988021239626,1.8839049408988284,0.13877886893376062,0.0,0.0,inf,0.8048809526832004
head_on_circle,paper_geometric,MFI-Geometric,1,0.0,1.5,0.0,0.0,0.0,6000.0,20.062624934918798,1.3563832387173933,1.1914248326124222,0.1671953879421855,0.0,0.0,inf,0.6657331071041223
head_on_circle,apf,APF,1,0.0,1.5,0.0,0.0,0.0,6000.0,10.211294998204547,4.210485603192547,1.2795381704653668,0.08510097180289408,0.0,0.0,inf,0.7628379613220341
head_on_circle,haddadin,Haddadin,1,0.0,1.5,0.0,1.0,1.0,2517.0,14.095892352729887,0.1504964689006237,0.6504948148033085,0.2800300749080931,0.0,0.0,1821.0,0.8619906781720873
head_on_circle,sabattini,Sabattini,1,0.0,1.5,0.0,0.0,0.0,6000.0,20.848746797167244,2.66320025149195,1.6243104497774157,0.1737464034609228,0.0,0.0,inf,0.5794987589825045
head_on_circle,paper_pd,MFI-PD,2,0.0,1.5,0.0,0.0,0.0,6000.0,16.63820746745496,1.4510440085036511,1.8849227895946234,0.1386560851324691,0.0,0.0,inf,0.8065454238612514
head_on_circle,paper_geometric,MFI-Geometric,2,0.0,1.5,0.0,0.0,0.0,6000.0,20.081332022287743,1.3544922733373859,1.1929848956710822,0.16734878975607617,0.0,0.0,inf,0.6649985693152326
head_on_circle,apf,APF,2,0.0,1.5,0.0,0.0,0.0,6000.0,10.21090697331454,4.210485603192546,1.279586028963723,0.08509524768129167,0.0,0.0,inf,0.7628635830233157
head_on_circle,haddadin,Haddadin,2,0.0,1.5,0.0,1.0,1.0,2512.0,14.09697526100682,0.15011799156097355,0.6501179818982721,0.2806030654746872,0.0,0.0,1822.0,0.8618960520963401
head_on_circle,sabattini,Sabattini,2,0.0,1.5,0.0,0.0,0.0,6000.0,20.813429265735113,2.645064718342267,1.633777326178301,0.17344960011813812,0.0,0.0,inf,0.5804461006693157
head_on_circle,paper_pd,MFI-PD,3,0.0,1.5,0.0,0.0,0.0,6000.0,16.58066821500527,1.4508717046098214,1.887431636661323,0.13819353233363665,0.0,0.0,inf,0.808848430211668
head_on_circle,paper_geometric,MFI-Geometric,3,0.0,1.5,0.0,0.0,0.0,6000.0,20.18567425374376,1.349400079231514,1.1956418845331611,0.16823524932312547,0.0,0.0,inf,0.6612819405939853
head_on_circle,apf,APF,3,0.0,1.5,0.0,0.0,0.0,6000.0,10.221694243471713,4.210485603192577,1.2776147549166454,0.08520208257085536,0.0,0.0,inf,0.7622244596188544
head_on_circle,haddadin,Haddadin,3,0.0,1.5,0.0,1.0,1.0,2508.0,14.083020761212767,0.150089367950376,0.6500878991896488,0.2808129271579762,0.0,0.0,1824.0,0.8628258330094797
head_on_circle,sabattini,Sabattini,3,0.0,1.5,0.0,0.0,0.0,6000.0,20.821771286460763,2.6676688043060452,1.6353996096364862,0.1735360579291005,0.0,0.0,inf,0.5815647217424698
head_on_circle,paper_pd,MFI-PD,4,0.0,1.5,0.0,0.0,0.0,6000.0,16.69357461119085,1.4402851893818365,1.8844857006010418,0.1391145777373595,0.0,0.0,inf,0.8021306217500024
head_on_circle,paper_geometric,MFI-Geometric,4,0.0,1.5,0.0,0.0,0.0,6000.0,20.13080332908114,1.3466962907633264,1.1922243868319162,0.16775815038644554,0.0,0.0,inf,0.6628307158708936
head_on_circle,apf,APF,4,0.0,1.5,0.0,0.0,0.0,6000.0,10.21154080789237,4.210485603192539,1.279487072695689,0.08509762937653353,0.0,0.0,inf,0.762831884623868
head_on_circle,haddadin,Haddadin,4,0.0,1.5,0.0,1.0,1.0,2518.0,14.094903091977487,0.15037949239338963,0.65037732861588,0.2798863742905051,0.0,0.0,1823.0,0.8620486837712117
head_on_circle,sabattini,Sabattini,4,0.0,1.5,0.0,0.0,0.0,6000.0,21.903887110710105,1.5039079904273485,1.63305184205722,0.18253384856668695,0.0,0.0,inf,0.6162291055912258
head_on_circle,paper_pd,MFI-PD,0,0.3,1.5,0.19999999999999998,1.0,1.0,1681.0,14.721722557358135,0.15103306682358902,1.5476309431101116,0.437889787692487,0.0,0.0,1581.0,0.8057917597452273
head_on_circle,paper_geometric,MFI-Geometric,0,0.3,1.5,0.19999999999999998,1.0,1.0,1334.0,15.790540004465313,0.03446864110893327,1.0540880337248217,0.5918542769613425,0.0,0.0,864.0,0.7577768025771279
head_on_circle,apf,APF,0,0.3,1.5,0.19999999999999998,0.0,0.0,6000.0,41.309841129084106,39.61118007609892,1.0445757656880743,0.3442497769495586,0.0,0.0,inf,0.6683923528512191
head_on_circle,haddadin,Haddadin,0,0.3,1.5,0.19999999999999998,1.0,1.0,1254.0,13.306479188508238,0.15044954104853786,0.5582017035688451,0.5305666384916884,0.0,0.0,1150.0,0.8909807601510678
head_on_circle,sabattini,Sabattini,0,0.3,1.5,0.19999999999999998,1.0,1.0,1200.0,13.487625869346802,0.15000643868223829,0.9078163611205237,0.5619899155920874,0.0,0.0,1107.0,0.8822502889246998
head_on_circle,paper_pd,MFI-PD,1,0.3,1.5,0.19999999999999998,1.0,1.0,1643.0,14.78131329752366,0.1501748050811369,1.5325565107013182,0.4498519450902982,0.0,0.0,1540.0,0.802575088399059
head_on_circle,paper_geometric,MFI-Geometric,1,0.3,1.5,0.19999999999999998,1.0,1.0,1359.0,15.781124485928284,0.03078795012276285,1.0515044197991963,0.580645552026188,0.0,0.0,886.0,0.7584536939235982
head_on_circle,apf,APF,1,0.3,1.5,0.19999999999999998,0.0,0.0,6000.0,41.37152279885101,39.50639722198219,1.0487432741642841,0.34476953680828837,0.0,0.0,inf,0.6648633952781975
head_on_circle,haddadin,Haddadin,1,0.3,1.5,0.19999999999999998,1.0,1.0,1260.0,13.304004101910317,0.15041371868754821,0.5635726237383727,0.5279692746053114,0.0,0.0,1155.0,0.8912290018152729
head_on_circle,sabattini,Sabattini,1,0.3,1.5,0.19999999999999998,1.0,1.0,1203.0,13.491322317076168,0.15058054666882825,0.9041951506871364,0.5607707371246746,0.0,0.0,1110.0,0.8819560561960492
head_on_circle,paper_pd,MFI-PD,2,0.3,1.5,0.19999999999999998,1.0,1.0,1708.0,14.71332363668732,0.15049753539014388,1.4819204602622138,0.43073320799557363,0.0,0.0,1607.0,0.80624530713305
head_on_circle,paper_geometric,MFI-Geometric,2,0.3,1.5,0.19999999999999998,1.0,1.0,1349.0,15.835927082852788,0.039132372056839206,1.0537650393268665,0.5869699715083139,0.0,0.0,883.0,0.7553815788854529
head_on_circle,apf,APF,2,0.3,1.5,0.19999999999999998,0.0,0.0,6000.0,41.40089185222544,39.42168955800396,1.0517795483040402,0.3450117883388888,0.0,0.0,inf,0.6623454834435065
head_on_circle,haddadin,Haddadin,2,0.3,1.5,0.19999999999999998,1.0,1.0,1264.0,13.30517705608701,0.1501556309673405,0.5534870346683294,0.5263330618879954,0.0,0.0,1159.0,0.8910433140428646
head_on_circle,sabattini,Sabattini,2,0.3,1.5,0.19999999999999998,1.0,1.0,1207.0,13.493132130874683,0.15038499948582423,0.8875522880184648,0.5589749328631387,0.0,0.0,1114.0,0.88185087598443
head_on_circle,paper_pd,MFI-PD,3,0.3,1.5,0.19999999999999998,1.0,1.0,1498.0,14.676408849885002,0.15026150580119313,1.6892327770364997,0.48995208661269385,0.0,0.0,1391.0,0.8083314059018359
head_on_circle,paper_geometric,MFI-Geometric,3,0.3,1.5,0.19999999999999998,1.0,1.0,1341.0,15.69444092978912,0.034371857945604094,1.066329152755174,0.5852720579724252,0.0,0.0,870.0,0.7624945978397163
head_on_circle,apf,APF,3,0.3,1.5,0.19999999999999998,1.0,1.0,1501.0,18.427591669353387,0.15104363211749675,1.0434740944191718,0.6139289585071537,0.0,0.0,1413.0,0.6471544135804248
head_on_circle,haddadin,Haddadin,3,0.3,1.5,0.19999999999999998,1.0,1.0,1260.0,13.280178055110003,0.15026539986780607,0.5961307286832809,0.5270926079421145,0.0,0.0,1153.0,0.8934243989043347
head_on_circle,sabattini,Sabattini,3,0.3,1.5,0.19999999999999998,1.0,1.0,1192.0,13.455093668263387,0.1509313916124619,0.937705784511885,0.5644987136449107,0.0,0.0,1099.0,0.8844968260228341
head_on_circle,paper_pd,MFI-PD,4,0.3,1.5,0.19999999999999998,1.0,1.0,1681.0,14.733959399836184,0.1505090385212266,1.5488489148472029,0.4382550302536738,0.0,0.0,1580.0,0.8051598431113267
head_on_circle,paper_geometric,MFI-Geometric,4,0.3,1.5,0.19999999999999998,1.0,1.0,1332.0,15.794418071674276,0.03200628427348969,1.0510769153419806,0.5928901197059535,0.0,0.0,860.0,0.757742908764836
head_on_circle,apf,APF,4,0.3,1.5,0.19999999999999998,0.0,0.0,6000.0,41.29335519949905,39.65242587366197,1.0430010797854163,0.34411274930659125,0.0,0.0,inf,0.6696591958315912
head_on_circle,haddadin,Haddadin,4,0.3,1.5,0.19999999999999998,1.0,1.0,1254.0,13.30484371531759,0.15052042484453906,0.5719519592938156,0.5305031272970469,0.0,0.0,1150.0,0.8912325096291214
head_on_circle,sabattini,Sabattini,4,0.3,1.5,0.19999999999999998,1.0,1.0,1199.0,13.484414404695968,0.1503102757609598,0.8849159914618909,0.5623264854874183,0.0,0.0,1106.0,0.8824558523589876
head_on_circle,paper_pd,MFI-PD,0,0.6,1.5,0.39999999999999997,1.0,1.0,1407.0,14.565615337869618,0.15059240020391884,1.2617749192655752,0.5176171799123279,0.0,0.0,1317.0,0.8142094763634413
head_on_circle,paper_geometric,MFI-Geometric,0,0.6,1.5,0.39999999999999997,1.0,1.0,1332.0,15.749028335074506,0.026921852055609406,0.8315009190179721,0.5911847011988648,0.0,0.0,857.0,0.7602982883495634
head_on_circle,apf,APF,0,0.6,1.5,0.39999999999999997,0.0,0.0,6000.0,74.52877088449294,75.40679026876262,0.901209684352323,0.6210741915779645,0.0,0.0,inf,0.8507693111540994
head_on_circle,haddadin,Haddadin,0,0.6,1.5,0.39999999999999997,1.0,1.0,1142.0,13.290942024440403,0.1503854815973861,0.2954831344084037,0.5819209338574296,0.0,0.0,1047.0,0.8931717701340802
head_on_circle,sabattini,Sabattini,0,0.6,1.5,0.39999999999999997,1.0,1.0,1108.0,13.242206683184252,0.15022018412847157,0.6262775528327462,0.5975784651646006,0.0,0.0,1020.0,0.8977518923107196
head_on_circle,paper_pd,MFI-PD,1,0.6,1.5,0.39999999999999997,1.0,1.0,1415.0,14.566744404199865,0.15058560380319794,1.2172370058331903,0.5147549831216746,0.0,0.0,1325.0,0.8141269675861038
head_on_circle,paper_geometric,MFI-Geometric,1,0.6,1.5,0.39999999999999997,1.0,1.0,1356.0,15.758045505895119,0.02795526994137223,0.8238433628814239,0.5810791712403629,0.0,0.0,882.0,0.7598011111538697
head_on_circle,apf,APF,1,0.6,1.5,0.39999999999999997,0.0,0.0,6000.0,74.61613195825605,75.19640517616497,0.90387876090562,0.621807946469989,0.0,0.0,inf,0.8469537292401214
head_on_circle,haddadin,Haddadin,1,0.6,1.5,0.39999999999999997,1.0,1.0,1147.0,13.279394611190089,0.1509482203620525,0.2996688333341282,0.5789109079918736,0.0,0.0,1052.0,0.893980861548935
head_on_circle,sabattini,Sabattini,1,0.6,1.5,0.39999999999999997,1.0,1.0,1106.0,13.203783919904232,0.15041427060691595,0.6085871102795024,0.5969532340889575,0.0,0.0,1018.0,0.900521996468614
head_on_circle,paper_pd,MFI-PD,2,0.6,1.5,0.39999999999999997,1.0,1.0,1421.0,14.541822172160064,0.15092713138459246,1.209636106803969,0.5116940506897097,0.0,0.0,1331.0,0.8154646356856586
head_on_circle,paper_geometric,MFI-Geometric,2,0.6,1.5,0.39999999999999997,1.0,1.0,1346.0,15.754633842634908,0.02718929841655659,0.8328595054793493,0.5852584172019469,0.0,0.0,871.0,0.7600137149688714
head_on_circle,apf,APF,2,0.6,1.5,0.39999999999999997,0.0,0.0,6000.0,74.65056687888628,75.0263262232099,0.9045463306058821,0.6220924135610629,0.0,0.0,inf,0.8442846541290316
head_on_circle,haddadin,Haddadin,2,0.6,1.5,0.39999999999999997,1.0,1.0,1146.0,13.267392520325943,0.15107606265807733,0.2877171846219784,0.5788793747280732,0.0,0.0,1051.0,0.8946163033882926
head_on_circle,sabattini,Sabattini,2,0.6,1.5,0.39999999999999997,1.0,1.0,1110.0,13.208545387093396,0.15104033984324983,0.5893909221334159,0.5950030691682392,0.0,0.0,1022.0,0.9001677838310981
head_on_circle,paper_pd,MFI-PD,3,0.6,1.5,0.39999999999999997,1.0,1.0,1337.0,14.502192562040454,0.15054336276825425,1.4549371151217763,0.5424363585292358,0.0,0.0,1245.0,0.8177686624855035
head_on_circle,paper_geometric,MFI-Geometric,3,0.6,1.5,0.39999999999999997,1.0,1.0,1337.0,15.606532949630875,0.02835279139727203,0.8556281046344951,0.5837355502865437,0.0,0.0,863.0,0.7672171650048419
head_on_circle,apf,APF,3,0.6,1.5,0.39999999999999997,1.0,1.0,1377.0,19.959293049935326,0.15053880593103502,0.9040694836117793,0.7248311080234789,0.0,0.0,1298.0,0.5958496791926523
head_on_circle,haddadin,Haddadin,3,0.6,1.5,0.39999999999999997,1.0,1.0,1149.0,13.242794149959124,0.15061169324979992,0.3453689622655043,0.5763859797645969,0.0,0.0,1052.0,0.8970808336687707
head_on_circle,sabattini,Sabattini,3,0.6,1.5,0.39999999999999997,1.0,1.0,1100.0,13.210901192783748,0.15108128446636504,0.6867174239822629,0.6006116753552303,0.0,0.0,1012.0,0.9000793070572005
head_on_circle,paper_pd,MFI-PD,4,0.6,1.5,0.39999999999999997,1.0,1.0,1409.0,14.580164290773125,0.1504782606868228,1.2557802766825459,0.517400248689335,0.0,0.0,1319.0,0.8134137075857445
head_on_circle,paper_geometric,MFI-Geometric,4,0.6,1.5,0.39999999999999997,1.0,1.0,1330.0,15.782286553981331,0.027186775867694593,0.8226095896278465,0.5933256117020161,0.0,0.0,855.0,0.7586871692340573
head_on_circle,apf,APF,4,0.6,1.5,0.39999999999999997,0.0,0.0,6000.0,74.50717407504106,75.48960394045365,0.8993744108869193,0.6208945732694392,0.0,0.0,inf,0.8521276795285908
head_on_circle,haddadin,Haddadin,4,0.6,1.5,0.39999999999999997,1.0,1.0,1143.0,13.282291375881492,0.15105099181112336,0.3085972060255071,0.5810352621685848,0.0,0.0,1048.0,0.8939368813427084
head_on_circle,sabattini,Sabattini,4,0.6,1.5,0.39999999999999997,1.0,1.0,1105.0,13.2332509495245,0.1512750654990318,0.6058602303770604,0.598797541484924,0.0,0.0,1018.0,0.8982756601604015
head_on_circle,paper_pd,MFI-PD,0,0.9,1.5,0.6,1.0,1.0,1277.0,14.413271734548918,0.15025711569023903,1.0547165338195619,0.5643462740568601,0.0,0.0,1192.0,0.8226493200429127
head_on_circle,paper_geometric,MFI-Geometric,0,0.9,1.5,0.6,1.0,1.0,1317.0,15.840747237989726,0.024282565149828853,0.569899790216077,0.6014001269116553,0.0,0.0,841.0,0.7560362658948195
head_on_circle,apf,APF,0,0.9,1.5,0.6,0.0,0.0,6000.0,108.50149689629238,111.2917411285796,0.7861386022201629,0.9041802416762945,0.0,0.0,inf,0.9151186341046664
head_on_circle,haddadin,Haddadin,0,0.9,1.5,0.6,1.0,1.0,1366.0,45.96529670403664,0.15006538231619582,0.09711612591946217,1.6824827528879904,0.0,0.0,1301.0,0.26432893997309015
head_on_circle,sabattini,Sabattini,0,0.9,1.5,0.6,1.0,1.0,1076.0,13.190385706178635,0.15097798830068557,0.4235216082796749,0.6129422774647737,0.0,0.0,991.0,0.9011683633196553
head_on_circle,paper_pd,MFI-PD,1,0.9,1.5,0.6,1.0,1.0,1281.0,14.416638046213482,0.1502768536497771,1.0170487289829495,0.562742375657962,0.0,0.0,1195.0,0.8224485610809043
head_on_circle,paper_geometric,MFI-Geometric,1,0.9,1.5,0.6,1.0,1.0,1341.0,15.861317290662969,0.023756141933482817,0.5544781917431969,0.5914294895155284,0.0,0.0,865.0,0.7550899276349171
head_on_circle,apf,APF,1,0.9,1.5,0.6,0.0,0.0,6000.0,108.58914445119663,110.97571125311833,0.7869216302293154,0.9049163839111687,0.0,0.0,inf,0.9114697018251339
head_on_circle,haddadin,Haddadin,1,0.9,1.5,0.6,1.0,1.0,1359.0,40.313426568671126,0.1508948409035614,0.10298640845546414,1.483232089286778,0.0,0.0,1291.0,0.30078440696896563
head_on_circle,sabattini,Sabattini,1,0.9,1.5,0.6,1.0,1.0,1076.0,13.155788559453221,0.15031488092333303,0.40824846674390924,0.6113666439403672,0.0,0.0,990.0,0.9037968851302123
head_on_circle,paper_pd,MFI-PD,2,0.9,1.5,0.6,1.0,1.0,1287.0,14.394870727608373,0.15016105004349345,1.0291132550490145,0.5592615958061328,0.0,0.0,1201.0,0.8236592565130562
head_on_circle,paper_geometric,MFI-Geometric,2,0.9,1.5,0.6,1.0,1.0,1332.0,15.838920878155298,0.023728057048619154,0.5763379573521721,0.5945737097070872,0.0,0.0,856.0,0.7561594043867019
head_on_circle,apf,APF,2,0.9,1.5,0.6,0.0,0.0,6000.0,108.61115940496722,110.72022635470317,0.7875565157971351,0.9050973512784031,0.0,0.0,inf,0.908932636886416
head_on_circle,haddadin,Haddadin,2,0.9,1.5,0.6,1.0,1.0,1417.0,65.89155907163946,0.11835024778140533,0.09155025835523078,2.325055815810899,0.0,0.0,1348.0,0.18376264447526655
head_on_circle,sabattini,Sabattini,2,0.9,1.5,0.6,1.0,1.0,1081.0,13.16284502509784,0.150349415725847,0.38832683178119476,0.6088514233829476,0.0,0.0,994.0,0.9033501152533228
head_on_circle,paper_pd,MFI-PD,3,0.9,1.5,0.6,1.0,1.0,1231.0,14.362219199930603,0.15070656786745618,1.201215911599732,0.583459580217787,0.0,0.0,1145.0,0.8256162335161251
head_on_circle,paper_geometric,MFI-Geometric,3,0.9,1.5,0.6,1.0,1.0,1324.0,15.657851920147754,0.02569512429059167,0.6186074225955238,0.591405120286218,0.0,0.0,849.0,0.7648468264078154
head_on_circle,apf,APF,3,0.9,1.5,0.6,1.0,1.0,1331.0,21.397426894702892,0.15046443972749354,0.8038777417221739,0.8039061818081973,0.0,0.0,1253.0,0.5564181079279111
head_on_circle,haddadin,Haddadin,3,0.9,1.5,0.6,1.0,1.0,1080.0,13.6630106780112,0.15064781026065618,0.16777870318625898,0.6326651084741906,0.0,0.0,980.0,0.8735128478834303
head_on_circle,sabattini,Sabattini,3,0.9,1.5,0.6,1.0,1.0,1071.0,13.16702669439086,0.150162583764919,0.4927151503490754,0.614826440682642,0.0,0.0,985.0,0.9031062212608617
head_on_circle,paper_pd,MFI-PD,4,0.9,1.5,0.6,1.0,1.0,1272.0,14.45270896688881,0.15119679875767728,1.0123699662449108,0.5681164970196991,0.0,0.0,1187.0,0.8204258714571702
head_on_circle,paper_geometric,MFI-Geometric,4,0.9,1.5,0.6,1.0,1.0,1315.0,15.887449164558738,0.024869318438516867,0.5546420688792044,0.6040921628080261,0.0,0.0,839.0,0.753784769631442
head_on_circle,apf,APF,4,0.9,1.5,0.6,0.0,0.0,6000.0,108.48412402619093,111.41613932299938,0.785831079287135,0.904035822862358,0.0,0.0,inf,0.9164119993580918
head_on_circle,haddadin,Haddadin,4,0.9,1.5,0.6,1.0,1.0,1340.0,35.87606813646327,0.1511753863379539,0.10885063078279966,1.338665778125205,0.0,0.0,1268.0,0.3376442690237195
head_on_circle,sabattini,Sabattini,4,0.9,1.5,0.6,1.0,1.0,1074.0,13.18192369815296,0.1509539844338729,0.39338714134192454,0.6136917325626283,0.0,0.0,989.0,0.9017063762647952
head_on_circle,paper_pd,MFI-PD,0,1.2,1.5,0.7999999999999999,1.0,1.0,1189.0,14.31004491025331,0.1511877829001053,0.8347086532815224,0.6017736339409835,0.0,0.0,1107.0,0.8285524829815543
head_on_circle,paper_geometric,MFI-Geometric,0,1.2,1.5,0.7999999999999999,1.0,1.0,1251.0,16.003991132500182,0.013762076128759099,0.31140784977299996,0.6396532069289961,0.0,0.0,770.0,0.748962243110553
head_on_circle,apf,APF,0,1.2,1.5,0.7999999999999999,0.0,0.0,6000.0,142.95869103873346,147.21501983953604,0.7075498043901405,1.1913235261966417,0.0,0.0,inf,0.9458328082831636
head_on_circle,haddadin,Haddadin,0,1.2,1.5,0.7999999999999999,1.0,1.0,1466.0,177.0144209203776,0.09672901240009407,0.06229323864080194,6.037331276440686,0.0,0.0,1357.0,0.06786301871291658
head_on_circle,sabattini,Sabattini,0,1.2,1.5,0.7999999999999999,1.0,1.0,1052.0,13.106059106752184,0.15034138738704703,0.21013397722457317,0.6229178332516868,0.0,0.0,968.0,0.9069271431042362
head_on_circle,paper_pd,MFI-PD,1,1.2,1.5,0.7999999999999999,1.0,1.0,1197.0,14.32845089448102,0.15008813119398745,0.8128761769972914,0.5985493948464715,0.0,0.0,1113.0,0.8275477887517
head_on_circle,paper_geometric,MFI-Geometric,1,1.2,1.5,0.7999999999999999,1.0,1.0,1262.0,16.060002000698162,0.010748474301068282,0.2910770787103081,0.6363242321252633,0.0,0.0,779.0,0.7465372841536315
head_on_circle,apf,APF,1,1.2,1.5,0.7999999999999999,0.0,0.0,6000.0,143.02540740285465,146.79334417591065,0.7082913453919559,1.19188524184165,0.0,0.0,inf,0.9424433704389268
head_on_circle,haddadin,Haddadin,1,1.2,1.5,0.7999999999999999,1.0,1.0,1356.0,60.55436022429658,0.1301931354978499,0.09151540313560802,2.232860687405607,0.0,0.0,1290.0,0.2000037244384754
head_on_circle,sabattini,Sabattini,1,1.2,1.5,0.7999999999999999,1.0,1.0,1056.0,13.120772906899875,0.1511451856274195,0.22841726632893233,0.6212876195569776,0.0,0.0,972.0,0.9059922432516885
head_on_circle,paper_pd,MFI-PD,2,1.2,1.5,0.7999999999999999,1.0,1.0,1198.0,14.313411566357225,0.15063057475117858,0.8332127092698749,0.5974096124707299,0.0,0.0,1114.0,0.8283363153762797
head_on_circle,paper_geometric,MFI-Geometric,2,1.2,1.5,0.7999999999999999,1.0,1.0,1272.0,15.98461876870403,0.014111055666324781,0.32221868335359183,0.6283467577494309,0.0,0.0,791.0,0.7498492639566569
head_on_circle,apf,APF,2,1.2,1.5,0.7999999999999999,0.0,0.0,6000.0,143.02060303672914,146.45245245251735,0.7088926673092999,1.191842714876422,0.0,0.0,inf,0.9400915004437306
head_on_circle,haddadin,Haddadin,2,1.2,1.5,0.7999999999999999,1.0,1.0,1348.0,54.029666653607116,0.1495440485281203,0.08047594449300166,2.0040871439928996,0.0,0.0,1288.0,0.22444740180826633
head_on_circle,sabattini,Sabattini,2,1.2,1.5,0.7999999999999999,1.0,1.0,1062.0,13.129730251734498,0.15039466705089247,0.20449340541537886,0.6181851694998117,0.0,0.0,977.0,0.9054916872145725
head_on_circle,paper_pd,MFI-PD,3,1.2,1.5,0.7999999999999999,1.0,1.0,1163.0,14.212011799412494,0.15103095291648927,0.9838856632502391,0.6111164000190807,0.0,0.0,1079.0,0.8343826573944467
head_on_circle,paper_geometric,MFI-Geometric,3,1.2,1.5,0.7999999999999999,1.0,1.0,1279.0,15.715435855981633,0.019111149648853926,0.38096533369880814,0.6144640938628992,0.0,0.0,800.0,0.7624471590762656
head_on_circle,apf,APF,3,1.2,1.5,0.7999999999999999,1.0,1.0,1289.0,22.461654417798357,0.15126729631344152,0.7254558033276124,0.8713813065488626,0.0,0.0,1213.0,0.5303794697733376
head_on_circle,haddadin,Haddadin,3,1.2,1.5,0.7999999999999999,1.0,1.0,1349.0,59.63851204747958,0.13216060105309224,0.07918201628980048,2.2105658900115253,0.0,0.0,1284.0,0.2030181826942091
head_on_circle,sabattini,Sabattini,3,1.2,1.5,0.7999999999999999,1.0,1.0,1050.0,13.130665296762277,0.1509766971903849,0.332554032529474,0.6253914743711241,0.0,0.0,966.0,0.9053993137611451
head_on_circle,paper_pd,MFI-PD,4,1.2,1.5,0.7999999999999999,1.0,1.0,1193.0,14.32229897203734,0.15002665124052156,0.7900320022163436,0.600271319753968,0.0,0.0,1110.0,0.8279463677133498
head_on_circle,paper_geometric,MFI-Geometric,4,1.2,1.5,0.7999999999999999,1.0,1.0,1237.0,16.093776780998404,0.010006644158642539,0.2898306063717615,0.6505235043771518,0.0,0.0,754.0,0.745021370787525
head_on_circle,apf,APF,4,1.2,1.5,0.7999999999999999,1.0,1.0,1434.0,28.875064377781094,0.15131740022995882,0.7200815290738969,1.0068074998282208,0.0,0.0,1365.0,0.41178730157843924
head_on_circle,haddadin,Haddadin,4,1.2,1.5,0.7999999999999999,1.0,1.0,1474.0,199.98748572671613,0.1323766766086566,0.05668097543983763,6.7838419417913345,0.0,0.0,1361.0,0.060063924735816586
head_on_circle,sabattini,Sabattini,4,1.2,1.5,0.7999999999999999,1.0,1.0,1049.0,13.094459359313259,0.15078770947143819,0.18552386594913495,0.6241484307247664,0.0,0.0,966.0,0.9076373463801855
head_on_circle,paper_pd,MFI-PD,0,1.5,1.5,1.0,1.0,1.0,1145.0,14.169308086515114,0.15086490078484086,0.6186962143591874,0.6187528467850839,0.0,0.0,1065.0,0.8368050680766356
head_on_circle,paper_geometric,MFI-Geometric,0,1.5,1.5,1.0,1.0,1.0,1053.0,17.065805057102338,0.054492519458754725,0.17065296666151752,0.8103483932557293,0.0,0.0,546.0,0.7063438666134207
head_on_circle,apf,APF,0,1.5,1.5,1.0,1.0,1.0,1302.0,26.13420279385062,0.15106077327552858,0.6543633725417008,1.0036226919629003,0.0,0.0,1232.0,0.45500643118093337
head_on_circle,haddadin,Haddadin,0,1.5,1.5,1.0,0.0,0.0,1338.0,66.78915793125314,0.11832018231018022,0.04320330674999062,2.4958628563571135,0.0,1.0,1269.0,0.1813739635906243
head_on_circle,sabattini,Sabattini,0,1.5,1.5,1.0,1.0,1.0,1032.0,13.027991801281093,0.1513630986811671,0.051520876418951866,0.6312075535922653,0.0,0.0,950.0,0.9121474926471955
head_on_circle,paper_pd,MFI-PD,1,1.5,1.5,1.0,1.0,1.0,1150.0,14.200106931246703,0.15124273907602243,0.6144291745135453,0.6174316760604431,0.0,0.0,1069.0,0.8349496020212768
head_on_circle,paper_geometric,MFI-Geometric,1,1.5,1.5,1.0,1.0,1.0,1062.0,17.287937562120284,0.06531905534135338,0.1687812957133754,0.8139717128184463,0.0,0.0,551.0,0.6978958129256533
head_on_circle,apf,APF,1,1.5,1.5,1.0,1.0,1.0,1301.0,25.468739324324694,0.15160475610771448,0.6534115225020667,0.9788455396797927,0.0,0.0,1230.0,0.4672689062052597
head_on_circle,haddadin,Haddadin,1,1.5,1.5,1.0,0.0,0.0,2532.0,23878.707828692648,0.10868718693757243,0.0040794897487441695,471.53848045637557,0.0,1.0,1409.0,0.0005025577990807231
head_on_circle,sabattini,Sabattini,1,1.5,1.5,1.0,1.0,1.0,1037.0,13.043291293152887,0.1510857826691686,0.07197277695509463,0.6289350487606749,0.0,0.0,954.0,0.9112907768585334
head_on_circle,paper_pd,MFI-PD,2,1.5,1.5,1.0,1.0,1.0,1156.0,14.19264653427964,0.1504767308568552,0.6386164231776554,0.6138914049619865,0.0,0.0,1074.0,0.8353782919091052
head_on_circle,paper_geometric,MFI-Geometric,2,1.5,1.5,1.0,1.0,1.0,1078.0,17.03756764973575,0.05296452647389146,0.17257731616571315,0.7902639331251022,0.0,0.0,571.0,0.7074244666206854
head_on_circle,apf,APF,2,1.5,1.5,1.0,1.0,1.0,1320.0,26.267719791961536,0.15006818728949659,0.6551586318206282,0.9950091871364785,0.0,0.0,1249.0,0.4527508150942276
head_on_circle,haddadin,Haddadin,2,1.5,1.5,1.0,0.0,0.0,1319.0,53.78530624436362,0.14129798788569997,0.04539319676168141,2.038886618377755,0.0,1.0,1256.0,0.22461859498843975
head_on_circle,sabattini,Sabattini,2,1.5,1.5,1.0,0.0,0.0,1043.0,13.05316461094516,0.15111187636703938,0.0410161662452444,0.6257759999705965,0.0,1.0,960.0,0.9106961883106324
head_on_circle,paper_pd,MFI-PD,3,1.5,1.5,1.0,1.0,1.0,1119.0,14.073669244782655,0.1511329119103489,0.7792798621553592,0.6289644731820355,0.0,0.0,1037.0,0.8427151575986486
head_on_circle,paper_geometric,MFI-Geometric,3,1.5,1.5,1.0,1.0,1.0,1082.0,16.560682197415552,0.039296856573119224,0.18292428812708428,0.7653991618505949,0.0,0.0,579.0,0.7270415117595274
head_on_circle,apf,APF,3,1.5,1.5,1.0,1.0,1.0,1251.0,23.31932542479987,0.15010853421797846,0.6615932454846984,0.9321295399612779,0.0,0.0,1176.0,0.5107977888162254
head_on_circle,haddadin,Haddadin,3,1.5,1.5,1.0,0.0,0.0,1451.0,199.07968848070487,0.12772640003747582,0.03978449695246389,6.860173816186646,0.0,1.0,1339.0,0.060195386948796434
head_on_circle,sabattini,Sabattini,3,1.5,1.5,1.0,1.0,1.0,1031.0,13.054986705618466,0.15109158611050869,0.17963314033393174,0.6332464777230743,0.0,0.0,949.0,0.9105439429320846
head_on_circle,paper_pd,MFI-PD,4,1.5,1.5,1.0,1.0,1.0,1144.0,14.19313129460718,0.15071209927656345,0.5588806765660477,0.6203368012193843,0.0,0.0,1063.0,0.8354926878012195
head_on_circle,paper_geometric,MFI-Geometric,4,1.5,1.5,1.0,1.0,1.0,1036.0,17.351777813909077,0.06682087853276307,0.1667168269077135,0.8374494464865551,0.0,0.0,525.0,0.6954183966285563
head_on_circle,apf,APF,4,1.5,1.5,1.0,1.0,1.0,1288.0,25.325182609164113,0.15083668330781314,0.6539518445557333,0.9831272254059176,0.0,0.0,1217.0,0.4699308817240676
head_on_circle,haddadin,Haddadin,4,1.5,1.5,1.0,0.0,0.0,202.0,4.2024347882839646,8.224955063795486,-0.04823928610059913,1.0402498776178937,1.0,1.0,inf,0.9293159502773866
head_on_circle,sabattini,Sabattini,4,1.5,1.5,1.0,0.0,0.0,1030.0,13.017812933827798,0.15056411994276891,0.01681299840686412,0.6319411481126274,0.0,1.0,948.0,0.9128306322631131
head_on_circle,paper_pd,MFI-PD,0,1.8,1.5,1.2,1.0,1.0,1102.0,14.101746708774877,0.1513967676053586,0.4338007717532153,0.6398311621432926,0.0,0.0,1022.0,0.8410002202135665
head_on_circle,paper_geometric,MFI-Geometric,0,1.8,1.5,1.2,0.0,0.0,6000.0,4.3198050458290644e+33,3.3234405520566814e+32,0.06485324848851759,3.599837538190888e+31,0.0,0.0,inf,0.07693496620329172
head_on_circle,apf,APF,0,1.8,1.5,1.2,1.0,1.0,1261.0,26.175481767577494,0.15146695171889973,0.5972756328086979,1.037891113102331,0.0,0.0,1190.0,0.4549270418564874
head_on_circle,haddadin,Haddadin,0,1.8,1.5,1.2,0.0,0.0,183.0,4.23405062954626,8.318682305961978,-0.13458858229433535,1.1568805285272001,1.0,1.0,inf,0.9016227499082575
head_on_circle,sabattini,Sabattini,0,1.8,1.5,1.2,0.0,0.0,190.0,3.4249859384095394,9.068796719024643,-0.005377215769774013,0.9013468534928496,1.0,1.0,inf,0.8884401628267544
head_on_circle,paper_pd,MFI-PD,1,1.8,1.5,1.2,1.0,1.0,1154.0,14.222207364979461,0.1511825728325217,0.44397803817019543,0.6162490893900755,0.0,0.0,1078.0,0.8337687320591961
head_on_circle,paper_geometric,MFI-Geometric,1,1.8,1.5,1.2,0.0,0.0,6000.0,1.1132218136531944e+34,8.564568261017559e+32,0.029708006130358733,9.27684844710995e+31,0.0,1.0,inf,0.07693496620329168
head_on_circle,apf,APF,1,1.8,1.5,1.2,1.0,1.0,1269.0,26.156231509231773,0.15125828744651237,0.5967859945659586,1.0306167504875998,0.0,0.0,1197.0,0.4552962547799259
head_on_circle,haddadin,Haddadin,1,1.8,1.5,1.2,0.0,0.0,191.0,3.869230919731456,8.465814750255326,-0.04829745490646831,1.0131027586060102,1.0,1.0,inf,0.9344101624033802
head_on_circle,sabattini,Sabattini,1,1.8,1.5,1.2,0.0,0.0,200.0,3.7479858561070745,8.755527275308237,-0.006297563690982555,0.9372018685626436,1.0,1.0,inf,0.89569205686204
head_on_circle,paper_pd,MFI-PD,2,1.8,1.5,1.2,1.0,1.0,1160.0,14.210678155077925,0.1508953678208367,0.4800600362901435,0.6125517630827341,0.0,0.0,1083.0,0.834470610838365
head_on_circle,paper_geometric,MFI-Geometric,2,1.8,1.5,1.2,1.0,1.0,1244.0,48.759034745256336,0.15111594355703256,0.0757068699547252,1.959789288331903,0.0,0.0,1055.0,0.24768773891819595
head_on_circle,apf,APF,2,1.8,1.5,1.2,1.0,1.0,1282.0,26.46122734976928,0.15130928992080364,0.596015409581421,1.0320495358116537,0.0,0.0,1211.0,0.4500239087970904
head_on_circle,haddadin,Haddadin,2,1.8,1.5,1.2,1.0,1.0,1298.0,53.37531881808514,0.146428273719396,0.06617860512333684,2.056080183610422,0.0,0.0,1236.0,0.22689246859938333
head_on_circle,sabattini,Sabattini,2,1.8,1.5,1.2,0.0,0.0,209.0,3.9681802030002347,8.565863369730428,-0.013972994471124878,0.9494504668520855,1.0,1.0,inf,0.894484755682808
head_on_circle,paper_pd,MFI-PD,3,1.8,1.5,1.2,1.0,1.0,1084.0,13.94517766982574,0.15043494292959278,0.6021538260286023,0.6433456335266162,0.0,0.0,1002.0,0.8507507867462487
head_on_circle,paper_geometric,MFI-Geometric,3,1.8,1.5,1.2,1.0,1.0,986.0,17.72588824482109,0.0987781064662663,0.1526836890589116,0.8990083118586407,0.0,0.0,464.0,0.6826084408145113
head_on_circle,apf,APF,3,1.8,1.5,1.2,1.0,1.0,1217.0,24.19731522502796,0.15022859602340885,0.6072049490243505,0.9942428467567489,0.0,0.0,1144.0,0.4918446712338911
head_on_circle,haddadin,Haddadin,3,1.8,1.5,1.2,0.0,0.0,2160.0,1276.3460423518895,0.15049180488598235,0.01130586669098399,29.545106435576905,0.0,1.0,1368.0,0.009420674884427702
head_on_circle,sabattini,Sabattini,3,1.8,1.5,1.2,0.0,0.0,1017.0,12.99048240821748,0.150497960465221,0.04246549351000928,0.6387924323131158,0.0,1.0,935.0,0.9149666593999853
head_on_circle,paper_pd,MFI-PD,4,1.8,1.5,1.2,1.0,1.0,1147.0,14.347825324716075,0.15128279183421842,0.32586745757350144,0.6254577176115256,0.0,0.0,1072.0,0.8264484990527813
head_on_circle,paper_geometric,MFI-Geometric,4,1.8,1.5,1.2,0.0,0.0,6000.0,6.255001899082934e+35,4.812283597074711e+34,0.0007966822876623869,5.212501582569109e+33,0.0,1.0,inf,0.07693496620329174
head_on_circle,apf,APF,4,1.8,1.5,1.2,1.0,1.0,1250.0,25.76468223375537,0.15136620286704397,0.5980898933989063,1.030594278041907,0.0,0.0,1179.0,0.4622031123122483
head_on_circle,haddadin,Haddadin,4,1.8,1.5,1.2,0.0,0.0,178.0,3.311409336641566,8.978031996194588,-0.004290973610783122,0.9302202398690707,1.0,1.0,inf,0.9339949560196418
head_on_circle,sabattini,Sabattini,4,1.8,1.5,1.2,0.0,0.0,185.0,3.2915246178590682,9.187192280735008,-0.013530963362966109,0.8896484689598364,1.0,1.0,inf,0.8873940933385996
