scenario,method,status,success,goal_reached_once,steps,path_length,final_goal_distance,min_clearance,mean_speed,collision,safety_violation,time_to_goal_steps,path_efficiency,webots_exit_code,world_path,scale
moving_sphere_crossing_3d,paper_pd_3d,goal_reached,1.0,1.0,742.0,5.403441189411259,0.1692659529750644,1.1460748166928854,0.2275708048101104,0.0,0.0,670.0,0.5923027448948457,0.0,/Users/ahmadataka/Documents/Bitbucket - Ataka/magnetic-field-inspired-navigation/webots/worlds/generated/crazyflie/dynamic/moving_sphere_crossing_3d/moving_sphere_crossing_3d.wbt,0.29090909090909095
moving_sphere_crossing_3d,paper_geometric_3d,goal_reached,1.0,1.0,646.0,5.0452023183374735,0.1453381055841515,1.3383840048052034,0.24405970967189805,0.0,0.0,611.0,0.6272702567356399,0.0,/Users/ahmadataka/Documents/Bitbucket - Ataka/magnetic-field-inspired-navigation/webots/worlds/generated/crazyflie/dynamic/moving_sphere_crossing_3d/moving_sphere_crossing_3d.wbt,0.29090909090909095
moving_sphere_crossing_3d,apf_3d,goal_reached,1.0,1.0,550.0,4.588102770515475,0.16852941585413916,0.9754929172091107,0.2606876574156519,0.0,0.0,520.0,0.6852124509215904,0.0,/Users/ahmadataka/Documents/Bitbucket - Ataka/magnetic-field-inspired-navigation/webots/worlds/generated/crazyflie/dynamic/moving_sphere_crossing_3d/moving_sphere_crossing_3d.wbt,0.29090909090909095
moving_sphere_crossing_3d,haddadin_3d,goal_reached,1.0,1.0,713.0,7.7173674189000705,0.13575013722493381,1.0387062259511572,0.33824366317058524,0.0,0.0,674.0,0.4307966655815818,0.0,/Users/ahmadataka/Documents/Bitbucket - Ataka/magnetic-field-inspired-navigation/webots/worlds/generated/crazyflie/dynamic/moving_sphere_crossing_3d/moving_sphere_crossing_3d.wbt,0.29090909090909095
moving_sphere_crossing_3d,sabattini_3d,goal_reached,1.0,1.0,451.0,4.200226906152962,0.17470043785199427,0.7317616555728603,0.2910356780870959,0.0,0.0,427.0,0.7479359543877434,0.0,/Users/ahmadataka/Documents/Bitbucket - Ataka/magnetic-field-inspired-navigation/webots/worlds/generated/crazyflie/dynamic/moving_sphere_crossing_3d/moving_sphere_crossing_3d.wbt,0.29090909090909095
head_on_sphere_3d,paper_pd_3d,goal_reached,1.0,1.0,1057.0,8.009023994344746,0.17989481340211577,0.34631651915110334,0.23678524108162086,0.0,0.0,1014.0,0.41828981255885006,0.0,/Users/ahmadataka/Documents/Bitbucket - Ataka/magnetic-field-inspired-navigation/webots/worlds/generated/crazyflie/dynamic/head_on_sphere_3d/head_on_sphere_3d.wbt,0.2782608695652174
head_on_sphere_3d,paper_geometric_3d,goal_reached,1.0,1.0,1899.0,16.520949089058075,0.17989767349454422,0.39920973471338767,0.2718692253991911,0.0,0.0,1875.0,0.1962979099730863,0.0,/Users/ahmadataka/Documents/Bitbucket - Ataka/magnetic-field-inspired-navigation/webots/worlds/generated/crazyflie/dynamic/head_on_sphere_3d/head_on_sphere_3d.wbt,0.2782608695652174
head_on_sphere_3d,apf_3d,goal_reached,1.0,1.0,1049.0,7.6048863543414935,0.17081989940526826,0.41990979249882027,0.22655166689530176,0.0,0.0,1022.0,0.4385069972811369,0.0,/Users/ahmadataka/Documents/Bitbucket - Ataka/magnetic-field-inspired-navigation/webots/worlds/generated/crazyflie/dynamic/head_on_sphere_3d/head_on_sphere_3d.wbt,0.2782608695652174
head_on_sphere_3d,haddadin_3d,goal_reached,0.0,0.0,679.0,8.320317605882018,0.03145442808661002,-0.09785517107825509,0.382930670373804,1.0,1.0,563.0,0.3909967104142422,0.0,/Users/ahmadataka/Documents/Bitbucket - Ataka/magnetic-field-inspired-navigation/webots/worlds/generated/crazyflie/dynamic/head_on_sphere_3d/head_on_sphere_3d.wbt,0.2782608695652174
head_on_sphere_3d,sabattini_3d,collision,0.0,0.0,501.0,5.432814917670989,0.9230645163019792,-0.13488724378460637,0.33887318598247174,1.0,1.0,inf,0.4476132229926136,2.0,/Users/ahmadataka/Documents/Bitbucket - Ataka/magnetic-field-inspired-navigation/webots/worlds/generated/crazyflie/dynamic/head_on_sphere_3d/head_on_sphere_3d.wbt,0.2782608695652174
wandering_sphere_3d,paper_pd_3d,goal_reached,1.0,1.0,645.0,5.162617608966505,0.15642220352335606,0.4961249921785031,0.2501268221398504,0.0,0.0,614.0,0.6134724899915853,0.0,/Users/ahmadataka/Documents/Bitbucket - Ataka/magnetic-field-inspired-navigation/webots/worlds/generated/crazyflie/dynamic/wandering_sphere_3d/wandering_sphere_3d.wbt,0.26666666666666666
wandering_sphere_3d,paper_geometric_3d,goal_reached,1.0,1.0,741.0,5.714879292488075,0.17378808442325971,0.6630138940240664,0.24101211591127167,0.0,0.0,710.0,0.5886390269029618,0.0,/Users/ahmadataka/Documents/Bitbucket - Ataka/magnetic-field-inspired-navigation/webots/worlds/generated/crazyflie/dynamic/wandering_sphere_3d/wandering_sphere_3d.wbt,0.26666666666666666
wandering_sphere_3d,apf_3d,goal_reached,1.0,1.0,1366.0,14.765386891550161,0.1784649010716635,0.49108778593076213,0.3377879504838527,0.0,0.0,1322.0,0.23160879004684148,0.0,/Users/ahmadataka/Documents/Bitbucket - Ataka/magnetic-field-inspired-navigation/webots/worlds/generated/crazyflie/dynamic/wandering_sphere_3d/wandering_sphere_3d.wbt,0.26666666666666666
wandering_sphere_3d,haddadin_3d,goal_reached,1.0,1.0,768.0,6.251715233947943,0.07937642471954913,0.8415283731285821,0.25438294408967865,0.0,0.0,750.0,0.5310613329037972,0.0,/Users/ahmadataka/Documents/Bitbucket - Ataka/magnetic-field-inspired-navigation/webots/worlds/generated/crazyflie/dynamic/wandering_sphere_3d/wandering_sphere_3d.wbt,0.26666666666666666
wandering_sphere_3d,sabattini_3d,collision,0.0,0.0,565.0,7.695215471388906,1.8812612975242557,0.44922530328466287,0.4256203247449614,0.0,0.0,inf,0.1895357854946002,2.0,/Users/ahmadataka/Documents/Bitbucket - Ataka/magnetic-field-inspired-navigation/webots/worlds/generated/crazyflie/dynamic/wandering_sphere_3d/wandering_sphere_3d.wbt,0.26666666666666666
